partition,partition_codon_range,program,gene,branch,GTR,sites,alpha,beta,beta-alpha,Prob[alpha>beta],Prob[alpha<beta],BayesFactor[alpha<beta]
0,0-38,FUBAR,FMO1,FMO1_AOTUS_NANCYMAAE_ENSANAT00000040521_ENSANAP00000022623_CANONICAL,1e-06,"[1, 5, 6, 13, 14, 16, 25, 28, 35, 38]","[2.409475980279284, 8.486890954170898, 5.088134327128884, 13.34983584417301, 5.778494439335984, 5.404510242361079, 4.892684003673326, 2.336635454854827, 8.62558307716302, 4.143980686736421]","[0.09151206933893358, 0.4091710548412059, 0.3562500063399788, 0.542510738569132, 0.5168913260977387, 0.4734510487681998, 0.6294052702452029, 0.1098069155377244, 0.841626343881274, 0.1262956913344725]","[-2.317963910940351, -8.077719899329692, -4.731884320788906, -12.80732510560388, -5.261603113238245, -4.931059193592879, -4.263278733428123, -2.226828539317103, -7.783956733281745, -4.017684995401948]","[0.9079388235811421, 0.993931414589903, 0.9713587922589346, 0.978557041528829, 0.9553900205488887, 0.9541955855309238, 0.9386150944957626, 0.9819922611922585, 0.932966758813489, 0.9903709777876079]","[0.05625645114710055, 0.002981858596962361, 0.01971379476664828, 0.01475417624382832, 0.03146933171854612, 0.03255960289623159, 0.04139977176201016, 0.01276995147852491, 0.04096108997558803, 0.006522902828928513]","[0.1249410622371609, 0.006268604097611051, 0.04215064238546989, 0.03138753588936737, 0.06810217796920633, 0.07054102069096592, 0.09052056933294061, 0.02711176175695462, 0.08952042493745951, 0.01376163095641808]"
0,0-38,FUBAR,FMO1,FMO1_AOTUS_NANCYMAAE_ENSANAT00000040527_ENSANAP00000022629_ALTERNATIVE,1e-06,"[1, 5, 6, 13, 14, 16, 25, 28, 35, 38]","[2.409475980279284, 8.486890954170898, 5.088134327128884, 13.34983584417301, 5.778494439335984, 5.404510242361079, 4.892684003673326, 2.336635454854827, 8.62558307716302, 4.143980686736421]","[0.09151206933893358, 0.4091710548412059, 0.3562500063399788, 0.542510738569132, 0.5168913260977387, 0.4734510487681998, 0.6294052702452029, 0.1098069155377244, 0.841626343881274, 0.1262956913344725]","[-2.317963910940351, -8.077719899329692, -4.731884320788906, -12.80732510560388, -5.261603113238245, -4.931059193592879, -4.263278733428123, -2.226828539317103, -7.783956733281745, -4.017684995401948]","[0.9079388235811421, 0.993931414589903, 0.9713587922589346, 0.978557041528829, 0.9553900205488887, 0.9541955855309238, 0.9386150944957626, 0.9819922611922585, 0.932966758813489, 0.9903709777876079]","[0.05625645114710055, 0.002981858596962361, 0.01971379476664828, 0.01475417624382832, 0.03146933171854612, 0.03255960289623159, 0.04139977176201016, 0.01276995147852491, 0.04096108997558803, 0.006522902828928513]","[0.1249410622371609, 0.006268604097611051, 0.04215064238546989, 0.03138753588936737, 0.06810217796920633, 0.07054102069096592, 0.09052056933294061, 0.02711176175695462, 0.08952042493745951, 0.01376163095641808]"
0,0-38,FUBAR,FMO1,FMO1_AOTUS_NANCYMAAE_ENSANAT00000040529_ENSANAP00000022632_ALTERNATIVE,1e-06,"[1, 5, 6, 13, 14, 16, 25, 28, 35, 38]","[2.409475980279284, 8.486890954170898, 5.088134327128884, 13.34983584417301, 5.778494439335984, 5.404510242361079, 4.892684003673326, 2.336635454854827, 8.62558307716302, 4.143980686736421]","[0.09151206933893358, 0.4091710548412059, 0.3562500063399788, 0.542510738569132, 0.5168913260977387, 0.4734510487681998, 0.6294052702452029, 0.1098069155377244, 0.841626343881274, 0.1262956913344725]","[-2.317963910940351, -8.077719899329692, -4.731884320788906, -12.80732510560388, -5.261603113238245, -4.931059193592879, -4.263278733428123, -2.226828539317103, -7.783956733281745, -4.017684995401948]","[0.9079388235811421, 0.993931414589903, 0.9713587922589346, 0.978557041528829, 0.9553900205488887, 0.9541955855309238, 0.9386150944957626, 0.9819922611922585, 0.932966758813489, 0.9903709777876079]","[0.05625645114710055, 0.002981858596962361, 0.01971379476664828, 0.01475417624382832, 0.03146933171854612, 0.03255960289623159, 0.04139977176201016, 0.01276995147852491, 0.04096108997558803, 0.006522902828928513]","[0.1249410622371609, 0.006268604097611051, 0.04215064238546989, 0.03138753588936737, 0.06810217796920633, 0.07054102069096592, 0.09052056933294061, 0.02711176175695462, 0.08952042493745951, 0.01376163095641808]"
0,0-38,FUBAR,FMO1,FMO1_CALLITHRIX_JACCHUS_ENSCJAT00000019060_ENSCJAP00000018032_CANONICAL,1e-06,"[1, 5, 6, 13, 14, 16, 25, 28, 35, 38]","[2.409475980279284, 8.486890954170898, 5.088134327128884, 13.34983584417301, 5.778494439335984, 5.404510242361079, 4.892684003673326, 2.336635454854827, 8.62558307716302, 4.143980686736421]","[0.09151206933893358, 0.4091710548412059, 0.3562500063399788, 0.542510738569132, 0.5168913260977387, 0.4734510487681998, 0.6294052702452029, 0.1098069155377244, 0.841626343881274, 0.1262956913344725]","[-2.317963910940351, -8.077719899329692, -4.731884320788906, -12.80732510560388, -5.261603113238245, -4.931059193592879, -4.263278733428123, -2.226828539317103, -7.783956733281745, -4.017684995401948]","[0.9079388235811421, 0.993931414589903, 0.9713587922589346, 0.978557041528829, 0.9553900205488887, 0.9541955855309238, 0.9386150944957626, 0.9819922611922585, 0.932966758813489, 0.9903709777876079]","[0.05625645114710055, 0.002981858596962361, 0.01971379476664828, 0.01475417624382832, 0.03146933171854612, 0.03255960289623159, 0.04139977176201016, 0.01276995147852491, 0.04096108997558803, 0.006522902828928513]","[0.1249410622371609, 0.006268604097611051, 0.04215064238546989, 0.03138753588936737, 0.06810217796920633, 0.07054102069096592, 0.09052056933294061, 0.02711176175695462, 0.08952042493745951, 0.01376163095641808]"
0,0-38,FUBAR,FMO1,FMO1_CALLITHRIX_JACCHUS_ENSCJAT00000052379_ENSCJAP00000044206_ALTERNATIVE,1e-06,"[1, 5, 6, 13, 14, 16, 25, 28, 35, 38]","[2.409475980279284, 8.486890954170898, 5.088134327128884, 13.34983584417301, 5.778494439335984, 5.404510242361079, 4.892684003673326, 2.336635454854827, 8.62558307716302, 4.143980686736421]","[0.09151206933893358, 0.4091710548412059, 0.3562500063399788, 0.542510738569132, 0.5168913260977387, 0.4734510487681998, 0.6294052702452029, 0.1098069155377244, 0.841626343881274, 0.1262956913344725]","[-2.317963910940351, -8.077719899329692, -4.731884320788906, -12.80732510560388, -5.261603113238245, -4.931059193592879, -4.263278733428123, -2.226828539317103, -7.783956733281745, -4.017684995401948]","[0.9079388235811421, 0.993931414589903, 0.9713587922589346, 0.978557041528829, 0.9553900205488887, 0.9541955855309238, 0.9386150944957626, 0.9819922611922585, 0.932966758813489, 0.9903709777876079]","[0.05625645114710055, 0.002981858596962361, 0.01971379476664828, 0.01475417624382832, 0.03146933171854612, 0.03255960289623159, 0.04139977176201016, 0.01276995147852491, 0.04096108997558803, 0.006522902828928513]","[0.1249410622371609, 0.006268604097611051, 0.04215064238546989, 0.03138753588936737, 0.06810217796920633, 0.07054102069096592, 0.09052056933294061, 0.02711176175695462, 0.08952042493745951, 0.01376163095641808]"
0,0-38,FUBAR,FMO1,FMO1_CALLITHRIX_JACCHUS_ENSCJAT00000097757_ENSCJAP00000072636_ALTERNATIVE,1e-06,"[1, 5, 6, 13, 14, 16, 25, 28, 35, 38]","[2.409475980279284, 8.486890954170898, 5.088134327128884, 13.34983584417301, 5.778494439335984, 5.404510242361079, 4.892684003673326, 2.336635454854827, 8.62558307716302, 4.143980686736421]","[0.09151206933893358, 0.4091710548412059, 0.3562500063399788, 0.542510738569132, 0.5168913260977387, 0.4734510487681998, 0.6294052702452029, 0.1098069155377244, 0.841626343881274, 0.1262956913344725]","[-2.317963910940351, -8.077719899329692, -4.731884320788906, -12.80732510560388, -5.261603113238245, -4.931059193592879, -4.263278733428123, -2.226828539317103, -7.783956733281745, -4.017684995401948]","[0.9079388235811421, 0.993931414589903, 0.9713587922589346, 0.978557041528829, 0.9553900205488887, 0.9541955855309238, 0.9386150944957626, 0.9819922611922585, 0.932966758813489, 0.9903709777876079]","[0.05625645114710055, 0.002981858596962361, 0.01971379476664828, 0.01475417624382832, 0.03146933171854612, 0.03255960289623159, 0.04139977176201016, 0.01276995147852491, 0.04096108997558803, 0.006522902828928513]","[0.1249410622371609, 0.006268604097611051, 0.04215064238546989, 0.03138753588936737, 0.06810217796920633, 0.07054102069096592, 0.09052056933294061, 0.02711176175695462, 0.08952042493745951, 0.01376163095641808]"
0,0-38,FUBAR,FMO1,FMO1_CERCOCEBUS_ATYS_ENSCATT00000036726_ENSCATP00000012594_CANONICAL,1e-06,"[1, 5, 6, 13, 14, 16, 25, 28, 35, 38]","[2.409475980279284, 8.486890954170898, 5.088134327128884, 13.34983584417301, 5.778494439335984, 5.404510242361079, 4.892684003673326, 2.336635454854827, 8.62558307716302, 4.143980686736421]","[0.09151206933893358, 0.4091710548412059, 0.3562500063399788, 0.542510738569132, 0.5168913260977387, 0.4734510487681998, 0.6294052702452029, 0.1098069155377244, 0.841626343881274, 0.1262956913344725]","[-2.317963910940351, -8.077719899329692, -4.731884320788906, -12.80732510560388, -5.261603113238245, -4.931059193592879, -4.263278733428123, -2.226828539317103, -7.783956733281745, -4.017684995401948]","[0.9079388235811421, 0.993931414589903, 0.9713587922589346, 0.978557041528829, 0.9553900205488887, 0.9541955855309238, 0.9386150944957626, 0.9819922611922585, 0.932966758813489, 0.9903709777876079]","[0.05625645114710055, 0.002981858596962361, 0.01971379476664828, 0.01475417624382832, 0.03146933171854612, 0.03255960289623159, 0.04139977176201016, 0.01276995147852491, 0.04096108997558803, 0.006522902828928513]","[0.1249410622371609, 0.006268604097611051, 0.04215064238546989, 0.03138753588936737, 0.06810217796920633, 0.07054102069096592, 0.09052056933294061, 0.02711176175695462, 0.08952042493745951, 0.01376163095641808]"
0,0-38,FUBAR,FMO1,FMO1_CERCOCEBUS_ATYS_ENSCATT00000036730_ENSCATP00000012598_ALTERNATIVE,1e-06,"[1, 5, 6, 13, 14, 16, 25, 28, 35, 38]","[2.409475980279284, 8.486890954170898, 5.088134327128884, 13.34983584417301, 5.778494439335984, 5.404510242361079, 4.892684003673326, 2.336635454854827, 8.62558307716302, 4.143980686736421]","[0.09151206933893358, 0.4091710548412059, 0.3562500063399788, 0.542510738569132, 0.5168913260977387, 0.4734510487681998, 0.6294052702452029, 0.1098069155377244, 0.841626343881274, 0.1262956913344725]","[-2.317963910940351, -8.077719899329692, -4.731884320788906, -12.80732510560388, -5.261603113238245, -4.931059193592879, -4.263278733428123, -2.226828539317103, -7.783956733281745, -4.017684995401948]","[0.9079388235811421, 0.993931414589903, 0.9713587922589346, 0.978557041528829, 0.9553900205488887, 0.9541955855309238, 0.9386150944957626, 0.9819922611922585, 0.932966758813489, 0.9903709777876079]","[0.05625645114710055, 0.002981858596962361, 0.01971379476664828, 0.01475417624382832, 0.03146933171854612, 0.03255960289623159, 0.04139977176201016, 0.01276995147852491, 0.04096108997558803, 0.006522902828928513]","[0.1249410622371609, 0.006268604097611051, 0.04215064238546989, 0.03138753588936737, 0.06810217796920633, 0.07054102069096592, 0.09052056933294061, 0.02711176175695462, 0.08952042493745951, 0.01376163095641808]"
0,0-38,FUBAR,FMO1,FMO1_CERCOCEBUS_ATYS_ENSCATT00000036738_ENSCATP00000012607_ALTERNATIVE,1e-06,"[1, 5, 6, 13, 14, 16, 25, 28, 35, 38]","[2.409475980279284, 8.486890954170898, 5.088134327128884, 13.34983584417301, 5.778494439335984, 5.404510242361079, 4.892684003673326, 2.336635454854827, 8.62558307716302, 4.143980686736421]","[0.09151206933893358, 0.4091710548412059, 0.3562500063399788, 0.542510738569132, 0.5168913260977387, 0.4734510487681998, 0.6294052702452029, 0.1098069155377244, 0.841626343881274, 0.1262956913344725]","[-2.317963910940351, -8.077719899329692, -4.731884320788906, -12.80732510560388, -5.261603113238245, -4.931059193592879, -4.263278733428123, -2.226828539317103, -7.783956733281745, -4.017684995401948]","[0.9079388235811421, 0.993931414589903, 0.9713587922589346, 0.978557041528829, 0.9553900205488887, 0.9541955855309238, 0.9386150944957626, 0.9819922611922585, 0.932966758813489, 0.9903709777876079]","[0.05625645114710055, 0.002981858596962361, 0.01971379476664828, 0.01475417624382832, 0.03146933171854612, 0.03255960289623159, 0.04139977176201016, 0.01276995147852491, 0.04096108997558803, 0.006522902828928513]","[0.1249410622371609, 0.006268604097611051, 0.04215064238546989, 0.03138753588936737, 0.06810217796920633, 0.07054102069096592, 0.09052056933294061, 0.02711176175695462, 0.08952042493745951, 0.01376163095641808]"
0,0-38,FUBAR,FMO1,FMO1_CERCOCEBUS_ATYS_ENSCATT00000036743_ENSCATP00000012611_ALTERNATIVE,1e-06,"[1, 5, 6, 13, 14, 16, 25, 28, 35, 38]","[2.409475980279284, 8.486890954170898, 5.088134327128884, 13.34983584417301, 5.778494439335984, 5.404510242361079, 4.892684003673326, 2.336635454854827, 8.62558307716302, 4.143980686736421]","[0.09151206933893358, 0.4091710548412059, 0.3562500063399788, 0.542510738569132, 0.5168913260977387, 0.4734510487681998, 0.6294052702452029, 0.1098069155377244, 0.841626343881274, 0.1262956913344725]","[-2.317963910940351, -8.077719899329692, -4.731884320788906, -12.80732510560388, -5.261603113238245, -4.931059193592879, -4.263278733428123, -2.226828539317103, -7.783956733281745, -4.017684995401948]","[0.9079388235811421, 0.993931414589903, 0.9713587922589346, 0.978557041528829, 0.9553900205488887, 0.9541955855309238, 0.9386150944957626, 0.9819922611922585, 0.932966758813489, 0.9903709777876079]","[0.05625645114710055, 0.002981858596962361, 0.01971379476664828, 0.01475417624382832, 0.03146933171854612, 0.03255960289623159, 0.04139977176201016, 0.01276995147852491, 0.04096108997558803, 0.006522902828928513]","[0.1249410622371609, 0.006268604097611051, 0.04215064238546989, 0.03138753588936737, 0.06810217796920633, 0.07054102069096592, 0.09052056933294061, 0.02711176175695462, 0.08952042493745951, 0.01376163095641808]"
0,0-38,FUBAR,FMO1,FMO1_CHLOROCEBUS_SABAEUS_ENSCSAT00000009703_ENSCSAP00000007811_CANONICAL,1e-06,"[1, 5, 6, 13, 14, 16, 25, 28, 35, 38]","[2.409475980279284, 8.486890954170898, 5.088134327128884, 13.34983584417301, 5.778494439335984, 5.404510242361079, 4.892684003673326, 2.336635454854827, 8.62558307716302, 4.143980686736421]","[0.09151206933893358, 0.4091710548412059, 0.3562500063399788, 0.542510738569132, 0.5168913260977387, 0.4734510487681998, 0.6294052702452029, 0.1098069155377244, 0.841626343881274, 0.1262956913344725]","[-2.317963910940351, -8.077719899329692, -4.731884320788906, -12.80732510560388, -5.261603113238245, -4.931059193592879, -4.263278733428123, -2.226828539317103, -7.783956733281745, -4.017684995401948]","[0.9079388235811421, 0.993931414589903, 0.9713587922589346, 0.978557041528829, 0.9553900205488887, 0.9541955855309238, 0.9386150944957626, 0.9819922611922585, 0.932966758813489, 0.9903709777876079]","[0.05625645114710055, 0.002981858596962361, 0.01971379476664828, 0.01475417624382832, 0.03146933171854612, 0.03255960289623159, 0.04139977176201016, 0.01276995147852491, 0.04096108997558803, 0.006522902828928513]","[0.1249410622371609, 0.006268604097611051, 0.04215064238546989, 0.03138753588936737, 0.06810217796920633, 0.07054102069096592, 0.09052056933294061, 0.02711176175695462, 0.08952042493745951, 0.01376163095641808]"
0,0-38,FUBAR,FMO1,FMO1_COLOBUS_ANGOLENSIS_PALLIATUS_ENSCANT00000054404_ENSCANP00000031188_ALTERNATIVE,1e-06,"[1, 5, 6, 13, 14, 16, 25, 28, 35, 38]","[2.409475980279284, 8.486890954170898, 5.088134327128884, 13.34983584417301, 5.778494439335984, 5.404510242361079, 4.892684003673326, 2.336635454854827, 8.62558307716302, 4.143980686736421]","[0.09151206933893358, 0.4091710548412059, 0.3562500063399788, 0.542510738569132, 0.5168913260977387, 0.4734510487681998, 0.6294052702452029, 0.1098069155377244, 0.841626343881274, 0.1262956913344725]","[-2.317963910940351, -8.077719899329692, -4.731884320788906, -12.80732510560388, -5.261603113238245, -4.931059193592879, -4.263278733428123, -2.226828539317103, -7.783956733281745, -4.017684995401948]","[0.9079388235811421, 0.993931414589903, 0.9713587922589346, 0.978557041528829, 0.9553900205488887, 0.9541955855309238, 0.9386150944957626, 0.9819922611922585, 0.932966758813489, 0.9903709777876079]","[0.05625645114710055, 0.002981858596962361, 0.01971379476664828, 0.01475417624382832, 0.03146933171854612, 0.03255960289623159, 0.04139977176201016, 0.01276995147852491, 0.04096108997558803, 0.006522902828928513]","[0.1249410622371609, 0.006268604097611051, 0.04215064238546989, 0.03138753588936737, 0.06810217796920633, 0.07054102069096592, 0.09052056933294061, 0.02711176175695462, 0.08952042493745951, 0.01376163095641808]"
0,0-38,FUBAR,FMO1,FMO1_COLOBUS_ANGOLENSIS_PALLIATUS_ENSCANT00000054410_ENSCANP00000031194_CANONICAL,1e-06,"[1, 5, 6, 13, 14, 16, 25, 28, 35, 38]","[2.409475980279284, 8.486890954170898, 5.088134327128884, 13.34983584417301, 5.778494439335984, 5.404510242361079, 4.892684003673326, 2.336635454854827, 8.62558307716302, 4.143980686736421]","[0.09151206933893358, 0.4091710548412059, 0.3562500063399788, 0.542510738569132, 0.5168913260977387, 0.4734510487681998, 0.6294052702452029, 0.1098069155377244, 0.841626343881274, 0.1262956913344725]","[-2.317963910940351, -8.077719899329692, -4.731884320788906, -12.80732510560388, -5.261603113238245, -4.931059193592879, -4.263278733428123, -2.226828539317103, -7.783956733281745, -4.017684995401948]","[0.9079388235811421, 0.993931414589903, 0.9713587922589346, 0.978557041528829, 0.9553900205488887, 0.9541955855309238, 0.9386150944957626, 0.9819922611922585, 0.932966758813489, 0.9903709777876079]","[0.05625645114710055, 0.002981858596962361, 0.01971379476664828, 0.01475417624382832, 0.03146933171854612, 0.03255960289623159, 0.04139977176201016, 0.01276995147852491, 0.04096108997558803, 0.006522902828928513]","[0.1249410622371609, 0.006268604097611051, 0.04215064238546989, 0.03138753588936737, 0.06810217796920633, 0.07054102069096592, 0.09052056933294061, 0.02711176175695462, 0.08952042493745951, 0.01376163095641808]"
0,0-38,FUBAR,FMO1,FMO1_COLOBUS_ANGOLENSIS_PALLIATUS_ENSCANT00000054415_ENSCANP00000031199_ALTERNATIVE,1e-06,"[1, 5, 6, 13, 14, 16, 25, 28, 35, 38]","[2.409475980279284, 8.486890954170898, 5.088134327128884, 13.34983584417301, 5.778494439335984, 5.404510242361079, 4.892684003673326, 2.336635454854827, 8.62558307716302, 4.143980686736421]","[0.09151206933893358, 0.4091710548412059, 0.3562500063399788, 0.542510738569132, 0.5168913260977387, 0.4734510487681998, 0.6294052702452029, 0.1098069155377244, 0.841626343881274, 0.1262956913344725]","[-2.317963910940351, -8.077719899329692, -4.731884320788906, -12.80732510560388, -5.261603113238245, -4.931059193592879, -4.263278733428123, -2.226828539317103, -7.783956733281745, -4.017684995401948]","[0.9079388235811421, 0.993931414589903, 0.9713587922589346, 0.978557041528829, 0.9553900205488887, 0.9541955855309238, 0.9386150944957626, 0.9819922611922585, 0.932966758813489, 0.9903709777876079]","[0.05625645114710055, 0.002981858596962361, 0.01971379476664828, 0.01475417624382832, 0.03146933171854612, 0.03255960289623159, 0.04139977176201016, 0.01276995147852491, 0.04096108997558803, 0.006522902828928513]","[0.1249410622371609, 0.006268604097611051, 0.04215064238546989, 0.03138753588936737, 0.06810217796920633, 0.07054102069096592, 0.09052056933294061, 0.02711176175695462, 0.08952042493745951, 0.01376163095641808]"
0,0-38,FUBAR,FMO1,FMO1_GORILLA_GORILLA_ENSGGOT00000010980_ENSGGOP00000010662_CANONICAL,1e-06,"[1, 5, 6, 13, 14, 16, 25, 28, 35, 38]","[2.409475980279284, 8.486890954170898, 5.088134327128884, 13.34983584417301, 5.778494439335984, 5.404510242361079, 4.892684003673326, 2.336635454854827, 8.62558307716302, 4.143980686736421]","[0.09151206933893358, 0.4091710548412059, 0.3562500063399788, 0.542510738569132, 0.5168913260977387, 0.4734510487681998, 0.6294052702452029, 0.1098069155377244, 0.841626343881274, 0.1262956913344725]","[-2.317963910940351, -8.077719899329692, -4.731884320788906, -12.80732510560388, -5.261603113238245, -4.931059193592879, -4.263278733428123, -2.226828539317103, -7.783956733281745, -4.017684995401948]","[0.9079388235811421, 0.993931414589903, 0.9713587922589346, 0.978557041528829, 0.9553900205488887, 0.9541955855309238, 0.9386150944957626, 0.9819922611922585, 0.932966758813489, 0.9903709777876079]","[0.05625645114710055, 0.002981858596962361, 0.01971379476664828, 0.01475417624382832, 0.03146933171854612, 0.03255960289623159, 0.04139977176201016, 0.01276995147852491, 0.04096108997558803, 0.006522902828928513]","[0.1249410622371609, 0.006268604097611051, 0.04215064238546989, 0.03138753588936737, 0.06810217796920633, 0.07054102069096592, 0.09052056933294061, 0.02711176175695462, 0.08952042493745951, 0.01376163095641808]"
0,0-38,FUBAR,FMO1,FMO1_GORILLA_GORILLA_ENSGGOT00000059212_ENSGGOP00000034628_ALTERNATIVE,1e-06,"[1, 5, 6, 13, 14, 16, 25, 28, 35, 38]","[2.409475980279284, 8.486890954170898, 5.088134327128884, 13.34983584417301, 5.778494439335984, 5.404510242361079, 4.892684003673326, 2.336635454854827, 8.62558307716302, 4.143980686736421]","[0.09151206933893358, 0.4091710548412059, 0.3562500063399788, 0.542510738569132, 0.5168913260977387, 0.4734510487681998, 0.6294052702452029, 0.1098069155377244, 0.841626343881274, 0.1262956913344725]","[-2.317963910940351, -8.077719899329692, -4.731884320788906, -12.80732510560388, -5.261603113238245, -4.931059193592879, -4.263278733428123, -2.226828539317103, -7.783956733281745, -4.017684995401948]","[0.9079388235811421, 0.993931414589903, 0.9713587922589346, 0.978557041528829, 0.9553900205488887, 0.9541955855309238, 0.9386150944957626, 0.9819922611922585, 0.932966758813489, 0.9903709777876079]","[0.05625645114710055, 0.002981858596962361, 0.01971379476664828, 0.01475417624382832, 0.03146933171854612, 0.03255960289623159, 0.04139977176201016, 0.01276995147852491, 0.04096108997558803, 0.006522902828928513]","[0.1249410622371609, 0.006268604097611051, 0.04215064238546989, 0.03138753588936737, 0.06810217796920633, 0.07054102069096592, 0.09052056933294061, 0.02711176175695462, 0.08952042493745951, 0.01376163095641808]"
0,0-38,FUBAR,FMO1,FMO1_GORILLA_GORILLA_ENSGGOT00000061100_ENSGGOP00000050705_ALTERNATIVE,1e-06,"[1, 5, 6, 13, 14, 16, 25, 28, 35, 38]","[2.409475980279284, 8.486890954170898, 5.088134327128884, 13.34983584417301, 5.778494439335984, 5.404510242361079, 4.892684003673326, 2.336635454854827, 8.62558307716302, 4.143980686736421]","[0.09151206933893358, 0.4091710548412059, 0.3562500063399788, 0.542510738569132, 0.5168913260977387, 0.4734510487681998, 0.6294052702452029, 0.1098069155377244, 0.841626343881274, 0.1262956913344725]","[-2.317963910940351, -8.077719899329692, -4.731884320788906, -12.80732510560388, -5.261603113238245, -4.931059193592879, -4.263278733428123, -2.226828539317103, -7.783956733281745, -4.017684995401948]","[0.9079388235811421, 0.993931414589903, 0.9713587922589346, 0.978557041528829, 0.9553900205488887, 0.9541955855309238, 0.9386150944957626, 0.9819922611922585, 0.932966758813489, 0.9903709777876079]","[0.05625645114710055, 0.002981858596962361, 0.01971379476664828, 0.01475417624382832, 0.03146933171854612, 0.03255960289623159, 0.04139977176201016, 0.01276995147852491, 0.04096108997558803, 0.006522902828928513]","[0.1249410622371609, 0.006268604097611051, 0.04215064238546989, 0.03138753588936737, 0.06810217796920633, 0.07054102069096592, 0.09052056933294061, 0.02711176175695462, 0.08952042493745951, 0.01376163095641808]"
0,0-38,FUBAR,FMO1,FMO1_HOMO_SAPIENS_ENST00000354841_ENSP00000346901_ALTERNATIVE,1e-06,"[1, 5, 6, 13, 14, 16, 25, 28, 35, 38]","[2.409475980279284, 8.486890954170898, 5.088134327128884, 13.34983584417301, 5.778494439335984, 5.404510242361079, 4.892684003673326, 2.336635454854827, 8.62558307716302, 4.143980686736421]","[0.09151206933893358, 0.4091710548412059, 0.3562500063399788, 0.542510738569132, 0.5168913260977387, 0.4734510487681998, 0.6294052702452029, 0.1098069155377244, 0.841626343881274, 0.1262956913344725]","[-2.317963910940351, -8.077719899329692, -4.731884320788906, -12.80732510560388, -5.261603113238245, -4.931059193592879, -4.263278733428123, -2.226828539317103, -7.783956733281745, -4.017684995401948]","[0.9079388235811421, 0.993931414589903, 0.9713587922589346, 0.978557041528829, 0.9553900205488887, 0.9541955855309238, 0.9386150944957626, 0.9819922611922585, 0.932966758813489, 0.9903709777876079]","[0.05625645114710055, 0.002981858596962361, 0.01971379476664828, 0.01475417624382832, 0.03146933171854612, 0.03255960289623159, 0.04139977176201016, 0.01276995147852491, 0.04096108997558803, 0.006522902828928513]","[0.1249410622371609, 0.006268604097611051, 0.04215064238546989, 0.03138753588936737, 0.06810217796920633, 0.07054102069096592, 0.09052056933294061, 0.02711176175695462, 0.08952042493745951, 0.01376163095641808]"
0,0-38,FUBAR,FMO1,FMO1_HOMO_SAPIENS_ENST00000367750_ENSP00000356724_ALTERNATIVE,1e-06,"[1, 5, 6, 13, 14, 16, 25, 28, 35, 38]","[2.409475980279284, 8.486890954170898, 5.088134327128884, 13.34983584417301, 5.778494439335984, 5.404510242361079, 4.892684003673326, 2.336635454854827, 8.62558307716302, 4.143980686736421]","[0.09151206933893358, 0.4091710548412059, 0.3562500063399788, 0.542510738569132, 0.5168913260977387, 0.4734510487681998, 0.6294052702452029, 0.1098069155377244, 0.841626343881274, 0.1262956913344725]","[-2.317963910940351, -8.077719899329692, -4.731884320788906, -12.80732510560388, -5.261603113238245, -4.931059193592879, -4.263278733428123, -2.226828539317103, -7.783956733281745, -4.017684995401948]","[0.9079388235811421, 0.993931414589903, 0.9713587922589346, 0.978557041528829, 0.9553900205488887, 0.9541955855309238, 0.9386150944957626, 0.9819922611922585, 0.932966758813489, 0.9903709777876079]","[0.05625645114710055, 0.002981858596962361, 0.01971379476664828, 0.01475417624382832, 0.03146933171854612, 0.03255960289623159, 0.04139977176201016, 0.01276995147852491, 0.04096108997558803, 0.006522902828928513]","[0.1249410622371609, 0.006268604097611051, 0.04215064238546989, 0.03138753588936737, 0.06810217796920633, 0.07054102069096592, 0.09052056933294061, 0.02711176175695462, 0.08952042493745951, 0.01376163095641808]"
0,0-38,FUBAR,FMO1,FMO1_HOMO_SAPIENS_ENST00000402921_ENSP00000385543_ALTERNATIVE,1e-06,"[1, 5, 6, 13, 14, 16, 25, 28, 35, 38]","[2.409475980279284, 8.486890954170898, 5.088134327128884, 13.34983584417301, 5.778494439335984, 5.404510242361079, 4.892684003673326, 2.336635454854827, 8.62558307716302, 4.143980686736421]","[0.09151206933893358, 0.4091710548412059, 0.3562500063399788, 0.542510738569132, 0.5168913260977387, 0.4734510487681998, 0.6294052702452029, 0.1098069155377244, 0.841626343881274, 0.1262956913344725]","[-2.317963910940351, -8.077719899329692, -4.731884320788906, -12.80732510560388, -5.261603113238245, -4.931059193592879, -4.263278733428123, -2.226828539317103, -7.783956733281745, -4.017684995401948]","[0.9079388235811421, 0.993931414589903, 0.9713587922589346, 0.978557041528829, 0.9553900205488887, 0.9541955855309238, 0.9386150944957626, 0.9819922611922585, 0.932966758813489, 0.9903709777876079]","[0.05625645114710055, 0.002981858596962361, 0.01971379476664828, 0.01475417624382832, 0.03146933171854612, 0.03255960289623159, 0.04139977176201016, 0.01276995147852491, 0.04096108997558803, 0.006522902828928513]","[0.1249410622371609, 0.006268604097611051, 0.04215064238546989, 0.03138753588936737, 0.06810217796920633, 0.07054102069096592, 0.09052056933294061, 0.02711176175695462, 0.08952042493745951, 0.01376163095641808]"
0,0-38,FUBAR,FMO1,FMO1_HOMO_SAPIENS_ENST00000617670_ENSP00000481732_CANONICAL,1e-06,"[1, 5, 6, 13, 14, 16, 25, 28, 35, 38]","[2.409475980279284, 8.486890954170898, 5.088134327128884, 13.34983584417301, 5.778494439335984, 5.404510242361079, 4.892684003673326, 2.336635454854827, 8.62558307716302, 4.143980686736421]","[0.09151206933893358, 0.4091710548412059, 0.3562500063399788, 0.542510738569132, 0.5168913260977387, 0.4734510487681998, 0.6294052702452029, 0.1098069155377244, 0.841626343881274, 0.1262956913344725]","[-2.317963910940351, -8.077719899329692, -4.731884320788906, -12.80732510560388, -5.261603113238245, -4.931059193592879, -4.263278733428123, -2.226828539317103, -7.783956733281745, -4.017684995401948]","[0.9079388235811421, 0.993931414589903, 0.9713587922589346, 0.978557041528829, 0.9553900205488887, 0.9541955855309238, 0.9386150944957626, 0.9819922611922585, 0.932966758813489, 0.9903709777876079]","[0.05625645114710055, 0.002981858596962361, 0.01971379476664828, 0.01475417624382832, 0.03146933171854612, 0.03255960289623159, 0.04139977176201016, 0.01276995147852491, 0.04096108997558803, 0.006522902828928513]","[0.1249410622371609, 0.006268604097611051, 0.04215064238546989, 0.03138753588936737, 0.06810217796920633, 0.07054102069096592, 0.09052056933294061, 0.02711176175695462, 0.08952042493745951, 0.01376163095641808]"
0,0-38,FUBAR,FMO1,FMO1_MACACA_FASCICULARIS_ENSMFAT00000002767_ENSMFAP00000028577_CANONICAL,1e-06,"[1, 5, 6, 13, 14, 16, 25, 28, 35, 38]","[2.409475980279284, 8.486890954170898, 5.088134327128884, 13.34983584417301, 5.778494439335984, 5.404510242361079, 4.892684003673326, 2.336635454854827, 8.62558307716302, 4.143980686736421]","[0.09151206933893358, 0.4091710548412059, 0.3562500063399788, 0.542510738569132, 0.5168913260977387, 0.4734510487681998, 0.6294052702452029, 0.1098069155377244, 0.841626343881274, 0.1262956913344725]","[-2.317963910940351, -8.077719899329692, -4.731884320788906, -12.80732510560388, -5.261603113238245, -4.931059193592879, -4.263278733428123, -2.226828539317103, -7.783956733281745, -4.017684995401948]","[0.9079388235811421, 0.993931414589903, 0.9713587922589346, 0.978557041528829, 0.9553900205488887, 0.9541955855309238, 0.9386150944957626, 0.9819922611922585, 0.932966758813489, 0.9903709777876079]","[0.05625645114710055, 0.002981858596962361, 0.01971379476664828, 0.01475417624382832, 0.03146933171854612, 0.03255960289623159, 0.04139977176201016, 0.01276995147852491, 0.04096108997558803, 0.006522902828928513]","[0.1249410622371609, 0.006268604097611051, 0.04215064238546989, 0.03138753588936737, 0.06810217796920633, 0.07054102069096592, 0.09052056933294061, 0.02711176175695462, 0.08952042493745951, 0.01376163095641808]"
0,0-38,FUBAR,FMO1,FMO1_MACACA_FASCICULARIS_ENSMFAT00000002777_ENSMFAP00000028587_ALTERNATIVE,1e-06,"[1, 5, 6, 13, 14, 16, 25, 28, 35, 38]","[2.409475980279284, 8.486890954170898, 5.088134327128884, 13.34983584417301, 5.778494439335984, 5.404510242361079, 4.892684003673326, 2.336635454854827, 8.62558307716302, 4.143980686736421]","[0.09151206933893358, 0.4091710548412059, 0.3562500063399788, 0.542510738569132, 0.5168913260977387, 0.4734510487681998, 0.6294052702452029, 0.1098069155377244, 0.841626343881274, 0.1262956913344725]","[-2.317963910940351, -8.077719899329692, -4.731884320788906, -12.80732510560388, -5.261603113238245, -4.931059193592879, -4.263278733428123, -2.226828539317103, -7.783956733281745, -4.017684995401948]","[0.9079388235811421, 0.993931414589903, 0.9713587922589346, 0.978557041528829, 0.9553900205488887, 0.9541955855309238, 0.9386150944957626, 0.9819922611922585, 0.932966758813489, 0.9903709777876079]","[0.05625645114710055, 0.002981858596962361, 0.01971379476664828, 0.01475417624382832, 0.03146933171854612, 0.03255960289623159, 0.04139977176201016, 0.01276995147852491, 0.04096108997558803, 0.006522902828928513]","[0.1249410622371609, 0.006268604097611051, 0.04215064238546989, 0.03138753588936737, 0.06810217796920633, 0.07054102069096592, 0.09052056933294061, 0.02711176175695462, 0.08952042493745951, 0.01376163095641808]"
0,0-38,FUBAR,FMO1,FMO1_MACACA_FASCICULARIS_ENSMFAT00000002792_ENSMFAP00000028602_ALTERNATIVE,1e-06,"[1, 5, 6, 13, 14, 16, 25, 28, 35, 38]","[2.409475980279284, 8.486890954170898, 5.088134327128884, 13.34983584417301, 5.778494439335984, 5.404510242361079, 4.892684003673326, 2.336635454854827, 8.62558307716302, 4.143980686736421]","[0.09151206933893358, 0.4091710548412059, 0.3562500063399788, 0.542510738569132, 0.5168913260977387, 0.4734510487681998, 0.6294052702452029, 0.1098069155377244, 0.841626343881274, 0.1262956913344725]","[-2.317963910940351, -8.077719899329692, -4.731884320788906, -12.80732510560388, -5.261603113238245, -4.931059193592879, -4.263278733428123, -2.226828539317103, -7.783956733281745, -4.017684995401948]","[0.9079388235811421, 0.993931414589903, 0.9713587922589346, 0.978557041528829, 0.9553900205488887, 0.9541955855309238, 0.9386150944957626, 0.9819922611922585, 0.932966758813489, 0.9903709777876079]","[0.05625645114710055, 0.002981858596962361, 0.01971379476664828, 0.01475417624382832, 0.03146933171854612, 0.03255960289623159, 0.04139977176201016, 0.01276995147852491, 0.04096108997558803, 0.006522902828928513]","[0.1249410622371609, 0.006268604097611051, 0.04215064238546989, 0.03138753588936737, 0.06810217796920633, 0.07054102069096592, 0.09052056933294061, 0.02711176175695462, 0.08952042493745951, 0.01376163095641808]"
0,0-38,FUBAR,FMO1,FMO1_MACACA_FASCICULARIS_ENSMFAT00000002796_ENSMFAP00000028606_ALTERNATIVE,1e-06,"[1, 5, 6, 13, 14, 16, 25, 28, 35, 38]","[2.409475980279284, 8.486890954170898, 5.088134327128884, 13.34983584417301, 5.778494439335984, 5.404510242361079, 4.892684003673326, 2.336635454854827, 8.62558307716302, 4.143980686736421]","[0.09151206933893358, 0.4091710548412059, 0.3562500063399788, 0.542510738569132, 0.5168913260977387, 0.4734510487681998, 0.6294052702452029, 0.1098069155377244, 0.841626343881274, 0.1262956913344725]","[-2.317963910940351, -8.077719899329692, -4.731884320788906, -12.80732510560388, -5.261603113238245, -4.931059193592879, -4.263278733428123, -2.226828539317103, -7.783956733281745, -4.017684995401948]","[0.9079388235811421, 0.993931414589903, 0.9713587922589346, 0.978557041528829, 0.9553900205488887, 0.9541955855309238, 0.9386150944957626, 0.9819922611922585, 0.932966758813489, 0.9903709777876079]","[0.05625645114710055, 0.002981858596962361, 0.01971379476664828, 0.01475417624382832, 0.03146933171854612, 0.03255960289623159, 0.04139977176201016, 0.01276995147852491, 0.04096108997558803, 0.006522902828928513]","[0.1249410622371609, 0.006268604097611051, 0.04215064238546989, 0.03138753588936737, 0.06810217796920633, 0.07054102069096592, 0.09052056933294061, 0.02711176175695462, 0.08952042493745951, 0.01376163095641808]"
0,0-38,FUBAR,FMO1,FMO1_MACACA_MULATTA_ENSMMUT00000007150_ENSMMUP00000006719_ALTERNATIVE,1e-06,"[1, 5, 6, 13, 14, 16, 25, 28, 35, 38]","[2.409475980279284, 8.486890954170898, 5.088134327128884, 13.34983584417301, 5.778494439335984, 5.404510242361079, 4.892684003673326, 2.336635454854827, 8.62558307716302, 4.143980686736421]","[0.09151206933893358, 0.4091710548412059, 0.3562500063399788, 0.542510738569132, 0.5168913260977387, 0.4734510487681998, 0.6294052702452029, 0.1098069155377244, 0.841626343881274, 0.1262956913344725]","[-2.317963910940351, -8.077719899329692, -4.731884320788906, -12.80732510560388, -5.261603113238245, -4.931059193592879, -4.263278733428123, -2.226828539317103, -7.783956733281745, -4.017684995401948]","[0.9079388235811421, 0.993931414589903, 0.9713587922589346, 0.978557041528829, 0.9553900205488887, 0.9541955855309238, 0.9386150944957626, 0.9819922611922585, 0.932966758813489, 0.9903709777876079]","[0.05625645114710055, 0.002981858596962361, 0.01971379476664828, 0.01475417624382832, 0.03146933171854612, 0.03255960289623159, 0.04139977176201016, 0.01276995147852491, 0.04096108997558803, 0.006522902828928513]","[0.1249410622371609, 0.006268604097611051, 0.04215064238546989, 0.03138753588936737, 0.06810217796920633, 0.07054102069096592, 0.09052056933294061, 0.02711176175695462, 0.08952042493745951, 0.01376163095641808]"
0,0-38,FUBAR,FMO1,FMO1_MACACA_MULATTA_ENSMMUT00000044634_ENSMMUP00000037658_CANONICAL,1e-06,"[1, 5, 6, 13, 14, 16, 25, 28, 35, 38]","[2.409475980279284, 8.486890954170898, 5.088134327128884, 13.34983584417301, 5.778494439335984, 5.404510242361079, 4.892684003673326, 2.336635454854827, 8.62558307716302, 4.143980686736421]","[0.09151206933893358, 0.4091710548412059, 0.3562500063399788, 0.542510738569132, 0.5168913260977387, 0.4734510487681998, 0.6294052702452029, 0.1098069155377244, 0.841626343881274, 0.1262956913344725]","[-2.317963910940351, -8.077719899329692, -4.731884320788906, -12.80732510560388, -5.261603113238245, -4.931059193592879, -4.263278733428123, -2.226828539317103, -7.783956733281745, -4.017684995401948]","[0.9079388235811421, 0.993931414589903, 0.9713587922589346, 0.978557041528829, 0.9553900205488887, 0.9541955855309238, 0.9386150944957626, 0.9819922611922585, 0.932966758813489, 0.9903709777876079]","[0.05625645114710055, 0.002981858596962361, 0.01971379476664828, 0.01475417624382832, 0.03146933171854612, 0.03255960289623159, 0.04139977176201016, 0.01276995147852491, 0.04096108997558803, 0.006522902828928513]","[0.1249410622371609, 0.006268604097611051, 0.04215064238546989, 0.03138753588936737, 0.06810217796920633, 0.07054102069096592, 0.09052056933294061, 0.02711176175695462, 0.08952042493745951, 0.01376163095641808]"
0,0-38,FUBAR,FMO1,FMO1_MACACA_NEMESTRINA_ENSMNET00000067650_ENSMNEP00000043145_CANONICAL,1e-06,"[1, 5, 6, 13, 14, 16, 25, 28, 35, 38]","[2.409475980279284, 8.486890954170898, 5.088134327128884, 13.34983584417301, 5.778494439335984, 5.404510242361079, 4.892684003673326, 2.336635454854827, 8.62558307716302, 4.143980686736421]","[0.09151206933893358, 0.4091710548412059, 0.3562500063399788, 0.542510738569132, 0.5168913260977387, 0.4734510487681998, 0.6294052702452029, 0.1098069155377244, 0.841626343881274, 0.1262956913344725]","[-2.317963910940351, -8.077719899329692, -4.731884320788906, -12.80732510560388, -5.261603113238245, -4.931059193592879, -4.263278733428123, -2.226828539317103, -7.783956733281745, -4.017684995401948]","[0.9079388235811421, 0.993931414589903, 0.9713587922589346, 0.978557041528829, 0.9553900205488887, 0.9541955855309238, 0.9386150944957626, 0.9819922611922585, 0.932966758813489, 0.9903709777876079]","[0.05625645114710055, 0.002981858596962361, 0.01971379476664828, 0.01475417624382832, 0.03146933171854612, 0.03255960289623159, 0.04139977176201016, 0.01276995147852491, 0.04096108997558803, 0.006522902828928513]","[0.1249410622371609, 0.006268604097611051, 0.04215064238546989, 0.03138753588936737, 0.06810217796920633, 0.07054102069096592, 0.09052056933294061, 0.02711176175695462, 0.08952042493745951, 0.01376163095641808]"
0,0-38,FUBAR,FMO1,FMO1_MACACA_NEMESTRINA_ENSMNET00000067652_ENSMNEP00000043147_ALTERNATIVE,1e-06,"[1, 5, 6, 13, 14, 16, 25, 28, 35, 38]","[2.409475980279284, 8.486890954170898, 5.088134327128884, 13.34983584417301, 5.778494439335984, 5.404510242361079, 4.892684003673326, 2.336635454854827, 8.62558307716302, 4.143980686736421]","[0.09151206933893358, 0.4091710548412059, 0.3562500063399788, 0.542510738569132, 0.5168913260977387, 0.4734510487681998, 0.6294052702452029, 0.1098069155377244, 0.841626343881274, 0.1262956913344725]","[-2.317963910940351, -8.077719899329692, -4.731884320788906, -12.80732510560388, -5.261603113238245, -4.931059193592879, -4.263278733428123, -2.226828539317103, -7.783956733281745, -4.017684995401948]","[0.9079388235811421, 0.993931414589903, 0.9713587922589346, 0.978557041528829, 0.9553900205488887, 0.9541955855309238, 0.9386150944957626, 0.9819922611922585, 0.932966758813489, 0.9903709777876079]","[0.05625645114710055, 0.002981858596962361, 0.01971379476664828, 0.01475417624382832, 0.03146933171854612, 0.03255960289623159, 0.04139977176201016, 0.01276995147852491, 0.04096108997558803, 0.006522902828928513]","[0.1249410622371609, 0.006268604097611051, 0.04215064238546989, 0.03138753588936737, 0.06810217796920633, 0.07054102069096592, 0.09052056933294061, 0.02711176175695462, 0.08952042493745951, 0.01376163095641808]"
0,0-38,FUBAR,FMO1,FMO1_MACACA_NEMESTRINA_ENSMNET00000067657_ENSMNEP00000043152_ALTERNATIVE,1e-06,"[1, 5, 6, 13, 14, 16, 25, 28, 35, 38]","[2.409475980279284, 8.486890954170898, 5.088134327128884, 13.34983584417301, 5.778494439335984, 5.404510242361079, 4.892684003673326, 2.336635454854827, 8.62558307716302, 4.143980686736421]","[0.09151206933893358, 0.4091710548412059, 0.3562500063399788, 0.542510738569132, 0.5168913260977387, 0.4734510487681998, 0.6294052702452029, 0.1098069155377244, 0.841626343881274, 0.1262956913344725]","[-2.317963910940351, -8.077719899329692, -4.731884320788906, -12.80732510560388, -5.261603113238245, -4.931059193592879, -4.263278733428123, -2.226828539317103, -7.783956733281745, -4.017684995401948]","[0.9079388235811421, 0.993931414589903, 0.9713587922589346, 0.978557041528829, 0.9553900205488887, 0.9541955855309238, 0.9386150944957626, 0.9819922611922585, 0.932966758813489, 0.9903709777876079]","[0.05625645114710055, 0.002981858596962361, 0.01971379476664828, 0.01475417624382832, 0.03146933171854612, 0.03255960289623159, 0.04139977176201016, 0.01276995147852491, 0.04096108997558803, 0.006522902828928513]","[0.1249410622371609, 0.006268604097611051, 0.04215064238546989, 0.03138753588936737, 0.06810217796920633, 0.07054102069096592, 0.09052056933294061, 0.02711176175695462, 0.08952042493745951, 0.01376163095641808]"
0,0-38,FUBAR,FMO1,FMO1_MACACA_NEMESTRINA_ENSMNET00000067658_ENSMNEP00000043153_ALTERNATIVE,1e-06,"[1, 5, 6, 13, 14, 16, 25, 28, 35, 38]","[2.409475980279284, 8.486890954170898, 5.088134327128884, 13.34983584417301, 5.778494439335984, 5.404510242361079, 4.892684003673326, 2.336635454854827, 8.62558307716302, 4.143980686736421]","[0.09151206933893358, 0.4091710548412059, 0.3562500063399788, 0.542510738569132, 0.5168913260977387, 0.4734510487681998, 0.6294052702452029, 0.1098069155377244, 0.841626343881274, 0.1262956913344725]","[-2.317963910940351, -8.077719899329692, -4.731884320788906, -12.80732510560388, -5.261603113238245, -4.931059193592879, -4.263278733428123, -2.226828539317103, -7.783956733281745, -4.017684995401948]","[0.9079388235811421, 0.993931414589903, 0.9713587922589346, 0.978557041528829, 0.9553900205488887, 0.9541955855309238, 0.9386150944957626, 0.9819922611922585, 0.932966758813489, 0.9903709777876079]","[0.05625645114710055, 0.002981858596962361, 0.01971379476664828, 0.01475417624382832, 0.03146933171854612, 0.03255960289623159, 0.04139977176201016, 0.01276995147852491, 0.04096108997558803, 0.006522902828928513]","[0.1249410622371609, 0.006268604097611051, 0.04215064238546989, 0.03138753588936737, 0.06810217796920633, 0.07054102069096592, 0.09052056933294061, 0.02711176175695462, 0.08952042493745951, 0.01376163095641808]"
0,0-38,FUBAR,FMO1,FMO1_MICROCEBUS_MURINUS_ENSMICT00000017113_ENSMICP00000015593_ALTERNATIVE,1e-06,"[1, 5, 6, 13, 14, 16, 25, 28, 35, 38]","[2.409475980279284, 8.486890954170898, 5.088134327128884, 13.34983584417301, 5.778494439335984, 5.404510242361079, 4.892684003673326, 2.336635454854827, 8.62558307716302, 4.143980686736421]","[0.09151206933893358, 0.4091710548412059, 0.3562500063399788, 0.542510738569132, 0.5168913260977387, 0.4734510487681998, 0.6294052702452029, 0.1098069155377244, 0.841626343881274, 0.1262956913344725]","[-2.317963910940351, -8.077719899329692, -4.731884320788906, -12.80732510560388, -5.261603113238245, -4.931059193592879, -4.263278733428123, -2.226828539317103, -7.783956733281745, -4.017684995401948]","[0.9079388235811421, 0.993931414589903, 0.9713587922589346, 0.978557041528829, 0.9553900205488887, 0.9541955855309238, 0.9386150944957626, 0.9819922611922585, 0.932966758813489, 0.9903709777876079]","[0.05625645114710055, 0.002981858596962361, 0.01971379476664828, 0.01475417624382832, 0.03146933171854612, 0.03255960289623159, 0.04139977176201016, 0.01276995147852491, 0.04096108997558803, 0.006522902828928513]","[0.1249410622371609, 0.006268604097611051, 0.04215064238546989, 0.03138753588936737, 0.06810217796920633, 0.07054102069096592, 0.09052056933294061, 0.02711176175695462, 0.08952042493745951, 0.01376163095641808]"
0,0-38,FUBAR,FMO1,FMO1_MICROCEBUS_MURINUS_ENSMICT00000043128_ENSMICP00000022075_ALTERNATIVE,1e-06,"[1, 5, 6, 13, 14, 16, 25, 28, 35, 38]","[2.409475980279284, 8.486890954170898, 5.088134327128884, 13.34983584417301, 5.778494439335984, 5.404510242361079, 4.892684003673326, 2.336635454854827, 8.62558307716302, 4.143980686736421]","[0.09151206933893358, 0.4091710548412059, 0.3562500063399788, 0.542510738569132, 0.5168913260977387, 0.4734510487681998, 0.6294052702452029, 0.1098069155377244, 0.841626343881274, 0.1262956913344725]","[-2.317963910940351, -8.077719899329692, -4.731884320788906, -12.80732510560388, -5.261603113238245, -4.931059193592879, -4.263278733428123, -2.226828539317103, -7.783956733281745, -4.017684995401948]","[0.9079388235811421, 0.993931414589903, 0.9713587922589346, 0.978557041528829, 0.9553900205488887, 0.9541955855309238, 0.9386150944957626, 0.9819922611922585, 0.932966758813489, 0.9903709777876079]","[0.05625645114710055, 0.002981858596962361, 0.01971379476664828, 0.01475417624382832, 0.03146933171854612, 0.03255960289623159, 0.04139977176201016, 0.01276995147852491, 0.04096108997558803, 0.006522902828928513]","[0.1249410622371609, 0.006268604097611051, 0.04215064238546989, 0.03138753588936737, 0.06810217796920633, 0.07054102069096592, 0.09052056933294061, 0.02711176175695462, 0.08952042493745951, 0.01376163095641808]"
0,0-38,FUBAR,FMO1,FMO1_MICROCEBUS_MURINUS_ENSMICT00000058559_ENSMICP00000045720_CANONICAL,1e-06,"[1, 5, 6, 13, 14, 16, 25, 28, 35, 38]","[2.409475980279284, 8.486890954170898, 5.088134327128884, 13.34983584417301, 5.778494439335984, 5.404510242361079, 4.892684003673326, 2.336635454854827, 8.62558307716302, 4.143980686736421]","[0.09151206933893358, 0.4091710548412059, 0.3562500063399788, 0.542510738569132, 0.5168913260977387, 0.4734510487681998, 0.6294052702452029, 0.1098069155377244, 0.841626343881274, 0.1262956913344725]","[-2.317963910940351, -8.077719899329692, -4.731884320788906, -12.80732510560388, -5.261603113238245, -4.931059193592879, -4.263278733428123, -2.226828539317103, -7.783956733281745, -4.017684995401948]","[0.9079388235811421, 0.993931414589903, 0.9713587922589346, 0.978557041528829, 0.9553900205488887, 0.9541955855309238, 0.9386150944957626, 0.9819922611922585, 0.932966758813489, 0.9903709777876079]","[0.05625645114710055, 0.002981858596962361, 0.01971379476664828, 0.01475417624382832, 0.03146933171854612, 0.03255960289623159, 0.04139977176201016, 0.01276995147852491, 0.04096108997558803, 0.006522902828928513]","[0.1249410622371609, 0.006268604097611051, 0.04215064238546989, 0.03138753588936737, 0.06810217796920633, 0.07054102069096592, 0.09052056933294061, 0.02711176175695462, 0.08952042493745951, 0.01376163095641808]"
0,0-38,FUBAR,FMO1,FMO1_NOMASCUS_LEUCOGENYS_ENSNLET00000019330_ENSNLEP00000018416_CANONICAL,1e-06,"[1, 5, 6, 13, 14, 16, 25, 28, 35, 38]","[2.409475980279284, 8.486890954170898, 5.088134327128884, 13.34983584417301, 5.778494439335984, 5.404510242361079, 4.892684003673326, 2.336635454854827, 8.62558307716302, 4.143980686736421]","[0.09151206933893358, 0.4091710548412059, 0.3562500063399788, 0.542510738569132, 0.5168913260977387, 0.4734510487681998, 0.6294052702452029, 0.1098069155377244, 0.841626343881274, 0.1262956913344725]","[-2.317963910940351, -8.077719899329692, -4.731884320788906, -12.80732510560388, -5.261603113238245, -4.931059193592879, -4.263278733428123, -2.226828539317103, -7.783956733281745, -4.017684995401948]","[0.9079388235811421, 0.993931414589903, 0.9713587922589346, 0.978557041528829, 0.9553900205488887, 0.9541955855309238, 0.9386150944957626, 0.9819922611922585, 0.932966758813489, 0.9903709777876079]","[0.05625645114710055, 0.002981858596962361, 0.01971379476664828, 0.01475417624382832, 0.03146933171854612, 0.03255960289623159, 0.04139977176201016, 0.01276995147852491, 0.04096108997558803, 0.006522902828928513]","[0.1249410622371609, 0.006268604097611051, 0.04215064238546989, 0.03138753588936737, 0.06810217796920633, 0.07054102069096592, 0.09052056933294061, 0.02711176175695462, 0.08952042493745951, 0.01376163095641808]"
0,0-38,FUBAR,FMO1,FMO1_NOMASCUS_LEUCOGENYS_ENSNLET00000046760_ENSNLEP00000037913_ALTERNATIVE,1e-06,"[1, 5, 6, 13, 14, 16, 25, 28, 35, 38]","[2.409475980279284, 8.486890954170898, 5.088134327128884, 13.34983584417301, 5.778494439335984, 5.404510242361079, 4.892684003673326, 2.336635454854827, 8.62558307716302, 4.143980686736421]","[0.09151206933893358, 0.4091710548412059, 0.3562500063399788, 0.542510738569132, 0.5168913260977387, 0.4734510487681998, 0.6294052702452029, 0.1098069155377244, 0.841626343881274, 0.1262956913344725]","[-2.317963910940351, -8.077719899329692, -4.731884320788906, -12.80732510560388, -5.261603113238245, -4.931059193592879, -4.263278733428123, -2.226828539317103, -7.783956733281745, -4.017684995401948]","[0.9079388235811421, 0.993931414589903, 0.9713587922589346, 0.978557041528829, 0.9553900205488887, 0.9541955855309238, 0.9386150944957626, 0.9819922611922585, 0.932966758813489, 0.9903709777876079]","[0.05625645114710055, 0.002981858596962361, 0.01971379476664828, 0.01475417624382832, 0.03146933171854612, 0.03255960289623159, 0.04139977176201016, 0.01276995147852491, 0.04096108997558803, 0.006522902828928513]","[0.1249410622371609, 0.006268604097611051, 0.04215064238546989, 0.03138753588936737, 0.06810217796920633, 0.07054102069096592, 0.09052056933294061, 0.02711176175695462, 0.08952042493745951, 0.01376163095641808]"
0,0-38,FUBAR,FMO1,FMO1_NOMASCUS_LEUCOGENYS_ENSNLET00000049063_ENSNLEP00000040912_ALTERNATIVE,1e-06,"[1, 5, 6, 13, 14, 16, 25, 28, 35, 38]","[2.409475980279284, 8.486890954170898, 5.088134327128884, 13.34983584417301, 5.778494439335984, 5.404510242361079, 4.892684003673326, 2.336635454854827, 8.62558307716302, 4.143980686736421]","[0.09151206933893358, 0.4091710548412059, 0.3562500063399788, 0.542510738569132, 0.5168913260977387, 0.4734510487681998, 0.6294052702452029, 0.1098069155377244, 0.841626343881274, 0.1262956913344725]","[-2.317963910940351, -8.077719899329692, -4.731884320788906, -12.80732510560388, -5.261603113238245, -4.931059193592879, -4.263278733428123, -2.226828539317103, -7.783956733281745, -4.017684995401948]","[0.9079388235811421, 0.993931414589903, 0.9713587922589346, 0.978557041528829, 0.9553900205488887, 0.9541955855309238, 0.9386150944957626, 0.9819922611922585, 0.932966758813489, 0.9903709777876079]","[0.05625645114710055, 0.002981858596962361, 0.01971379476664828, 0.01475417624382832, 0.03146933171854612, 0.03255960289623159, 0.04139977176201016, 0.01276995147852491, 0.04096108997558803, 0.006522902828928513]","[0.1249410622371609, 0.006268604097611051, 0.04215064238546989, 0.03138753588936737, 0.06810217796920633, 0.07054102069096592, 0.09052056933294061, 0.02711176175695462, 0.08952042493745951, 0.01376163095641808]"
0,0-38,FUBAR,FMO1,FMO1_PAN_PANISCUS_ENSPPAT00000062723_ENSPPAP00000039811_CANONICAL,1e-06,"[1, 5, 6, 13, 14, 16, 25, 28, 35, 38]","[2.409475980279284, 8.486890954170898, 5.088134327128884, 13.34983584417301, 5.778494439335984, 5.404510242361079, 4.892684003673326, 2.336635454854827, 8.62558307716302, 4.143980686736421]","[0.09151206933893358, 0.4091710548412059, 0.3562500063399788, 0.542510738569132, 0.5168913260977387, 0.4734510487681998, 0.6294052702452029, 0.1098069155377244, 0.841626343881274, 0.1262956913344725]","[-2.317963910940351, -8.077719899329692, -4.731884320788906, -12.80732510560388, -5.261603113238245, -4.931059193592879, -4.263278733428123, -2.226828539317103, -7.783956733281745, -4.017684995401948]","[0.9079388235811421, 0.993931414589903, 0.9713587922589346, 0.978557041528829, 0.9553900205488887, 0.9541955855309238, 0.9386150944957626, 0.9819922611922585, 0.932966758813489, 0.9903709777876079]","[0.05625645114710055, 0.002981858596962361, 0.01971379476664828, 0.01475417624382832, 0.03146933171854612, 0.03255960289623159, 0.04139977176201016, 0.01276995147852491, 0.04096108997558803, 0.006522902828928513]","[0.1249410622371609, 0.006268604097611051, 0.04215064238546989, 0.03138753588936737, 0.06810217796920633, 0.07054102069096592, 0.09052056933294061, 0.02711176175695462, 0.08952042493745951, 0.01376163095641808]"
0,0-38,FUBAR,FMO1,FMO1_PAN_PANISCUS_ENSPPAT00000062728_ENSPPAP00000039816_ALTERNATIVE,1e-06,"[1, 5, 6, 13, 14, 16, 25, 28, 35, 38]","[2.409475980279284, 8.486890954170898, 5.088134327128884, 13.34983584417301, 5.778494439335984, 5.404510242361079, 4.892684003673326, 2.336635454854827, 8.62558307716302, 4.143980686736421]","[0.09151206933893358, 0.4091710548412059, 0.3562500063399788, 0.542510738569132, 0.5168913260977387, 0.4734510487681998, 0.6294052702452029, 0.1098069155377244, 0.841626343881274, 0.1262956913344725]","[-2.317963910940351, -8.077719899329692, -4.731884320788906, -12.80732510560388, -5.261603113238245, -4.931059193592879, -4.263278733428123, -2.226828539317103, -7.783956733281745, -4.017684995401948]","[0.9079388235811421, 0.993931414589903, 0.9713587922589346, 0.978557041528829, 0.9553900205488887, 0.9541955855309238, 0.9386150944957626, 0.9819922611922585, 0.932966758813489, 0.9903709777876079]","[0.05625645114710055, 0.002981858596962361, 0.01971379476664828, 0.01475417624382832, 0.03146933171854612, 0.03255960289623159, 0.04139977176201016, 0.01276995147852491, 0.04096108997558803, 0.006522902828928513]","[0.1249410622371609, 0.006268604097611051, 0.04215064238546989, 0.03138753588936737, 0.06810217796920633, 0.07054102069096592, 0.09052056933294061, 0.02711176175695462, 0.08952042493745951, 0.01376163095641808]"
0,0-38,FUBAR,FMO1,FMO1_PAN_PANISCUS_ENSPPAT00000062732_ENSPPAP00000039820_ALTERNATIVE,1e-06,"[1, 5, 6, 13, 14, 16, 25, 28, 35, 38]","[2.409475980279284, 8.486890954170898, 5.088134327128884, 13.34983584417301, 5.778494439335984, 5.404510242361079, 4.892684003673326, 2.336635454854827, 8.62558307716302, 4.143980686736421]","[0.09151206933893358, 0.4091710548412059, 0.3562500063399788, 0.542510738569132, 0.5168913260977387, 0.4734510487681998, 0.6294052702452029, 0.1098069155377244, 0.841626343881274, 0.1262956913344725]","[-2.317963910940351, -8.077719899329692, -4.731884320788906, -12.80732510560388, -5.261603113238245, -4.931059193592879, -4.263278733428123, -2.226828539317103, -7.783956733281745, -4.017684995401948]","[0.9079388235811421, 0.993931414589903, 0.9713587922589346, 0.978557041528829, 0.9553900205488887, 0.9541955855309238, 0.9386150944957626, 0.9819922611922585, 0.932966758813489, 0.9903709777876079]","[0.05625645114710055, 0.002981858596962361, 0.01971379476664828, 0.01475417624382832, 0.03146933171854612, 0.03255960289623159, 0.04139977176201016, 0.01276995147852491, 0.04096108997558803, 0.006522902828928513]","[0.1249410622371609, 0.006268604097611051, 0.04215064238546989, 0.03138753588936737, 0.06810217796920633, 0.07054102069096592, 0.09052056933294061, 0.02711176175695462, 0.08952042493745951, 0.01376163095641808]"
0,0-38,FUBAR,FMO1,FMO1_PAN_PANISCUS_ENSPPAT00000062734_ENSPPAP00000039822_ALTERNATIVE,1e-06,"[1, 5, 6, 13, 14, 16, 25, 28, 35, 38]","[2.409475980279284, 8.486890954170898, 5.088134327128884, 13.34983584417301, 5.778494439335984, 5.404510242361079, 4.892684003673326, 2.336635454854827, 8.62558307716302, 4.143980686736421]","[0.09151206933893358, 0.4091710548412059, 0.3562500063399788, 0.542510738569132, 0.5168913260977387, 0.4734510487681998, 0.6294052702452029, 0.1098069155377244, 0.841626343881274, 0.1262956913344725]","[-2.317963910940351, -8.077719899329692, -4.731884320788906, -12.80732510560388, -5.261603113238245, -4.931059193592879, -4.263278733428123, -2.226828539317103, -7.783956733281745, -4.017684995401948]","[0.9079388235811421, 0.993931414589903, 0.9713587922589346, 0.978557041528829, 0.9553900205488887, 0.9541955855309238, 0.9386150944957626, 0.9819922611922585, 0.932966758813489, 0.9903709777876079]","[0.05625645114710055, 0.002981858596962361, 0.01971379476664828, 0.01475417624382832, 0.03146933171854612, 0.03255960289623159, 0.04139977176201016, 0.01276995147852491, 0.04096108997558803, 0.006522902828928513]","[0.1249410622371609, 0.006268604097611051, 0.04215064238546989, 0.03138753588936737, 0.06810217796920633, 0.07054102069096592, 0.09052056933294061, 0.02711176175695462, 0.08952042493745951, 0.01376163095641808]"
0,0-38,FUBAR,FMO1,FMO1_PAN_TROGLODYTES_ENSPTRT00000003032_ENSPTRP00000002784_CANONICAL,1e-06,"[1, 5, 6, 13, 14, 16, 25, 28, 35, 38]","[2.409475980279284, 8.486890954170898, 5.088134327128884, 13.34983584417301, 5.778494439335984, 5.404510242361079, 4.892684003673326, 2.336635454854827, 8.62558307716302, 4.143980686736421]","[0.09151206933893358, 0.4091710548412059, 0.3562500063399788, 0.542510738569132, 0.5168913260977387, 0.4734510487681998, 0.6294052702452029, 0.1098069155377244, 0.841626343881274, 0.1262956913344725]","[-2.317963910940351, -8.077719899329692, -4.731884320788906, -12.80732510560388, -5.261603113238245, -4.931059193592879, -4.263278733428123, -2.226828539317103, -7.783956733281745, -4.017684995401948]","[0.9079388235811421, 0.993931414589903, 0.9713587922589346, 0.978557041528829, 0.9553900205488887, 0.9541955855309238, 0.9386150944957626, 0.9819922611922585, 0.932966758813489, 0.9903709777876079]","[0.05625645114710055, 0.002981858596962361, 0.01971379476664828, 0.01475417624382832, 0.03146933171854612, 0.03255960289623159, 0.04139977176201016, 0.01276995147852491, 0.04096108997558803, 0.006522902828928513]","[0.1249410622371609, 0.006268604097611051, 0.04215064238546989, 0.03138753588936737, 0.06810217796920633, 0.07054102069096592, 0.09052056933294061, 0.02711176175695462, 0.08952042493745951, 0.01376163095641808]"
0,0-38,FUBAR,FMO1,FMO1_PAN_TROGLODYTES_ENSPTRT00000092692_ENSPTRP00000069506_ALTERNATIVE,1e-06,"[1, 5, 6, 13, 14, 16, 25, 28, 35, 38]","[2.409475980279284, 8.486890954170898, 5.088134327128884, 13.34983584417301, 5.778494439335984, 5.404510242361079, 4.892684003673326, 2.336635454854827, 8.62558307716302, 4.143980686736421]","[0.09151206933893358, 0.4091710548412059, 0.3562500063399788, 0.542510738569132, 0.5168913260977387, 0.4734510487681998, 0.6294052702452029, 0.1098069155377244, 0.841626343881274, 0.1262956913344725]","[-2.317963910940351, -8.077719899329692, -4.731884320788906, -12.80732510560388, -5.261603113238245, -4.931059193592879, -4.263278733428123, -2.226828539317103, -7.783956733281745, -4.017684995401948]","[0.9079388235811421, 0.993931414589903, 0.9713587922589346, 0.978557041528829, 0.9553900205488887, 0.9541955855309238, 0.9386150944957626, 0.9819922611922585, 0.932966758813489, 0.9903709777876079]","[0.05625645114710055, 0.002981858596962361, 0.01971379476664828, 0.01475417624382832, 0.03146933171854612, 0.03255960289623159, 0.04139977176201016, 0.01276995147852491, 0.04096108997558803, 0.006522902828928513]","[0.1249410622371609, 0.006268604097611051, 0.04215064238546989, 0.03138753588936737, 0.06810217796920633, 0.07054102069096592, 0.09052056933294061, 0.02711176175695462, 0.08952042493745951, 0.01376163095641808]"
0,0-38,FUBAR,FMO1,FMO1_PAN_TROGLODYTES_ENSPTRT00000109976_ENSPTRP00000076531_ALTERNATIVE,1e-06,"[1, 5, 6, 13, 14, 16, 25, 28, 35, 38]","[2.409475980279284, 8.486890954170898, 5.088134327128884, 13.34983584417301, 5.778494439335984, 5.404510242361079, 4.892684003673326, 2.336635454854827, 8.62558307716302, 4.143980686736421]","[0.09151206933893358, 0.4091710548412059, 0.3562500063399788, 0.542510738569132, 0.5168913260977387, 0.4734510487681998, 0.6294052702452029, 0.1098069155377244, 0.841626343881274, 0.1262956913344725]","[-2.317963910940351, -8.077719899329692, -4.731884320788906, -12.80732510560388, -5.261603113238245, -4.931059193592879, -4.263278733428123, -2.226828539317103, -7.783956733281745, -4.017684995401948]","[0.9079388235811421, 0.993931414589903, 0.9713587922589346, 0.978557041528829, 0.9553900205488887, 0.9541955855309238, 0.9386150944957626, 0.9819922611922585, 0.932966758813489, 0.9903709777876079]","[0.05625645114710055, 0.002981858596962361, 0.01971379476664828, 0.01475417624382832, 0.03146933171854612, 0.03255960289623159, 0.04139977176201016, 0.01276995147852491, 0.04096108997558803, 0.006522902828928513]","[0.1249410622371609, 0.006268604097611051, 0.04215064238546989, 0.03138753588936737, 0.06810217796920633, 0.07054102069096592, 0.09052056933294061, 0.02711176175695462, 0.08952042493745951, 0.01376163095641808]"
0,0-38,FUBAR,FMO1,FMO1_PONGO_ABELII_ENSPPYT00000000621_ENSPPYP00000000596_CANONICAL,1e-06,"[1, 5, 6, 13, 14, 16, 25, 28, 35, 38]","[2.409475980279284, 8.486890954170898, 5.088134327128884, 13.34983584417301, 5.778494439335984, 5.404510242361079, 4.892684003673326, 2.336635454854827, 8.62558307716302, 4.143980686736421]","[0.09151206933893358, 0.4091710548412059, 0.3562500063399788, 0.542510738569132, 0.5168913260977387, 0.4734510487681998, 0.6294052702452029, 0.1098069155377244, 0.841626343881274, 0.1262956913344725]","[-2.317963910940351, -8.077719899329692, -4.731884320788906, -12.80732510560388, -5.261603113238245, -4.931059193592879, -4.263278733428123, -2.226828539317103, -7.783956733281745, -4.017684995401948]","[0.9079388235811421, 0.993931414589903, 0.9713587922589346, 0.978557041528829, 0.9553900205488887, 0.9541955855309238, 0.9386150944957626, 0.9819922611922585, 0.932966758813489, 0.9903709777876079]","[0.05625645114710055, 0.002981858596962361, 0.01971379476664828, 0.01475417624382832, 0.03146933171854612, 0.03255960289623159, 0.04139977176201016, 0.01276995147852491, 0.04096108997558803, 0.006522902828928513]","[0.1249410622371609, 0.006268604097611051, 0.04215064238546989, 0.03138753588936737, 0.06810217796920633, 0.07054102069096592, 0.09052056933294061, 0.02711176175695462, 0.08952042493745951, 0.01376163095641808]"
0,0-38,FUBAR,FMO1,FMO1_PONGO_ABELII_ENSPPYT00000033489_ENSPPYP00000024227_ALTERNATIVE,1e-06,"[1, 5, 6, 13, 14, 16, 25, 28, 35, 38]","[2.409475980279284, 8.486890954170898, 5.088134327128884, 13.34983584417301, 5.778494439335984, 5.404510242361079, 4.892684003673326, 2.336635454854827, 8.62558307716302, 4.143980686736421]","[0.09151206933893358, 0.4091710548412059, 0.3562500063399788, 0.542510738569132, 0.5168913260977387, 0.4734510487681998, 0.6294052702452029, 0.1098069155377244, 0.841626343881274, 0.1262956913344725]","[-2.317963910940351, -8.077719899329692, -4.731884320788906, -12.80732510560388, -5.261603113238245, -4.931059193592879, -4.263278733428123, -2.226828539317103, -7.783956733281745, -4.017684995401948]","[0.9079388235811421, 0.993931414589903, 0.9713587922589346, 0.978557041528829, 0.9553900205488887, 0.9541955855309238, 0.9386150944957626, 0.9819922611922585, 0.932966758813489, 0.9903709777876079]","[0.05625645114710055, 0.002981858596962361, 0.01971379476664828, 0.01475417624382832, 0.03146933171854612, 0.03255960289623159, 0.04139977176201016, 0.01276995147852491, 0.04096108997558803, 0.006522902828928513]","[0.1249410622371609, 0.006268604097611051, 0.04215064238546989, 0.03138753588936737, 0.06810217796920633, 0.07054102069096592, 0.09052056933294061, 0.02711176175695462, 0.08952042493745951, 0.01376163095641808]"
0,0-38,FUBAR,FMO1,FMO1_PROLEMUR_SIMUS_ENSPSMT00000042706_ENSPSMP00000037072_CANONICAL,1e-06,"[1, 5, 6, 13, 14, 16, 25, 28, 35, 38]","[2.409475980279284, 8.486890954170898, 5.088134327128884, 13.34983584417301, 5.778494439335984, 5.404510242361079, 4.892684003673326, 2.336635454854827, 8.62558307716302, 4.143980686736421]","[0.09151206933893358, 0.4091710548412059, 0.3562500063399788, 0.542510738569132, 0.5168913260977387, 0.4734510487681998, 0.6294052702452029, 0.1098069155377244, 0.841626343881274, 0.1262956913344725]","[-2.317963910940351, -8.077719899329692, -4.731884320788906, -12.80732510560388, -5.261603113238245, -4.931059193592879, -4.263278733428123, -2.226828539317103, -7.783956733281745, -4.017684995401948]","[0.9079388235811421, 0.993931414589903, 0.9713587922589346, 0.978557041528829, 0.9553900205488887, 0.9541955855309238, 0.9386150944957626, 0.9819922611922585, 0.932966758813489, 0.9903709777876079]","[0.05625645114710055, 0.002981858596962361, 0.01971379476664828, 0.01475417624382832, 0.03146933171854612, 0.03255960289623159, 0.04139977176201016, 0.01276995147852491, 0.04096108997558803, 0.006522902828928513]","[0.1249410622371609, 0.006268604097611051, 0.04215064238546989, 0.03138753588936737, 0.06810217796920633, 0.07054102069096592, 0.09052056933294061, 0.02711176175695462, 0.08952042493745951, 0.01376163095641808]"
0,0-38,FUBAR,FMO1,FMO1_PROLEMUR_SIMUS_ENSPSMT00000042707_ENSPSMP00000037073_ALTERNATIVE,1e-06,"[1, 5, 6, 13, 14, 16, 25, 28, 35, 38]","[2.409475980279284, 8.486890954170898, 5.088134327128884, 13.34983584417301, 5.778494439335984, 5.404510242361079, 4.892684003673326, 2.336635454854827, 8.62558307716302, 4.143980686736421]","[0.09151206933893358, 0.4091710548412059, 0.3562500063399788, 0.542510738569132, 0.5168913260977387, 0.4734510487681998, 0.6294052702452029, 0.1098069155377244, 0.841626343881274, 0.1262956913344725]","[-2.317963910940351, -8.077719899329692, -4.731884320788906, -12.80732510560388, -5.261603113238245, -4.931059193592879, -4.263278733428123, -2.226828539317103, -7.783956733281745, -4.017684995401948]","[0.9079388235811421, 0.993931414589903, 0.9713587922589346, 0.978557041528829, 0.9553900205488887, 0.9541955855309238, 0.9386150944957626, 0.9819922611922585, 0.932966758813489, 0.9903709777876079]","[0.05625645114710055, 0.002981858596962361, 0.01971379476664828, 0.01475417624382832, 0.03146933171854612, 0.03255960289623159, 0.04139977176201016, 0.01276995147852491, 0.04096108997558803, 0.006522902828928513]","[0.1249410622371609, 0.006268604097611051, 0.04215064238546989, 0.03138753588936737, 0.06810217796920633, 0.07054102069096592, 0.09052056933294061, 0.02711176175695462, 0.08952042493745951, 0.01376163095641808]"
0,0-38,FUBAR,FMO1,FMO1_PROPITHECUS_COQUERELI_ENSPCOT00000037088_ENSPCOP00000026351_CANONICAL,1e-06,"[1, 5, 6, 13, 14, 16, 25, 28, 35, 38]","[2.409475980279284, 8.486890954170898, 5.088134327128884, 13.34983584417301, 5.778494439335984, 5.404510242361079, 4.892684003673326, 2.336635454854827, 8.62558307716302, 4.143980686736421]","[0.09151206933893358, 0.4091710548412059, 0.3562500063399788, 0.542510738569132, 0.5168913260977387, 0.4734510487681998, 0.6294052702452029, 0.1098069155377244, 0.841626343881274, 0.1262956913344725]","[-2.317963910940351, -8.077719899329692, -4.731884320788906, -12.80732510560388, -5.261603113238245, -4.931059193592879, -4.263278733428123, -2.226828539317103, -7.783956733281745, -4.017684995401948]","[0.9079388235811421, 0.993931414589903, 0.9713587922589346, 0.978557041528829, 0.9553900205488887, 0.9541955855309238, 0.9386150944957626, 0.9819922611922585, 0.932966758813489, 0.9903709777876079]","[0.05625645114710055, 0.002981858596962361, 0.01971379476664828, 0.01475417624382832, 0.03146933171854612, 0.03255960289623159, 0.04139977176201016, 0.01276995147852491, 0.04096108997558803, 0.006522902828928513]","[0.1249410622371609, 0.006268604097611051, 0.04215064238546989, 0.03138753588936737, 0.06810217796920633, 0.07054102069096592, 0.09052056933294061, 0.02711176175695462, 0.08952042493745951, 0.01376163095641808]"
0,0-38,FUBAR,FMO1,FMO1_PROPITHECUS_COQUERELI_ENSPCOT00000037089_ENSPCOP00000026352_ALTERNATIVE,1e-06,"[1, 5, 6, 13, 14, 16, 25, 28, 35, 38]","[2.409475980279284, 8.486890954170898, 5.088134327128884, 13.34983584417301, 5.778494439335984, 5.404510242361079, 4.892684003673326, 2.336635454854827, 8.62558307716302, 4.143980686736421]","[0.09151206933893358, 0.4091710548412059, 0.3562500063399788, 0.542510738569132, 0.5168913260977387, 0.4734510487681998, 0.6294052702452029, 0.1098069155377244, 0.841626343881274, 0.1262956913344725]","[-2.317963910940351, -8.077719899329692, -4.731884320788906, -12.80732510560388, -5.261603113238245, -4.931059193592879, -4.263278733428123, -2.226828539317103, -7.783956733281745, -4.017684995401948]","[0.9079388235811421, 0.993931414589903, 0.9713587922589346, 0.978557041528829, 0.9553900205488887, 0.9541955855309238, 0.9386150944957626, 0.9819922611922585, 0.932966758813489, 0.9903709777876079]","[0.05625645114710055, 0.002981858596962361, 0.01971379476664828, 0.01475417624382832, 0.03146933171854612, 0.03255960289623159, 0.04139977176201016, 0.01276995147852491, 0.04096108997558803, 0.006522902828928513]","[0.1249410622371609, 0.006268604097611051, 0.04215064238546989, 0.03138753588936737, 0.06810217796920633, 0.07054102069096592, 0.09052056933294061, 0.02711176175695462, 0.08952042493745951, 0.01376163095641808]"
0,0-38,FUBAR,FMO1,FMO1_SAIMIRI_BOLIVIENSIS_BOLIVIENSIS_ENSSBOT00000008553_ENSSBOP00000001524_CANONICAL,1e-06,"[1, 5, 6, 13, 14, 16, 25, 28, 35, 38]","[2.409475980279284, 8.486890954170898, 5.088134327128884, 13.34983584417301, 5.778494439335984, 5.404510242361079, 4.892684003673326, 2.336635454854827, 8.62558307716302, 4.143980686736421]","[0.09151206933893358, 0.4091710548412059, 0.3562500063399788, 0.542510738569132, 0.5168913260977387, 0.4734510487681998, 0.6294052702452029, 0.1098069155377244, 0.841626343881274, 0.1262956913344725]","[-2.317963910940351, -8.077719899329692, -4.731884320788906, -12.80732510560388, -5.261603113238245, -4.931059193592879, -4.263278733428123, -2.226828539317103, -7.783956733281745, -4.017684995401948]","[0.9079388235811421, 0.993931414589903, 0.9713587922589346, 0.978557041528829, 0.9553900205488887, 0.9541955855309238, 0.9386150944957626, 0.9819922611922585, 0.932966758813489, 0.9903709777876079]","[0.05625645114710055, 0.002981858596962361, 0.01971379476664828, 0.01475417624382832, 0.03146933171854612, 0.03255960289623159, 0.04139977176201016, 0.01276995147852491, 0.04096108997558803, 0.006522902828928513]","[0.1249410622371609, 0.006268604097611051, 0.04215064238546989, 0.03138753588936737, 0.06810217796920633, 0.07054102069096592, 0.09052056933294061, 0.02711176175695462, 0.08952042493745951, 0.01376163095641808]"
0,0-38,FUBAR,FMO1,FMO1_SAIMIRI_BOLIVIENSIS_BOLIVIENSIS_ENSSBOT00000008635_ENSSBOP00000001530_ALTERNATIVE,2.40252862791864,"[1, 5, 6, 13, 14, 16, 25, 28, 35, 38]","[2.409475980279284, 8.486890954170898, 5.088134327128884, 13.34983584417301, 5.778494439335984, 5.404510242361079, 4.892684003673326, 2.336635454854827, 8.62558307716302, 4.143980686736421]","[0.09151206933893358, 0.4091710548412059, 0.3562500063399788, 0.542510738569132, 0.5168913260977387, 0.4734510487681998, 0.6294052702452029, 0.1098069155377244, 0.841626343881274, 0.1262956913344725]","[-2.317963910940351, -8.077719899329692, -4.731884320788906, -12.80732510560388, -5.261603113238245, -4.931059193592879, -4.263278733428123, -2.226828539317103, -7.783956733281745, -4.017684995401948]","[0.9079388235811421, 0.993931414589903, 0.9713587922589346, 0.978557041528829, 0.9553900205488887, 0.9541955855309238, 0.9386150944957626, 0.9819922611922585, 0.932966758813489, 0.9903709777876079]","[0.05625645114710055, 0.002981858596962361, 0.01971379476664828, 0.01475417624382832, 0.03146933171854612, 0.03255960289623159, 0.04139977176201016, 0.01276995147852491, 0.04096108997558803, 0.006522902828928513]","[0.1249410622371609, 0.006268604097611051, 0.04215064238546989, 0.03138753588936737, 0.06810217796920633, 0.07054102069096592, 0.09052056933294061, 0.02711176175695462, 0.08952042493745951, 0.01376163095641808]"
0,0-38,FUBAR,FMO1,FMO1_SAIMIRI_BOLIVIENSIS_BOLIVIENSIS_ENSSBOT00000008813_ENSSBOP00000001546_ALTERNATIVE,1e-06,"[1, 5, 6, 13, 14, 16, 25, 28, 35, 38]","[2.409475980279284, 8.486890954170898, 5.088134327128884, 13.34983584417301, 5.778494439335984, 5.404510242361079, 4.892684003673326, 2.336635454854827, 8.62558307716302, 4.143980686736421]","[0.09151206933893358, 0.4091710548412059, 0.3562500063399788, 0.542510738569132, 0.5168913260977387, 0.4734510487681998, 0.6294052702452029, 0.1098069155377244, 0.841626343881274, 0.1262956913344725]","[-2.317963910940351, -8.077719899329692, -4.731884320788906, -12.80732510560388, -5.261603113238245, -4.931059193592879, -4.263278733428123, -2.226828539317103, -7.783956733281745, -4.017684995401948]","[0.9079388235811421, 0.993931414589903, 0.9713587922589346, 0.978557041528829, 0.9553900205488887, 0.9541955855309238, 0.9386150944957626, 0.9819922611922585, 0.932966758813489, 0.9903709777876079]","[0.05625645114710055, 0.002981858596962361, 0.01971379476664828, 0.01475417624382832, 0.03146933171854612, 0.03255960289623159, 0.04139977176201016, 0.01276995147852491, 0.04096108997558803, 0.006522902828928513]","[0.1249410622371609, 0.006268604097611051, 0.04215064238546989, 0.03138753588936737, 0.06810217796920633, 0.07054102069096592, 0.09052056933294061, 0.02711176175695462, 0.08952042493745951, 0.01376163095641808]"
0,0-38,FUBAR,FMO1,NODE1,0.008430258325375228,"[1, 5, 6, 13, 14, 16, 25, 28, 35, 38]","[2.409475980279284, 8.486890954170898, 5.088134327128884, 13.34983584417301, 5.778494439335984, 5.404510242361079, 4.892684003673326, 2.336635454854827, 8.62558307716302, 4.143980686736421]","[0.09151206933893358, 0.4091710548412059, 0.3562500063399788, 0.542510738569132, 0.5168913260977387, 0.4734510487681998, 0.6294052702452029, 0.1098069155377244, 0.841626343881274, 0.1262956913344725]","[-2.317963910940351, -8.077719899329692, -4.731884320788906, -12.80732510560388, -5.261603113238245, -4.931059193592879, -4.263278733428123, -2.226828539317103, -7.783956733281745, -4.017684995401948]","[0.9079388235811421, 0.993931414589903, 0.9713587922589346, 0.978557041528829, 0.9553900205488887, 0.9541955855309238, 0.9386150944957626, 0.9819922611922585, 0.932966758813489, 0.9903709777876079]","[0.05625645114710055, 0.002981858596962361, 0.01971379476664828, 0.01475417624382832, 0.03146933171854612, 0.03255960289623159, 0.04139977176201016, 0.01276995147852491, 0.04096108997558803, 0.006522902828928513]","[0.1249410622371609, 0.006268604097611051, 0.04215064238546989, 0.03138753588936737, 0.06810217796920633, 0.07054102069096592, 0.09052056933294061, 0.02711176175695462, 0.08952042493745951, 0.01376163095641808]"
0,0-38,FUBAR,FMO1,NODE12,0.08026329705374452,"[1, 5, 6, 13, 14, 16, 25, 28, 35, 38]","[2.409475980279284, 8.486890954170898, 5.088134327128884, 13.34983584417301, 5.778494439335984, 5.404510242361079, 4.892684003673326, 2.336635454854827, 8.62558307716302, 4.143980686736421]","[0.09151206933893358, 0.4091710548412059, 0.3562500063399788, 0.542510738569132, 0.5168913260977387, 0.4734510487681998, 0.6294052702452029, 0.1098069155377244, 0.841626343881274, 0.1262956913344725]","[-2.317963910940351, -8.077719899329692, -4.731884320788906, -12.80732510560388, -5.261603113238245, -4.931059193592879, -4.263278733428123, -2.226828539317103, -7.783956733281745, -4.017684995401948]","[0.9079388235811421, 0.993931414589903, 0.9713587922589346, 0.978557041528829, 0.9553900205488887, 0.9541955855309238, 0.9386150944957626, 0.9819922611922585, 0.932966758813489, 0.9903709777876079]","[0.05625645114710055, 0.002981858596962361, 0.01971379476664828, 0.01475417624382832, 0.03146933171854612, 0.03255960289623159, 0.04139977176201016, 0.01276995147852491, 0.04096108997558803, 0.006522902828928513]","[0.1249410622371609, 0.006268604097611051, 0.04215064238546989, 0.03138753588936737, 0.06810217796920633, 0.07054102069096592, 0.09052056933294061, 0.02711176175695462, 0.08952042493745951, 0.01376163095641808]"
0,0-38,FUBAR,FMO1,NODE14,0.0430647428977499,"[1, 5, 6, 13, 14, 16, 25, 28, 35, 38]","[2.409475980279284, 8.486890954170898, 5.088134327128884, 13.34983584417301, 5.778494439335984, 5.404510242361079, 4.892684003673326, 2.336635454854827, 8.62558307716302, 4.143980686736421]","[0.09151206933893358, 0.4091710548412059, 0.3562500063399788, 0.542510738569132, 0.5168913260977387, 0.4734510487681998, 0.6294052702452029, 0.1098069155377244, 0.841626343881274, 0.1262956913344725]","[-2.317963910940351, -8.077719899329692, -4.731884320788906, -12.80732510560388, -5.261603113238245, -4.931059193592879, -4.263278733428123, -2.226828539317103, -7.783956733281745, -4.017684995401948]","[0.9079388235811421, 0.993931414589903, 0.9713587922589346, 0.978557041528829, 0.9553900205488887, 0.9541955855309238, 0.9386150944957626, 0.9819922611922585, 0.932966758813489, 0.9903709777876079]","[0.05625645114710055, 0.002981858596962361, 0.01971379476664828, 0.01475417624382832, 0.03146933171854612, 0.03255960289623159, 0.04139977176201016, 0.01276995147852491, 0.04096108997558803, 0.006522902828928513]","[0.1249410622371609, 0.006268604097611051, 0.04215064238546989, 0.03138753588936737, 0.06810217796920633, 0.07054102069096592, 0.09052056933294061, 0.02711176175695462, 0.08952042493745951, 0.01376163095641808]"
0,0-38,FUBAR,FMO1,NODE15,0.06586065346697499,"[1, 5, 6, 13, 14, 16, 25, 28, 35, 38]","[2.409475980279284, 8.486890954170898, 5.088134327128884, 13.34983584417301, 5.778494439335984, 5.404510242361079, 4.892684003673326, 2.336635454854827, 8.62558307716302, 4.143980686736421]","[0.09151206933893358, 0.4091710548412059, 0.3562500063399788, 0.542510738569132, 0.5168913260977387, 0.4734510487681998, 0.6294052702452029, 0.1098069155377244, 0.841626343881274, 0.1262956913344725]","[-2.317963910940351, -8.077719899329692, -4.731884320788906, -12.80732510560388, -5.261603113238245, -4.931059193592879, -4.263278733428123, -2.226828539317103, -7.783956733281745, -4.017684995401948]","[0.9079388235811421, 0.993931414589903, 0.9713587922589346, 0.978557041528829, 0.9553900205488887, 0.9541955855309238, 0.9386150944957626, 0.9819922611922585, 0.932966758813489, 0.9903709777876079]","[0.05625645114710055, 0.002981858596962361, 0.01971379476664828, 0.01475417624382832, 0.03146933171854612, 0.03255960289623159, 0.04139977176201016, 0.01276995147852491, 0.04096108997558803, 0.006522902828928513]","[0.1249410622371609, 0.006268604097611051, 0.04215064238546989, 0.03138753588936737, 0.06810217796920633, 0.07054102069096592, 0.09052056933294061, 0.02711176175695462, 0.08952042493745951, 0.01376163095641808]"
0,0-38,FUBAR,FMO1,NODE16,0.01426104960638228,"[1, 5, 6, 13, 14, 16, 25, 28, 35, 38]","[2.409475980279284, 8.486890954170898, 5.088134327128884, 13.34983584417301, 5.778494439335984, 5.404510242361079, 4.892684003673326, 2.336635454854827, 8.62558307716302, 4.143980686736421]","[0.09151206933893358, 0.4091710548412059, 0.3562500063399788, 0.542510738569132, 0.5168913260977387, 0.4734510487681998, 0.6294052702452029, 0.1098069155377244, 0.841626343881274, 0.1262956913344725]","[-2.317963910940351, -8.077719899329692, -4.731884320788906, -12.80732510560388, -5.261603113238245, -4.931059193592879, -4.263278733428123, -2.226828539317103, -7.783956733281745, -4.017684995401948]","[0.9079388235811421, 0.993931414589903, 0.9713587922589346, 0.978557041528829, 0.9553900205488887, 0.9541955855309238, 0.9386150944957626, 0.9819922611922585, 0.932966758813489, 0.9903709777876079]","[0.05625645114710055, 0.002981858596962361, 0.01971379476664828, 0.01475417624382832, 0.03146933171854612, 0.03255960289623159, 0.04139977176201016, 0.01276995147852491, 0.04096108997558803, 0.006522902828928513]","[0.1249410622371609, 0.006268604097611051, 0.04215064238546989, 0.03138753588936737, 0.06810217796920633, 0.07054102069096592, 0.09052056933294061, 0.02711176175695462, 0.08952042493745951, 0.01376163095641808]"
0,0-38,FUBAR,FMO1,NODE3,0.008435644864327898,"[1, 5, 6, 13, 14, 16, 25, 28, 35, 38]","[2.409475980279284, 8.486890954170898, 5.088134327128884, 13.34983584417301, 5.778494439335984, 5.404510242361079, 4.892684003673326, 2.336635454854827, 8.62558307716302, 4.143980686736421]","[0.09151206933893358, 0.4091710548412059, 0.3562500063399788, 0.542510738569132, 0.5168913260977387, 0.4734510487681998, 0.6294052702452029, 0.1098069155377244, 0.841626343881274, 0.1262956913344725]","[-2.317963910940351, -8.077719899329692, -4.731884320788906, -12.80732510560388, -5.261603113238245, -4.931059193592879, -4.263278733428123, -2.226828539317103, -7.783956733281745, -4.017684995401948]","[0.9079388235811421, 0.993931414589903, 0.9713587922589346, 0.978557041528829, 0.9553900205488887, 0.9541955855309238, 0.9386150944957626, 0.9819922611922585, 0.932966758813489, 0.9903709777876079]","[0.05625645114710055, 0.002981858596962361, 0.01971379476664828, 0.01475417624382832, 0.03146933171854612, 0.03255960289623159, 0.04139977176201016, 0.01276995147852491, 0.04096108997558803, 0.006522902828928513]","[0.1249410622371609, 0.006268604097611051, 0.04215064238546989, 0.03138753588936737, 0.06810217796920633, 0.07054102069096592, 0.09052056933294061, 0.02711176175695462, 0.08952042493745951, 0.01376163095641808]"
0,0-38,FUBAR,FMO1,NODE35,0.008432223253075317,"[1, 5, 6, 13, 14, 16, 25, 28, 35, 38]","[2.409475980279284, 8.486890954170898, 5.088134327128884, 13.34983584417301, 5.778494439335984, 5.404510242361079, 4.892684003673326, 2.336635454854827, 8.62558307716302, 4.143980686736421]","[0.09151206933893358, 0.4091710548412059, 0.3562500063399788, 0.542510738569132, 0.5168913260977387, 0.4734510487681998, 0.6294052702452029, 0.1098069155377244, 0.841626343881274, 0.1262956913344725]","[-2.317963910940351, -8.077719899329692, -4.731884320788906, -12.80732510560388, -5.261603113238245, -4.931059193592879, -4.263278733428123, -2.226828539317103, -7.783956733281745, -4.017684995401948]","[0.9079388235811421, 0.993931414589903, 0.9713587922589346, 0.978557041528829, 0.9553900205488887, 0.9541955855309238, 0.9386150944957626, 0.9819922611922585, 0.932966758813489, 0.9903709777876079]","[0.05625645114710055, 0.002981858596962361, 0.01971379476664828, 0.01475417624382832, 0.03146933171854612, 0.03255960289623159, 0.04139977176201016, 0.01276995147852491, 0.04096108997558803, 0.006522902828928513]","[0.1249410622371609, 0.006268604097611051, 0.04215064238546989, 0.03138753588936737, 0.06810217796920633, 0.07054102069096592, 0.09052056933294061, 0.02711176175695462, 0.08952042493745951, 0.01376163095641808]"
0,0-38,FUBAR,FMO1,NODE44,0.02585498034796683,"[1, 5, 6, 13, 14, 16, 25, 28, 35, 38]","[2.409475980279284, 8.486890954170898, 5.088134327128884, 13.34983584417301, 5.778494439335984, 5.404510242361079, 4.892684003673326, 2.336635454854827, 8.62558307716302, 4.143980686736421]","[0.09151206933893358, 0.4091710548412059, 0.3562500063399788, 0.542510738569132, 0.5168913260977387, 0.4734510487681998, 0.6294052702452029, 0.1098069155377244, 0.841626343881274, 0.1262956913344725]","[-2.317963910940351, -8.077719899329692, -4.731884320788906, -12.80732510560388, -5.261603113238245, -4.931059193592879, -4.263278733428123, -2.226828539317103, -7.783956733281745, -4.017684995401948]","[0.9079388235811421, 0.993931414589903, 0.9713587922589346, 0.978557041528829, 0.9553900205488887, 0.9541955855309238, 0.9386150944957626, 0.9819922611922585, 0.932966758813489, 0.9903709777876079]","[0.05625645114710055, 0.002981858596962361, 0.01971379476664828, 0.01475417624382832, 0.03146933171854612, 0.03255960289623159, 0.04139977176201016, 0.01276995147852491, 0.04096108997558803, 0.006522902828928513]","[0.1249410622371609, 0.006268604097611051, 0.04215064238546989, 0.03138753588936737, 0.06810217796920633, 0.07054102069096592, 0.09052056933294061, 0.02711176175695462, 0.08952042493745951, 0.01376163095641808]"
0,0-38,FUBAR,FMO1,NODE45,0.008458960048845214,"[1, 5, 6, 13, 14, 16, 25, 28, 35, 38]","[2.409475980279284, 8.486890954170898, 5.088134327128884, 13.34983584417301, 5.778494439335984, 5.404510242361079, 4.892684003673326, 2.336635454854827, 8.62558307716302, 4.143980686736421]","[0.09151206933893358, 0.4091710548412059, 0.3562500063399788, 0.542510738569132, 0.5168913260977387, 0.4734510487681998, 0.6294052702452029, 0.1098069155377244, 0.841626343881274, 0.1262956913344725]","[-2.317963910940351, -8.077719899329692, -4.731884320788906, -12.80732510560388, -5.261603113238245, -4.931059193592879, -4.263278733428123, -2.226828539317103, -7.783956733281745, -4.017684995401948]","[0.9079388235811421, 0.993931414589903, 0.9713587922589346, 0.978557041528829, 0.9553900205488887, 0.9541955855309238, 0.9386150944957626, 0.9819922611922585, 0.932966758813489, 0.9903709777876079]","[0.05625645114710055, 0.002981858596962361, 0.01971379476664828, 0.01475417624382832, 0.03146933171854612, 0.03255960289623159, 0.04139977176201016, 0.01276995147852491, 0.04096108997558803, 0.006522902828928513]","[0.1249410622371609, 0.006268604097611051, 0.04215064238546989, 0.03138753588936737, 0.06810217796920633, 0.07054102069096592, 0.09052056933294061, 0.02711176175695462, 0.08952042493745951, 0.01376163095641808]"
0,0-38,FUBAR,FMO1,NODE53,0.008490509881243249,"[1, 5, 6, 13, 14, 16, 25, 28, 35, 38]","[2.409475980279284, 8.486890954170898, 5.088134327128884, 13.34983584417301, 5.778494439335984, 5.404510242361079, 4.892684003673326, 2.336635454854827, 8.62558307716302, 4.143980686736421]","[0.09151206933893358, 0.4091710548412059, 0.3562500063399788, 0.542510738569132, 0.5168913260977387, 0.4734510487681998, 0.6294052702452029, 0.1098069155377244, 0.841626343881274, 0.1262956913344725]","[-2.317963910940351, -8.077719899329692, -4.731884320788906, -12.80732510560388, -5.261603113238245, -4.931059193592879, -4.263278733428123, -2.226828539317103, -7.783956733281745, -4.017684995401948]","[0.9079388235811421, 0.993931414589903, 0.9713587922589346, 0.978557041528829, 0.9553900205488887, 0.9541955855309238, 0.9386150944957626, 0.9819922611922585, 0.932966758813489, 0.9903709777876079]","[0.05625645114710055, 0.002981858596962361, 0.01971379476664828, 0.01475417624382832, 0.03146933171854612, 0.03255960289623159, 0.04139977176201016, 0.01276995147852491, 0.04096108997558803, 0.006522902828928513]","[0.1249410622371609, 0.006268604097611051, 0.04215064238546989, 0.03138753588936737, 0.06810217796920633, 0.07054102069096592, 0.09052056933294061, 0.02711176175695462, 0.08952042493745951, 0.01376163095641808]"
0,0-38,FUBAR,FMO1,NODE60,0.008435275345101405,"[1, 5, 6, 13, 14, 16, 25, 28, 35, 38]","[2.409475980279284, 8.486890954170898, 5.088134327128884, 13.34983584417301, 5.778494439335984, 5.404510242361079, 4.892684003673326, 2.336635454854827, 8.62558307716302, 4.143980686736421]","[0.09151206933893358, 0.4091710548412059, 0.3562500063399788, 0.542510738569132, 0.5168913260977387, 0.4734510487681998, 0.6294052702452029, 0.1098069155377244, 0.841626343881274, 0.1262956913344725]","[-2.317963910940351, -8.077719899329692, -4.731884320788906, -12.80732510560388, -5.261603113238245, -4.931059193592879, -4.263278733428123, -2.226828539317103, -7.783956733281745, -4.017684995401948]","[0.9079388235811421, 0.993931414589903, 0.9713587922589346, 0.978557041528829, 0.9553900205488887, 0.9541955855309238, 0.9386150944957626, 0.9819922611922585, 0.932966758813489, 0.9903709777876079]","[0.05625645114710055, 0.002981858596962361, 0.01971379476664828, 0.01475417624382832, 0.03146933171854612, 0.03255960289623159, 0.04139977176201016, 0.01276995147852491, 0.04096108997558803, 0.006522902828928513]","[0.1249410622371609, 0.006268604097611051, 0.04215064238546989, 0.03138753588936737, 0.06810217796920633, 0.07054102069096592, 0.09052056933294061, 0.02711176175695462, 0.08952042493745951, 0.01376163095641808]"
0,0-38,FUBAR,FMO1,NODE72,0.01702197323833613,"[1, 5, 6, 13, 14, 16, 25, 28, 35, 38]","[2.409475980279284, 8.486890954170898, 5.088134327128884, 13.34983584417301, 5.778494439335984, 5.404510242361079, 4.892684003673326, 2.336635454854827, 8.62558307716302, 4.143980686736421]","[0.09151206933893358, 0.4091710548412059, 0.3562500063399788, 0.542510738569132, 0.5168913260977387, 0.4734510487681998, 0.6294052702452029, 0.1098069155377244, 0.841626343881274, 0.1262956913344725]","[-2.317963910940351, -8.077719899329692, -4.731884320788906, -12.80732510560388, -5.261603113238245, -4.931059193592879, -4.263278733428123, -2.226828539317103, -7.783956733281745, -4.017684995401948]","[0.9079388235811421, 0.993931414589903, 0.9713587922589346, 0.978557041528829, 0.9553900205488887, 0.9541955855309238, 0.9386150944957626, 0.9819922611922585, 0.932966758813489, 0.9903709777876079]","[0.05625645114710055, 0.002981858596962361, 0.01971379476664828, 0.01475417624382832, 0.03146933171854612, 0.03255960289623159, 0.04139977176201016, 0.01276995147852491, 0.04096108997558803, 0.006522902828928513]","[0.1249410622371609, 0.006268604097611051, 0.04215064238546989, 0.03138753588936737, 0.06810217796920633, 0.07054102069096592, 0.09052056933294061, 0.02711176175695462, 0.08952042493745951, 0.01376163095641808]"
0,0-38,FUBAR,FMO1,NODE8,0.008435268138064993,"[1, 5, 6, 13, 14, 16, 25, 28, 35, 38]","[2.409475980279284, 8.486890954170898, 5.088134327128884, 13.34983584417301, 5.778494439335984, 5.404510242361079, 4.892684003673326, 2.336635454854827, 8.62558307716302, 4.143980686736421]","[0.09151206933893358, 0.4091710548412059, 0.3562500063399788, 0.542510738569132, 0.5168913260977387, 0.4734510487681998, 0.6294052702452029, 0.1098069155377244, 0.841626343881274, 0.1262956913344725]","[-2.317963910940351, -8.077719899329692, -4.731884320788906, -12.80732510560388, -5.261603113238245, -4.931059193592879, -4.263278733428123, -2.226828539317103, -7.783956733281745, -4.017684995401948]","[0.9079388235811421, 0.993931414589903, 0.9713587922589346, 0.978557041528829, 0.9553900205488887, 0.9541955855309238, 0.9386150944957626, 0.9819922611922585, 0.932966758813489, 0.9903709777876079]","[0.05625645114710055, 0.002981858596962361, 0.01971379476664828, 0.01475417624382832, 0.03146933171854612, 0.03255960289623159, 0.04139977176201016, 0.01276995147852491, 0.04096108997558803, 0.006522902828928513]","[0.1249410622371609, 0.006268604097611051, 0.04215064238546989, 0.03138753588936737, 0.06810217796920633, 0.07054102069096592, 0.09052056933294061, 0.02711176175695462, 0.08952042493745951, 0.01376163095641808]"
1,39-532,FUBAR,FMO1,FMO1_AOTUS_NANCYMAAE_ENSANAT00000040521_ENSANAP00000022623_CANONICAL,1e-06,"[20, 31, 32, 48, 59, 88, 97, 109, 117, 119, 130, 135, 140, 156, 166, 168, 176, 189, 190, 191, 204, 207, 210, 227, 228, 230, 245, 253, 263, 271, 280, 311, 312, 327, 337, 341, 348, 357, 369, 373, 387, 389, 426, 468, 473, 477, 478]","[4.827838812710351, 15.33947692895842, 5.591237357410443, 2.459867403653099, 6.54705908179896, 4.567624008355658, 7.022760972730953, 4.769233802336779, 2.94418162101573, 6.653286338280054, 4.331994893798173, 3.499194458494555, 3.716032456110102, 2.813443938007131, 8.372520787751442, 7.235367287257077, 4.325910710353609, 4.598585431189511, 8.336923393249338, 4.466343682840129, 6.368822823491291, 4.286850647198564, 7.87204490370601, 11.24808426743036, 4.54840830052572, 17.29129927758455, 4.735180523503381, 5.88302571929393, 3.027957660762411, 4.870107656985635, 10.05296389438003, 4.96084249852779, 5.027977987858181, 2.772475429789361, 4.51779988374981, 5.180810053087858, 6.14217848953842, 4.366207165718851, 0.9255705479514847, 5.77408003604016, 6.664144073429021, 3.948591402703608, 8.493103766722108, 6.300697719630503, 6.62752001797441, 7.73651729255798, 0.6907091857121891]","[0.3250778709333811, 0.3804714135613663, 0.3110218673911078, 0.3171041394805214, 0.324818381828677, 0.3860402104846948, 0.8534172452597403, 0.3683498598263802, 0.3542637205722974, 0.3817009686441051, 0.3465652248503545, 0.3748219401779477, 0.2933423604281719, 0.3682153667414569, 0.3827519404612954, 0.3835352166080206, 0.3598776221275464, 0.3669479951927143, 0.424577036591877, 0.3558292572988055, 0.5080285864220099, 0.3695115224887978, 0.3870211970568603, 0.4077606063781379, 0.3611367830740993, 0.4695876363782491, 0.4298397028207677, 0.3863814883563935, 0.3479140700181132, 0.3938289149270188, 0.4258985070103902, 0.3648029337211296, 0.3989705982656121, 0.4120051054698955, 0.3660603918015264, 0.3615901495718773, 0.3952895906849096, 0.3845083990560773, 5.179491150807232, 0.3682611554314912, 0.3917852200335362, 0.4298232712963232, 0.4049690848152185, 0.38911415012834, 0.3909244946043308, 0.3958537892316184, 6.107568171810311]","[-4.502760941776971, -14.95900551539705, -5.280215490019335, -2.142763264172578, -6.222240699970284, -4.181583797870963, -6.169343727471213, -4.400883942510399, -2.589917900443433, -6.271585369635949, -3.985429668947819, -3.124372518316608, -3.42269009568193, -2.445228571265674, -7.989768847290147, -6.851832070649056, -3.966033088226063, -4.231637435996796, -7.91234635665746, -4.110514425541323, -5.860794237069281, -3.917339124709767, -7.48502370664915, -10.84032366105223, -4.187271517451621, -16.8217116412063, -4.305340820682613, -5.496644230937537, -2.680043590744298, -4.476278742058616, -9.627065387369644, -4.59603956480666, -4.629007389592569, -2.360470324319465, -4.151739491948284, -4.819219903515981, -5.74688889885351, -3.981698766662774, 4.253920602855747, -5.405818880608669, -6.272358853395485, -3.518768131407285, -8.088134681906888, -5.911583569502163, -6.236595523370079, -7.340663503326361, 5.416858986098123]","[0.9878749946291778, 0.9997578696804336, 0.9772071954911388, 0.9003616634052157, 0.980182295865513, 0.9633479438866271, 0.9321097165816139, 0.9695103168298859, 0.9092796641397443, 0.9775869863749447, 0.9657496933060266, 0.950654265731284, 0.9700434315573195, 0.9011767579414239, 0.9820936970843349, 0.9938126898718609, 0.9646325798510359, 0.9676943792082922, 0.9773080316294318, 0.9679212805707065, 0.9629932128941049, 0.9632803780841583, 0.9941377436005367, 0.9966518062748271, 0.9673223867372739, 0.9980790613464857, 0.9777505532395218, 0.9734076062182643, 0.901186491180328, 0.9664564185961372, 0.9833702563918686, 0.9716681094097689, 0.9668794338707445, 0.922154711576705, 0.9659936753491217, 0.9747479222777593, 0.9905597509907772, 0.9622491104249721, 0.04888856601420098, 0.9760122896699114, 0.9773979195187201, 0.9466414973376985, 0.9845336177208517, 0.9827230059092195, 0.9777861714740014, 0.9798730635350906, 0.02221320606447481]","[0.007371329807933456, 4.670713825261187e-05, 0.01601991049391417, 0.07680785314739699, 0.01379824227505093, 0.02493774573226633, 0.04042852564402735, 0.02080434573137853, 0.06952045224900802, 0.01507819612936441, 0.02391433697562544, 0.03429000077487641, 0.02116887496050541, 0.07585859810997228, 0.01203514930405689, 0.003234513699068655, 0.02445690427913315, 0.02213265632148644, 0.0148067426776257, 0.02213184038211912, 0.02643146319649414, 0.02525664610682287, 0.003054653311929021, 0.001636285243847484, 0.02249941629357652, 0.0007369440366737696, 0.01158749606172284, 0.01795143058169253, 0.07630720338456758, 0.02257225794533017, 0.01073682911235808, 0.01934226809095004, 0.02221583811028244, 0.05490896045738886, 0.0233891262953024, 0.01716577940307576, 0.004879498226222945, 0.02571579726731507, 0.9027044293750803, 0.0163062411478048, 0.0150779055642679, 0.03608523382694267, 0.01003849895628018, 0.0111401131176746, 0.01481594945870028, 0.01337060751176584, 0.9486632845355952]","[0.01556488391600496, 9.790173807389635e-05, 0.03412405494489722, 0.174381489473308, 0.02932546126697648, 0.05360579062892887, 0.08830746801448629, 0.04453192233770936, 0.1566003091321101, 0.03208739749337877, 0.05135198889800652, 0.07442307749295869, 0.04532907585584867, 0.1720494320514834, 0.02553270612316033, 0.006801471162308195, 0.0525462686881069, 0.04743953849049879, 0.03150104463886835, 0.04743775000881329, 0.05690383460168147, 0.05430905604322599, 0.00642210548199632, 0.003435239996388588, 0.0482437528451973, 0.00154575811670619, 0.02457187100528674, 0.03831359945844669, 0.1731509339488618, 0.04840354849663284, 0.02274841056519558, 0.0413406022984955, 0.04762188278221636, 0.1217745221555855, 0.05019717788277623, 0.03660750376158997, 0.01027747309851492, 0.05532242267747688, 19.44640659617643, 0.03474407891036158, 0.0320867696856315, 0.07846531969560996, 0.02125383627210444, 0.02361248519625256, 0.03152092644667156, 0.02840429072956255, 38.73208459789364]"
1,39-532,FUBAR,FMO1,FMO1_AOTUS_NANCYMAAE_ENSANAT00000040527_ENSANAP00000022629_ALTERNATIVE,1e-06,"[20, 31, 32, 48, 59, 88, 97, 109, 117, 119, 130, 135, 140, 156, 166, 168, 176, 189, 190, 191, 204, 207, 210, 227, 228, 230, 245, 253, 263, 271, 280, 311, 312, 327, 337, 341, 348, 357, 369, 373, 387, 389, 426, 468, 473, 477, 478]","[4.827838812710351, 15.33947692895842, 5.591237357410443, 2.459867403653099, 6.54705908179896, 4.567624008355658, 7.022760972730953, 4.769233802336779, 2.94418162101573, 6.653286338280054, 4.331994893798173, 3.499194458494555, 3.716032456110102, 2.813443938007131, 8.372520787751442, 7.235367287257077, 4.325910710353609, 4.598585431189511, 8.336923393249338, 4.466343682840129, 6.368822823491291, 4.286850647198564, 7.87204490370601, 11.24808426743036, 4.54840830052572, 17.29129927758455, 4.735180523503381, 5.88302571929393, 3.027957660762411, 4.870107656985635, 10.05296389438003, 4.96084249852779, 5.027977987858181, 2.772475429789361, 4.51779988374981, 5.180810053087858, 6.14217848953842, 4.366207165718851, 0.9255705479514847, 5.77408003604016, 6.664144073429021, 3.948591402703608, 8.493103766722108, 6.300697719630503, 6.62752001797441, 7.73651729255798, 0.6907091857121891]","[0.3250778709333811, 0.3804714135613663, 0.3110218673911078, 0.3171041394805214, 0.324818381828677, 0.3860402104846948, 0.8534172452597403, 0.3683498598263802, 0.3542637205722974, 0.3817009686441051, 0.3465652248503545, 0.3748219401779477, 0.2933423604281719, 0.3682153667414569, 0.3827519404612954, 0.3835352166080206, 0.3598776221275464, 0.3669479951927143, 0.424577036591877, 0.3558292572988055, 0.5080285864220099, 0.3695115224887978, 0.3870211970568603, 0.4077606063781379, 0.3611367830740993, 0.4695876363782491, 0.4298397028207677, 0.3863814883563935, 0.3479140700181132, 0.3938289149270188, 0.4258985070103902, 0.3648029337211296, 0.3989705982656121, 0.4120051054698955, 0.3660603918015264, 0.3615901495718773, 0.3952895906849096, 0.3845083990560773, 5.179491150807232, 0.3682611554314912, 0.3917852200335362, 0.4298232712963232, 0.4049690848152185, 0.38911415012834, 0.3909244946043308, 0.3958537892316184, 6.107568171810311]","[-4.502760941776971, -14.95900551539705, -5.280215490019335, -2.142763264172578, -6.222240699970284, -4.181583797870963, -6.169343727471213, -4.400883942510399, -2.589917900443433, -6.271585369635949, -3.985429668947819, -3.124372518316608, -3.42269009568193, -2.445228571265674, -7.989768847290147, -6.851832070649056, -3.966033088226063, -4.231637435996796, -7.91234635665746, -4.110514425541323, -5.860794237069281, -3.917339124709767, -7.48502370664915, -10.84032366105223, -4.187271517451621, -16.8217116412063, -4.305340820682613, -5.496644230937537, -2.680043590744298, -4.476278742058616, -9.627065387369644, -4.59603956480666, -4.629007389592569, -2.360470324319465, -4.151739491948284, -4.819219903515981, -5.74688889885351, -3.981698766662774, 4.253920602855747, -5.405818880608669, -6.272358853395485, -3.518768131407285, -8.088134681906888, -5.911583569502163, -6.236595523370079, -7.340663503326361, 5.416858986098123]","[0.9878749946291778, 0.9997578696804336, 0.9772071954911388, 0.9003616634052157, 0.980182295865513, 0.9633479438866271, 0.9321097165816139, 0.9695103168298859, 0.9092796641397443, 0.9775869863749447, 0.9657496933060266, 0.950654265731284, 0.9700434315573195, 0.9011767579414239, 0.9820936970843349, 0.9938126898718609, 0.9646325798510359, 0.9676943792082922, 0.9773080316294318, 0.9679212805707065, 0.9629932128941049, 0.9632803780841583, 0.9941377436005367, 0.9966518062748271, 0.9673223867372739, 0.9980790613464857, 0.9777505532395218, 0.9734076062182643, 0.901186491180328, 0.9664564185961372, 0.9833702563918686, 0.9716681094097689, 0.9668794338707445, 0.922154711576705, 0.9659936753491217, 0.9747479222777593, 0.9905597509907772, 0.9622491104249721, 0.04888856601420098, 0.9760122896699114, 0.9773979195187201, 0.9466414973376985, 0.9845336177208517, 0.9827230059092195, 0.9777861714740014, 0.9798730635350906, 0.02221320606447481]","[0.007371329807933456, 4.670713825261187e-05, 0.01601991049391417, 0.07680785314739699, 0.01379824227505093, 0.02493774573226633, 0.04042852564402735, 0.02080434573137853, 0.06952045224900802, 0.01507819612936441, 0.02391433697562544, 0.03429000077487641, 0.02116887496050541, 0.07585859810997228, 0.01203514930405689, 0.003234513699068655, 0.02445690427913315, 0.02213265632148644, 0.0148067426776257, 0.02213184038211912, 0.02643146319649414, 0.02525664610682287, 0.003054653311929021, 0.001636285243847484, 0.02249941629357652, 0.0007369440366737696, 0.01158749606172284, 0.01795143058169253, 0.07630720338456758, 0.02257225794533017, 0.01073682911235808, 0.01934226809095004, 0.02221583811028244, 0.05490896045738886, 0.0233891262953024, 0.01716577940307576, 0.004879498226222945, 0.02571579726731507, 0.9027044293750803, 0.0163062411478048, 0.0150779055642679, 0.03608523382694267, 0.01003849895628018, 0.0111401131176746, 0.01481594945870028, 0.01337060751176584, 0.9486632845355952]","[0.01556488391600496, 9.790173807389635e-05, 0.03412405494489722, 0.174381489473308, 0.02932546126697648, 0.05360579062892887, 0.08830746801448629, 0.04453192233770936, 0.1566003091321101, 0.03208739749337877, 0.05135198889800652, 0.07442307749295869, 0.04532907585584867, 0.1720494320514834, 0.02553270612316033, 0.006801471162308195, 0.0525462686881069, 0.04743953849049879, 0.03150104463886835, 0.04743775000881329, 0.05690383460168147, 0.05430905604322599, 0.00642210548199632, 0.003435239996388588, 0.0482437528451973, 0.00154575811670619, 0.02457187100528674, 0.03831359945844669, 0.1731509339488618, 0.04840354849663284, 0.02274841056519558, 0.0413406022984955, 0.04762188278221636, 0.1217745221555855, 0.05019717788277623, 0.03660750376158997, 0.01027747309851492, 0.05532242267747688, 19.44640659617643, 0.03474407891036158, 0.0320867696856315, 0.07846531969560996, 0.02125383627210444, 0.02361248519625256, 0.03152092644667156, 0.02840429072956255, 38.73208459789364]"
1,39-532,FUBAR,FMO1,FMO1_AOTUS_NANCYMAAE_ENSANAT00000040529_ENSANAP00000022632_ALTERNATIVE,1e-06,"[20, 31, 32, 48, 59, 88, 97, 109, 117, 119, 130, 135, 140, 156, 166, 168, 176, 189, 190, 191, 204, 207, 210, 227, 228, 230, 245, 253, 263, 271, 280, 311, 312, 327, 337, 341, 348, 357, 369, 373, 387, 389, 426, 468, 473, 477, 478]","[4.827838812710351, 15.33947692895842, 5.591237357410443, 2.459867403653099, 6.54705908179896, 4.567624008355658, 7.022760972730953, 4.769233802336779, 2.94418162101573, 6.653286338280054, 4.331994893798173, 3.499194458494555, 3.716032456110102, 2.813443938007131, 8.372520787751442, 7.235367287257077, 4.325910710353609, 4.598585431189511, 8.336923393249338, 4.466343682840129, 6.368822823491291, 4.286850647198564, 7.87204490370601, 11.24808426743036, 4.54840830052572, 17.29129927758455, 4.735180523503381, 5.88302571929393, 3.027957660762411, 4.870107656985635, 10.05296389438003, 4.96084249852779, 5.027977987858181, 2.772475429789361, 4.51779988374981, 5.180810053087858, 6.14217848953842, 4.366207165718851, 0.9255705479514847, 5.77408003604016, 6.664144073429021, 3.948591402703608, 8.493103766722108, 6.300697719630503, 6.62752001797441, 7.73651729255798, 0.6907091857121891]","[0.3250778709333811, 0.3804714135613663, 0.3110218673911078, 0.3171041394805214, 0.324818381828677, 0.3860402104846948, 0.8534172452597403, 0.3683498598263802, 0.3542637205722974, 0.3817009686441051, 0.3465652248503545, 0.3748219401779477, 0.2933423604281719, 0.3682153667414569, 0.3827519404612954, 0.3835352166080206, 0.3598776221275464, 0.3669479951927143, 0.424577036591877, 0.3558292572988055, 0.5080285864220099, 0.3695115224887978, 0.3870211970568603, 0.4077606063781379, 0.3611367830740993, 0.4695876363782491, 0.4298397028207677, 0.3863814883563935, 0.3479140700181132, 0.3938289149270188, 0.4258985070103902, 0.3648029337211296, 0.3989705982656121, 0.4120051054698955, 0.3660603918015264, 0.3615901495718773, 0.3952895906849096, 0.3845083990560773, 5.179491150807232, 0.3682611554314912, 0.3917852200335362, 0.4298232712963232, 0.4049690848152185, 0.38911415012834, 0.3909244946043308, 0.3958537892316184, 6.107568171810311]","[-4.502760941776971, -14.95900551539705, -5.280215490019335, -2.142763264172578, -6.222240699970284, -4.181583797870963, -6.169343727471213, -4.400883942510399, -2.589917900443433, -6.271585369635949, -3.985429668947819, -3.124372518316608, -3.42269009568193, -2.445228571265674, -7.989768847290147, -6.851832070649056, -3.966033088226063, -4.231637435996796, -7.91234635665746, -4.110514425541323, -5.860794237069281, -3.917339124709767, -7.48502370664915, -10.84032366105223, -4.187271517451621, -16.8217116412063, -4.305340820682613, -5.496644230937537, -2.680043590744298, -4.476278742058616, -9.627065387369644, -4.59603956480666, -4.629007389592569, -2.360470324319465, -4.151739491948284, -4.819219903515981, -5.74688889885351, -3.981698766662774, 4.253920602855747, -5.405818880608669, -6.272358853395485, -3.518768131407285, -8.088134681906888, -5.911583569502163, -6.236595523370079, -7.340663503326361, 5.416858986098123]","[0.9878749946291778, 0.9997578696804336, 0.9772071954911388, 0.9003616634052157, 0.980182295865513, 0.9633479438866271, 0.9321097165816139, 0.9695103168298859, 0.9092796641397443, 0.9775869863749447, 0.9657496933060266, 0.950654265731284, 0.9700434315573195, 0.9011767579414239, 0.9820936970843349, 0.9938126898718609, 0.9646325798510359, 0.9676943792082922, 0.9773080316294318, 0.9679212805707065, 0.9629932128941049, 0.9632803780841583, 0.9941377436005367, 0.9966518062748271, 0.9673223867372739, 0.9980790613464857, 0.9777505532395218, 0.9734076062182643, 0.901186491180328, 0.9664564185961372, 0.9833702563918686, 0.9716681094097689, 0.9668794338707445, 0.922154711576705, 0.9659936753491217, 0.9747479222777593, 0.9905597509907772, 0.9622491104249721, 0.04888856601420098, 0.9760122896699114, 0.9773979195187201, 0.9466414973376985, 0.9845336177208517, 0.9827230059092195, 0.9777861714740014, 0.9798730635350906, 0.02221320606447481]","[0.007371329807933456, 4.670713825261187e-05, 0.01601991049391417, 0.07680785314739699, 0.01379824227505093, 0.02493774573226633, 0.04042852564402735, 0.02080434573137853, 0.06952045224900802, 0.01507819612936441, 0.02391433697562544, 0.03429000077487641, 0.02116887496050541, 0.07585859810997228, 0.01203514930405689, 0.003234513699068655, 0.02445690427913315, 0.02213265632148644, 0.0148067426776257, 0.02213184038211912, 0.02643146319649414, 0.02525664610682287, 0.003054653311929021, 0.001636285243847484, 0.02249941629357652, 0.0007369440366737696, 0.01158749606172284, 0.01795143058169253, 0.07630720338456758, 0.02257225794533017, 0.01073682911235808, 0.01934226809095004, 0.02221583811028244, 0.05490896045738886, 0.0233891262953024, 0.01716577940307576, 0.004879498226222945, 0.02571579726731507, 0.9027044293750803, 0.0163062411478048, 0.0150779055642679, 0.03608523382694267, 0.01003849895628018, 0.0111401131176746, 0.01481594945870028, 0.01337060751176584, 0.9486632845355952]","[0.01556488391600496, 9.790173807389635e-05, 0.03412405494489722, 0.174381489473308, 0.02932546126697648, 0.05360579062892887, 0.08830746801448629, 0.04453192233770936, 0.1566003091321101, 0.03208739749337877, 0.05135198889800652, 0.07442307749295869, 0.04532907585584867, 0.1720494320514834, 0.02553270612316033, 0.006801471162308195, 0.0525462686881069, 0.04743953849049879, 0.03150104463886835, 0.04743775000881329, 0.05690383460168147, 0.05430905604322599, 0.00642210548199632, 0.003435239996388588, 0.0482437528451973, 0.00154575811670619, 0.02457187100528674, 0.03831359945844669, 0.1731509339488618, 0.04840354849663284, 0.02274841056519558, 0.0413406022984955, 0.04762188278221636, 0.1217745221555855, 0.05019717788277623, 0.03660750376158997, 0.01027747309851492, 0.05532242267747688, 19.44640659617643, 0.03474407891036158, 0.0320867696856315, 0.07846531969560996, 0.02125383627210444, 0.02361248519625256, 0.03152092644667156, 0.02840429072956255, 38.73208459789364]"
1,39-532,FUBAR,FMO1,FMO1_CALLITHRIX_JACCHUS_ENSCJAT00000019060_ENSCJAP00000018032_CANONICAL,1e-06,"[20, 31, 32, 48, 59, 88, 97, 109, 117, 119, 130, 135, 140, 156, 166, 168, 176, 189, 190, 191, 204, 207, 210, 227, 228, 230, 245, 253, 263, 271, 280, 311, 312, 327, 337, 341, 348, 357, 369, 373, 387, 389, 426, 468, 473, 477, 478]","[4.827838812710351, 15.33947692895842, 5.591237357410443, 2.459867403653099, 6.54705908179896, 4.567624008355658, 7.022760972730953, 4.769233802336779, 2.94418162101573, 6.653286338280054, 4.331994893798173, 3.499194458494555, 3.716032456110102, 2.813443938007131, 8.372520787751442, 7.235367287257077, 4.325910710353609, 4.598585431189511, 8.336923393249338, 4.466343682840129, 6.368822823491291, 4.286850647198564, 7.87204490370601, 11.24808426743036, 4.54840830052572, 17.29129927758455, 4.735180523503381, 5.88302571929393, 3.027957660762411, 4.870107656985635, 10.05296389438003, 4.96084249852779, 5.027977987858181, 2.772475429789361, 4.51779988374981, 5.180810053087858, 6.14217848953842, 4.366207165718851, 0.9255705479514847, 5.77408003604016, 6.664144073429021, 3.948591402703608, 8.493103766722108, 6.300697719630503, 6.62752001797441, 7.73651729255798, 0.6907091857121891]","[0.3250778709333811, 0.3804714135613663, 0.3110218673911078, 0.3171041394805214, 0.324818381828677, 0.3860402104846948, 0.8534172452597403, 0.3683498598263802, 0.3542637205722974, 0.3817009686441051, 0.3465652248503545, 0.3748219401779477, 0.2933423604281719, 0.3682153667414569, 0.3827519404612954, 0.3835352166080206, 0.3598776221275464, 0.3669479951927143, 0.424577036591877, 0.3558292572988055, 0.5080285864220099, 0.3695115224887978, 0.3870211970568603, 0.4077606063781379, 0.3611367830740993, 0.4695876363782491, 0.4298397028207677, 0.3863814883563935, 0.3479140700181132, 0.3938289149270188, 0.4258985070103902, 0.3648029337211296, 0.3989705982656121, 0.4120051054698955, 0.3660603918015264, 0.3615901495718773, 0.3952895906849096, 0.3845083990560773, 5.179491150807232, 0.3682611554314912, 0.3917852200335362, 0.4298232712963232, 0.4049690848152185, 0.38911415012834, 0.3909244946043308, 0.3958537892316184, 6.107568171810311]","[-4.502760941776971, -14.95900551539705, -5.280215490019335, -2.142763264172578, -6.222240699970284, -4.181583797870963, -6.169343727471213, -4.400883942510399, -2.589917900443433, -6.271585369635949, -3.985429668947819, -3.124372518316608, -3.42269009568193, -2.445228571265674, -7.989768847290147, -6.851832070649056, -3.966033088226063, -4.231637435996796, -7.91234635665746, -4.110514425541323, -5.860794237069281, -3.917339124709767, -7.48502370664915, -10.84032366105223, -4.187271517451621, -16.8217116412063, -4.305340820682613, -5.496644230937537, -2.680043590744298, -4.476278742058616, -9.627065387369644, -4.59603956480666, -4.629007389592569, -2.360470324319465, -4.151739491948284, -4.819219903515981, -5.74688889885351, -3.981698766662774, 4.253920602855747, -5.405818880608669, -6.272358853395485, -3.518768131407285, -8.088134681906888, -5.911583569502163, -6.236595523370079, -7.340663503326361, 5.416858986098123]","[0.9878749946291778, 0.9997578696804336, 0.9772071954911388, 0.9003616634052157, 0.980182295865513, 0.9633479438866271, 0.9321097165816139, 0.9695103168298859, 0.9092796641397443, 0.9775869863749447, 0.9657496933060266, 0.950654265731284, 0.9700434315573195, 0.9011767579414239, 0.9820936970843349, 0.9938126898718609, 0.9646325798510359, 0.9676943792082922, 0.9773080316294318, 0.9679212805707065, 0.9629932128941049, 0.9632803780841583, 0.9941377436005367, 0.9966518062748271, 0.9673223867372739, 0.9980790613464857, 0.9777505532395218, 0.9734076062182643, 0.901186491180328, 0.9664564185961372, 0.9833702563918686, 0.9716681094097689, 0.9668794338707445, 0.922154711576705, 0.9659936753491217, 0.9747479222777593, 0.9905597509907772, 0.9622491104249721, 0.04888856601420098, 0.9760122896699114, 0.9773979195187201, 0.9466414973376985, 0.9845336177208517, 0.9827230059092195, 0.9777861714740014, 0.9798730635350906, 0.02221320606447481]","[0.007371329807933456, 4.670713825261187e-05, 0.01601991049391417, 0.07680785314739699, 0.01379824227505093, 0.02493774573226633, 0.04042852564402735, 0.02080434573137853, 0.06952045224900802, 0.01507819612936441, 0.02391433697562544, 0.03429000077487641, 0.02116887496050541, 0.07585859810997228, 0.01203514930405689, 0.003234513699068655, 0.02445690427913315, 0.02213265632148644, 0.0148067426776257, 0.02213184038211912, 0.02643146319649414, 0.02525664610682287, 0.003054653311929021, 0.001636285243847484, 0.02249941629357652, 0.0007369440366737696, 0.01158749606172284, 0.01795143058169253, 0.07630720338456758, 0.02257225794533017, 0.01073682911235808, 0.01934226809095004, 0.02221583811028244, 0.05490896045738886, 0.0233891262953024, 0.01716577940307576, 0.004879498226222945, 0.02571579726731507, 0.9027044293750803, 0.0163062411478048, 0.0150779055642679, 0.03608523382694267, 0.01003849895628018, 0.0111401131176746, 0.01481594945870028, 0.01337060751176584, 0.9486632845355952]","[0.01556488391600496, 9.790173807389635e-05, 0.03412405494489722, 0.174381489473308, 0.02932546126697648, 0.05360579062892887, 0.08830746801448629, 0.04453192233770936, 0.1566003091321101, 0.03208739749337877, 0.05135198889800652, 0.07442307749295869, 0.04532907585584867, 0.1720494320514834, 0.02553270612316033, 0.006801471162308195, 0.0525462686881069, 0.04743953849049879, 0.03150104463886835, 0.04743775000881329, 0.05690383460168147, 0.05430905604322599, 0.00642210548199632, 0.003435239996388588, 0.0482437528451973, 0.00154575811670619, 0.02457187100528674, 0.03831359945844669, 0.1731509339488618, 0.04840354849663284, 0.02274841056519558, 0.0413406022984955, 0.04762188278221636, 0.1217745221555855, 0.05019717788277623, 0.03660750376158997, 0.01027747309851492, 0.05532242267747688, 19.44640659617643, 0.03474407891036158, 0.0320867696856315, 0.07846531969560996, 0.02125383627210444, 0.02361248519625256, 0.03152092644667156, 0.02840429072956255, 38.73208459789364]"
1,39-532,FUBAR,FMO1,FMO1_CALLITHRIX_JACCHUS_ENSCJAT00000052379_ENSCJAP00000044206_ALTERNATIVE,1e-06,"[20, 31, 32, 48, 59, 88, 97, 109, 117, 119, 130, 135, 140, 156, 166, 168, 176, 189, 190, 191, 204, 207, 210, 227, 228, 230, 245, 253, 263, 271, 280, 311, 312, 327, 337, 341, 348, 357, 369, 373, 387, 389, 426, 468, 473, 477, 478]","[4.827838812710351, 15.33947692895842, 5.591237357410443, 2.459867403653099, 6.54705908179896, 4.567624008355658, 7.022760972730953, 4.769233802336779, 2.94418162101573, 6.653286338280054, 4.331994893798173, 3.499194458494555, 3.716032456110102, 2.813443938007131, 8.372520787751442, 7.235367287257077, 4.325910710353609, 4.598585431189511, 8.336923393249338, 4.466343682840129, 6.368822823491291, 4.286850647198564, 7.87204490370601, 11.24808426743036, 4.54840830052572, 17.29129927758455, 4.735180523503381, 5.88302571929393, 3.027957660762411, 4.870107656985635, 10.05296389438003, 4.96084249852779, 5.027977987858181, 2.772475429789361, 4.51779988374981, 5.180810053087858, 6.14217848953842, 4.366207165718851, 0.9255705479514847, 5.77408003604016, 6.664144073429021, 3.948591402703608, 8.493103766722108, 6.300697719630503, 6.62752001797441, 7.73651729255798, 0.6907091857121891]","[0.3250778709333811, 0.3804714135613663, 0.3110218673911078, 0.3171041394805214, 0.324818381828677, 0.3860402104846948, 0.8534172452597403, 0.3683498598263802, 0.3542637205722974, 0.3817009686441051, 0.3465652248503545, 0.3748219401779477, 0.2933423604281719, 0.3682153667414569, 0.3827519404612954, 0.3835352166080206, 0.3598776221275464, 0.3669479951927143, 0.424577036591877, 0.3558292572988055, 0.5080285864220099, 0.3695115224887978, 0.3870211970568603, 0.4077606063781379, 0.3611367830740993, 0.4695876363782491, 0.4298397028207677, 0.3863814883563935, 0.3479140700181132, 0.3938289149270188, 0.4258985070103902, 0.3648029337211296, 0.3989705982656121, 0.4120051054698955, 0.3660603918015264, 0.3615901495718773, 0.3952895906849096, 0.3845083990560773, 5.179491150807232, 0.3682611554314912, 0.3917852200335362, 0.4298232712963232, 0.4049690848152185, 0.38911415012834, 0.3909244946043308, 0.3958537892316184, 6.107568171810311]","[-4.502760941776971, -14.95900551539705, -5.280215490019335, -2.142763264172578, -6.222240699970284, -4.181583797870963, -6.169343727471213, -4.400883942510399, -2.589917900443433, -6.271585369635949, -3.985429668947819, -3.124372518316608, -3.42269009568193, -2.445228571265674, -7.989768847290147, -6.851832070649056, -3.966033088226063, -4.231637435996796, -7.91234635665746, -4.110514425541323, -5.860794237069281, -3.917339124709767, -7.48502370664915, -10.84032366105223, -4.187271517451621, -16.8217116412063, -4.305340820682613, -5.496644230937537, -2.680043590744298, -4.476278742058616, -9.627065387369644, -4.59603956480666, -4.629007389592569, -2.360470324319465, -4.151739491948284, -4.819219903515981, -5.74688889885351, -3.981698766662774, 4.253920602855747, -5.405818880608669, -6.272358853395485, -3.518768131407285, -8.088134681906888, -5.911583569502163, -6.236595523370079, -7.340663503326361, 5.416858986098123]","[0.9878749946291778, 0.9997578696804336, 0.9772071954911388, 0.9003616634052157, 0.980182295865513, 0.9633479438866271, 0.9321097165816139, 0.9695103168298859, 0.9092796641397443, 0.9775869863749447, 0.9657496933060266, 0.950654265731284, 0.9700434315573195, 0.9011767579414239, 0.9820936970843349, 0.9938126898718609, 0.9646325798510359, 0.9676943792082922, 0.9773080316294318, 0.9679212805707065, 0.9629932128941049, 0.9632803780841583, 0.9941377436005367, 0.9966518062748271, 0.9673223867372739, 0.9980790613464857, 0.9777505532395218, 0.9734076062182643, 0.901186491180328, 0.9664564185961372, 0.9833702563918686, 0.9716681094097689, 0.9668794338707445, 0.922154711576705, 0.9659936753491217, 0.9747479222777593, 0.9905597509907772, 0.9622491104249721, 0.04888856601420098, 0.9760122896699114, 0.9773979195187201, 0.9466414973376985, 0.9845336177208517, 0.9827230059092195, 0.9777861714740014, 0.9798730635350906, 0.02221320606447481]","[0.007371329807933456, 4.670713825261187e-05, 0.01601991049391417, 0.07680785314739699, 0.01379824227505093, 0.02493774573226633, 0.04042852564402735, 0.02080434573137853, 0.06952045224900802, 0.01507819612936441, 0.02391433697562544, 0.03429000077487641, 0.02116887496050541, 0.07585859810997228, 0.01203514930405689, 0.003234513699068655, 0.02445690427913315, 0.02213265632148644, 0.0148067426776257, 0.02213184038211912, 0.02643146319649414, 0.02525664610682287, 0.003054653311929021, 0.001636285243847484, 0.02249941629357652, 0.0007369440366737696, 0.01158749606172284, 0.01795143058169253, 0.07630720338456758, 0.02257225794533017, 0.01073682911235808, 0.01934226809095004, 0.02221583811028244, 0.05490896045738886, 0.0233891262953024, 0.01716577940307576, 0.004879498226222945, 0.02571579726731507, 0.9027044293750803, 0.0163062411478048, 0.0150779055642679, 0.03608523382694267, 0.01003849895628018, 0.0111401131176746, 0.01481594945870028, 0.01337060751176584, 0.9486632845355952]","[0.01556488391600496, 9.790173807389635e-05, 0.03412405494489722, 0.174381489473308, 0.02932546126697648, 0.05360579062892887, 0.08830746801448629, 0.04453192233770936, 0.1566003091321101, 0.03208739749337877, 0.05135198889800652, 0.07442307749295869, 0.04532907585584867, 0.1720494320514834, 0.02553270612316033, 0.006801471162308195, 0.0525462686881069, 0.04743953849049879, 0.03150104463886835, 0.04743775000881329, 0.05690383460168147, 0.05430905604322599, 0.00642210548199632, 0.003435239996388588, 0.0482437528451973, 0.00154575811670619, 0.02457187100528674, 0.03831359945844669, 0.1731509339488618, 0.04840354849663284, 0.02274841056519558, 0.0413406022984955, 0.04762188278221636, 0.1217745221555855, 0.05019717788277623, 0.03660750376158997, 0.01027747309851492, 0.05532242267747688, 19.44640659617643, 0.03474407891036158, 0.0320867696856315, 0.07846531969560996, 0.02125383627210444, 0.02361248519625256, 0.03152092644667156, 0.02840429072956255, 38.73208459789364]"
1,39-532,FUBAR,FMO1,FMO1_CALLITHRIX_JACCHUS_ENSCJAT00000097757_ENSCJAP00000072636_ALTERNATIVE,1e-06,"[20, 31, 32, 48, 59, 88, 97, 109, 117, 119, 130, 135, 140, 156, 166, 168, 176, 189, 190, 191, 204, 207, 210, 227, 228, 230, 245, 253, 263, 271, 280, 311, 312, 327, 337, 341, 348, 357, 369, 373, 387, 389, 426, 468, 473, 477, 478]","[4.827838812710351, 15.33947692895842, 5.591237357410443, 2.459867403653099, 6.54705908179896, 4.567624008355658, 7.022760972730953, 4.769233802336779, 2.94418162101573, 6.653286338280054, 4.331994893798173, 3.499194458494555, 3.716032456110102, 2.813443938007131, 8.372520787751442, 7.235367287257077, 4.325910710353609, 4.598585431189511, 8.336923393249338, 4.466343682840129, 6.368822823491291, 4.286850647198564, 7.87204490370601, 11.24808426743036, 4.54840830052572, 17.29129927758455, 4.735180523503381, 5.88302571929393, 3.027957660762411, 4.870107656985635, 10.05296389438003, 4.96084249852779, 5.027977987858181, 2.772475429789361, 4.51779988374981, 5.180810053087858, 6.14217848953842, 4.366207165718851, 0.9255705479514847, 5.77408003604016, 6.664144073429021, 3.948591402703608, 8.493103766722108, 6.300697719630503, 6.62752001797441, 7.73651729255798, 0.6907091857121891]","[0.3250778709333811, 0.3804714135613663, 0.3110218673911078, 0.3171041394805214, 0.324818381828677, 0.3860402104846948, 0.8534172452597403, 0.3683498598263802, 0.3542637205722974, 0.3817009686441051, 0.3465652248503545, 0.3748219401779477, 0.2933423604281719, 0.3682153667414569, 0.3827519404612954, 0.3835352166080206, 0.3598776221275464, 0.3669479951927143, 0.424577036591877, 0.3558292572988055, 0.5080285864220099, 0.3695115224887978, 0.3870211970568603, 0.4077606063781379, 0.3611367830740993, 0.4695876363782491, 0.4298397028207677, 0.3863814883563935, 0.3479140700181132, 0.3938289149270188, 0.4258985070103902, 0.3648029337211296, 0.3989705982656121, 0.4120051054698955, 0.3660603918015264, 0.3615901495718773, 0.3952895906849096, 0.3845083990560773, 5.179491150807232, 0.3682611554314912, 0.3917852200335362, 0.4298232712963232, 0.4049690848152185, 0.38911415012834, 0.3909244946043308, 0.3958537892316184, 6.107568171810311]","[-4.502760941776971, -14.95900551539705, -5.280215490019335, -2.142763264172578, -6.222240699970284, -4.181583797870963, -6.169343727471213, -4.400883942510399, -2.589917900443433, -6.271585369635949, -3.985429668947819, -3.124372518316608, -3.42269009568193, -2.445228571265674, -7.989768847290147, -6.851832070649056, -3.966033088226063, -4.231637435996796, -7.91234635665746, -4.110514425541323, -5.860794237069281, -3.917339124709767, -7.48502370664915, -10.84032366105223, -4.187271517451621, -16.8217116412063, -4.305340820682613, -5.496644230937537, -2.680043590744298, -4.476278742058616, -9.627065387369644, -4.59603956480666, -4.629007389592569, -2.360470324319465, -4.151739491948284, -4.819219903515981, -5.74688889885351, -3.981698766662774, 4.253920602855747, -5.405818880608669, -6.272358853395485, -3.518768131407285, -8.088134681906888, -5.911583569502163, -6.236595523370079, -7.340663503326361, 5.416858986098123]","[0.9878749946291778, 0.9997578696804336, 0.9772071954911388, 0.9003616634052157, 0.980182295865513, 0.9633479438866271, 0.9321097165816139, 0.9695103168298859, 0.9092796641397443, 0.9775869863749447, 0.9657496933060266, 0.950654265731284, 0.9700434315573195, 0.9011767579414239, 0.9820936970843349, 0.9938126898718609, 0.9646325798510359, 0.9676943792082922, 0.9773080316294318, 0.9679212805707065, 0.9629932128941049, 0.9632803780841583, 0.9941377436005367, 0.9966518062748271, 0.9673223867372739, 0.9980790613464857, 0.9777505532395218, 0.9734076062182643, 0.901186491180328, 0.9664564185961372, 0.9833702563918686, 0.9716681094097689, 0.9668794338707445, 0.922154711576705, 0.9659936753491217, 0.9747479222777593, 0.9905597509907772, 0.9622491104249721, 0.04888856601420098, 0.9760122896699114, 0.9773979195187201, 0.9466414973376985, 0.9845336177208517, 0.9827230059092195, 0.9777861714740014, 0.9798730635350906, 0.02221320606447481]","[0.007371329807933456, 4.670713825261187e-05, 0.01601991049391417, 0.07680785314739699, 0.01379824227505093, 0.02493774573226633, 0.04042852564402735, 0.02080434573137853, 0.06952045224900802, 0.01507819612936441, 0.02391433697562544, 0.03429000077487641, 0.02116887496050541, 0.07585859810997228, 0.01203514930405689, 0.003234513699068655, 0.02445690427913315, 0.02213265632148644, 0.0148067426776257, 0.02213184038211912, 0.02643146319649414, 0.02525664610682287, 0.003054653311929021, 0.001636285243847484, 0.02249941629357652, 0.0007369440366737696, 0.01158749606172284, 0.01795143058169253, 0.07630720338456758, 0.02257225794533017, 0.01073682911235808, 0.01934226809095004, 0.02221583811028244, 0.05490896045738886, 0.0233891262953024, 0.01716577940307576, 0.004879498226222945, 0.02571579726731507, 0.9027044293750803, 0.0163062411478048, 0.0150779055642679, 0.03608523382694267, 0.01003849895628018, 0.0111401131176746, 0.01481594945870028, 0.01337060751176584, 0.9486632845355952]","[0.01556488391600496, 9.790173807389635e-05, 0.03412405494489722, 0.174381489473308, 0.02932546126697648, 0.05360579062892887, 0.08830746801448629, 0.04453192233770936, 0.1566003091321101, 0.03208739749337877, 0.05135198889800652, 0.07442307749295869, 0.04532907585584867, 0.1720494320514834, 0.02553270612316033, 0.006801471162308195, 0.0525462686881069, 0.04743953849049879, 0.03150104463886835, 0.04743775000881329, 0.05690383460168147, 0.05430905604322599, 0.00642210548199632, 0.003435239996388588, 0.0482437528451973, 0.00154575811670619, 0.02457187100528674, 0.03831359945844669, 0.1731509339488618, 0.04840354849663284, 0.02274841056519558, 0.0413406022984955, 0.04762188278221636, 0.1217745221555855, 0.05019717788277623, 0.03660750376158997, 0.01027747309851492, 0.05532242267747688, 19.44640659617643, 0.03474407891036158, 0.0320867696856315, 0.07846531969560996, 0.02125383627210444, 0.02361248519625256, 0.03152092644667156, 0.02840429072956255, 38.73208459789364]"
1,39-532,FUBAR,FMO1,FMO1_CERCOCEBUS_ATYS_ENSCATT00000036726_ENSCATP00000012594_CANONICAL,1e-06,"[20, 31, 32, 48, 59, 88, 97, 109, 117, 119, 130, 135, 140, 156, 166, 168, 176, 189, 190, 191, 204, 207, 210, 227, 228, 230, 245, 253, 263, 271, 280, 311, 312, 327, 337, 341, 348, 357, 369, 373, 387, 389, 426, 468, 473, 477, 478]","[4.827838812710351, 15.33947692895842, 5.591237357410443, 2.459867403653099, 6.54705908179896, 4.567624008355658, 7.022760972730953, 4.769233802336779, 2.94418162101573, 6.653286338280054, 4.331994893798173, 3.499194458494555, 3.716032456110102, 2.813443938007131, 8.372520787751442, 7.235367287257077, 4.325910710353609, 4.598585431189511, 8.336923393249338, 4.466343682840129, 6.368822823491291, 4.286850647198564, 7.87204490370601, 11.24808426743036, 4.54840830052572, 17.29129927758455, 4.735180523503381, 5.88302571929393, 3.027957660762411, 4.870107656985635, 10.05296389438003, 4.96084249852779, 5.027977987858181, 2.772475429789361, 4.51779988374981, 5.180810053087858, 6.14217848953842, 4.366207165718851, 0.9255705479514847, 5.77408003604016, 6.664144073429021, 3.948591402703608, 8.493103766722108, 6.300697719630503, 6.62752001797441, 7.73651729255798, 0.6907091857121891]","[0.3250778709333811, 0.3804714135613663, 0.3110218673911078, 0.3171041394805214, 0.324818381828677, 0.3860402104846948, 0.8534172452597403, 0.3683498598263802, 0.3542637205722974, 0.3817009686441051, 0.3465652248503545, 0.3748219401779477, 0.2933423604281719, 0.3682153667414569, 0.3827519404612954, 0.3835352166080206, 0.3598776221275464, 0.3669479951927143, 0.424577036591877, 0.3558292572988055, 0.5080285864220099, 0.3695115224887978, 0.3870211970568603, 0.4077606063781379, 0.3611367830740993, 0.4695876363782491, 0.4298397028207677, 0.3863814883563935, 0.3479140700181132, 0.3938289149270188, 0.4258985070103902, 0.3648029337211296, 0.3989705982656121, 0.4120051054698955, 0.3660603918015264, 0.3615901495718773, 0.3952895906849096, 0.3845083990560773, 5.179491150807232, 0.3682611554314912, 0.3917852200335362, 0.4298232712963232, 0.4049690848152185, 0.38911415012834, 0.3909244946043308, 0.3958537892316184, 6.107568171810311]","[-4.502760941776971, -14.95900551539705, -5.280215490019335, -2.142763264172578, -6.222240699970284, -4.181583797870963, -6.169343727471213, -4.400883942510399, -2.589917900443433, -6.271585369635949, -3.985429668947819, -3.124372518316608, -3.42269009568193, -2.445228571265674, -7.989768847290147, -6.851832070649056, -3.966033088226063, -4.231637435996796, -7.91234635665746, -4.110514425541323, -5.860794237069281, -3.917339124709767, -7.48502370664915, -10.84032366105223, -4.187271517451621, -16.8217116412063, -4.305340820682613, -5.496644230937537, -2.680043590744298, -4.476278742058616, -9.627065387369644, -4.59603956480666, -4.629007389592569, -2.360470324319465, -4.151739491948284, -4.819219903515981, -5.74688889885351, -3.981698766662774, 4.253920602855747, -5.405818880608669, -6.272358853395485, -3.518768131407285, -8.088134681906888, -5.911583569502163, -6.236595523370079, -7.340663503326361, 5.416858986098123]","[0.9878749946291778, 0.9997578696804336, 0.9772071954911388, 0.9003616634052157, 0.980182295865513, 0.9633479438866271, 0.9321097165816139, 0.9695103168298859, 0.9092796641397443, 0.9775869863749447, 0.9657496933060266, 0.950654265731284, 0.9700434315573195, 0.9011767579414239, 0.9820936970843349, 0.9938126898718609, 0.9646325798510359, 0.9676943792082922, 0.9773080316294318, 0.9679212805707065, 0.9629932128941049, 0.9632803780841583, 0.9941377436005367, 0.9966518062748271, 0.9673223867372739, 0.9980790613464857, 0.9777505532395218, 0.9734076062182643, 0.901186491180328, 0.9664564185961372, 0.9833702563918686, 0.9716681094097689, 0.9668794338707445, 0.922154711576705, 0.9659936753491217, 0.9747479222777593, 0.9905597509907772, 0.9622491104249721, 0.04888856601420098, 0.9760122896699114, 0.9773979195187201, 0.9466414973376985, 0.9845336177208517, 0.9827230059092195, 0.9777861714740014, 0.9798730635350906, 0.02221320606447481]","[0.007371329807933456, 4.670713825261187e-05, 0.01601991049391417, 0.07680785314739699, 0.01379824227505093, 0.02493774573226633, 0.04042852564402735, 0.02080434573137853, 0.06952045224900802, 0.01507819612936441, 0.02391433697562544, 0.03429000077487641, 0.02116887496050541, 0.07585859810997228, 0.01203514930405689, 0.003234513699068655, 0.02445690427913315, 0.02213265632148644, 0.0148067426776257, 0.02213184038211912, 0.02643146319649414, 0.02525664610682287, 0.003054653311929021, 0.001636285243847484, 0.02249941629357652, 0.0007369440366737696, 0.01158749606172284, 0.01795143058169253, 0.07630720338456758, 0.02257225794533017, 0.01073682911235808, 0.01934226809095004, 0.02221583811028244, 0.05490896045738886, 0.0233891262953024, 0.01716577940307576, 0.004879498226222945, 0.02571579726731507, 0.9027044293750803, 0.0163062411478048, 0.0150779055642679, 0.03608523382694267, 0.01003849895628018, 0.0111401131176746, 0.01481594945870028, 0.01337060751176584, 0.9486632845355952]","[0.01556488391600496, 9.790173807389635e-05, 0.03412405494489722, 0.174381489473308, 0.02932546126697648, 0.05360579062892887, 0.08830746801448629, 0.04453192233770936, 0.1566003091321101, 0.03208739749337877, 0.05135198889800652, 0.07442307749295869, 0.04532907585584867, 0.1720494320514834, 0.02553270612316033, 0.006801471162308195, 0.0525462686881069, 0.04743953849049879, 0.03150104463886835, 0.04743775000881329, 0.05690383460168147, 0.05430905604322599, 0.00642210548199632, 0.003435239996388588, 0.0482437528451973, 0.00154575811670619, 0.02457187100528674, 0.03831359945844669, 0.1731509339488618, 0.04840354849663284, 0.02274841056519558, 0.0413406022984955, 0.04762188278221636, 0.1217745221555855, 0.05019717788277623, 0.03660750376158997, 0.01027747309851492, 0.05532242267747688, 19.44640659617643, 0.03474407891036158, 0.0320867696856315, 0.07846531969560996, 0.02125383627210444, 0.02361248519625256, 0.03152092644667156, 0.02840429072956255, 38.73208459789364]"
1,39-532,FUBAR,FMO1,FMO1_CERCOCEBUS_ATYS_ENSCATT00000036730_ENSCATP00000012598_ALTERNATIVE,1e-06,"[20, 31, 32, 48, 59, 88, 97, 109, 117, 119, 130, 135, 140, 156, 166, 168, 176, 189, 190, 191, 204, 207, 210, 227, 228, 230, 245, 253, 263, 271, 280, 311, 312, 327, 337, 341, 348, 357, 369, 373, 387, 389, 426, 468, 473, 477, 478]","[4.827838812710351, 15.33947692895842, 5.591237357410443, 2.459867403653099, 6.54705908179896, 4.567624008355658, 7.022760972730953, 4.769233802336779, 2.94418162101573, 6.653286338280054, 4.331994893798173, 3.499194458494555, 3.716032456110102, 2.813443938007131, 8.372520787751442, 7.235367287257077, 4.325910710353609, 4.598585431189511, 8.336923393249338, 4.466343682840129, 6.368822823491291, 4.286850647198564, 7.87204490370601, 11.24808426743036, 4.54840830052572, 17.29129927758455, 4.735180523503381, 5.88302571929393, 3.027957660762411, 4.870107656985635, 10.05296389438003, 4.96084249852779, 5.027977987858181, 2.772475429789361, 4.51779988374981, 5.180810053087858, 6.14217848953842, 4.366207165718851, 0.9255705479514847, 5.77408003604016, 6.664144073429021, 3.948591402703608, 8.493103766722108, 6.300697719630503, 6.62752001797441, 7.73651729255798, 0.6907091857121891]","[0.3250778709333811, 0.3804714135613663, 0.3110218673911078, 0.3171041394805214, 0.324818381828677, 0.3860402104846948, 0.8534172452597403, 0.3683498598263802, 0.3542637205722974, 0.3817009686441051, 0.3465652248503545, 0.3748219401779477, 0.2933423604281719, 0.3682153667414569, 0.3827519404612954, 0.3835352166080206, 0.3598776221275464, 0.3669479951927143, 0.424577036591877, 0.3558292572988055, 0.5080285864220099, 0.3695115224887978, 0.3870211970568603, 0.4077606063781379, 0.3611367830740993, 0.4695876363782491, 0.4298397028207677, 0.3863814883563935, 0.3479140700181132, 0.3938289149270188, 0.4258985070103902, 0.3648029337211296, 0.3989705982656121, 0.4120051054698955, 0.3660603918015264, 0.3615901495718773, 0.3952895906849096, 0.3845083990560773, 5.179491150807232, 0.3682611554314912, 0.3917852200335362, 0.4298232712963232, 0.4049690848152185, 0.38911415012834, 0.3909244946043308, 0.3958537892316184, 6.107568171810311]","[-4.502760941776971, -14.95900551539705, -5.280215490019335, -2.142763264172578, -6.222240699970284, -4.181583797870963, -6.169343727471213, -4.400883942510399, -2.589917900443433, -6.271585369635949, -3.985429668947819, -3.124372518316608, -3.42269009568193, -2.445228571265674, -7.989768847290147, -6.851832070649056, -3.966033088226063, -4.231637435996796, -7.91234635665746, -4.110514425541323, -5.860794237069281, -3.917339124709767, -7.48502370664915, -10.84032366105223, -4.187271517451621, -16.8217116412063, -4.305340820682613, -5.496644230937537, -2.680043590744298, -4.476278742058616, -9.627065387369644, -4.59603956480666, -4.629007389592569, -2.360470324319465, -4.151739491948284, -4.819219903515981, -5.74688889885351, -3.981698766662774, 4.253920602855747, -5.405818880608669, -6.272358853395485, -3.518768131407285, -8.088134681906888, -5.911583569502163, -6.236595523370079, -7.340663503326361, 5.416858986098123]","[0.9878749946291778, 0.9997578696804336, 0.9772071954911388, 0.9003616634052157, 0.980182295865513, 0.9633479438866271, 0.9321097165816139, 0.9695103168298859, 0.9092796641397443, 0.9775869863749447, 0.9657496933060266, 0.950654265731284, 0.9700434315573195, 0.9011767579414239, 0.9820936970843349, 0.9938126898718609, 0.9646325798510359, 0.9676943792082922, 0.9773080316294318, 0.9679212805707065, 0.9629932128941049, 0.9632803780841583, 0.9941377436005367, 0.9966518062748271, 0.9673223867372739, 0.9980790613464857, 0.9777505532395218, 0.9734076062182643, 0.901186491180328, 0.9664564185961372, 0.9833702563918686, 0.9716681094097689, 0.9668794338707445, 0.922154711576705, 0.9659936753491217, 0.9747479222777593, 0.9905597509907772, 0.9622491104249721, 0.04888856601420098, 0.9760122896699114, 0.9773979195187201, 0.9466414973376985, 0.9845336177208517, 0.9827230059092195, 0.9777861714740014, 0.9798730635350906, 0.02221320606447481]","[0.007371329807933456, 4.670713825261187e-05, 0.01601991049391417, 0.07680785314739699, 0.01379824227505093, 0.02493774573226633, 0.04042852564402735, 0.02080434573137853, 0.06952045224900802, 0.01507819612936441, 0.02391433697562544, 0.03429000077487641, 0.02116887496050541, 0.07585859810997228, 0.01203514930405689, 0.003234513699068655, 0.02445690427913315, 0.02213265632148644, 0.0148067426776257, 0.02213184038211912, 0.02643146319649414, 0.02525664610682287, 0.003054653311929021, 0.001636285243847484, 0.02249941629357652, 0.0007369440366737696, 0.01158749606172284, 0.01795143058169253, 0.07630720338456758, 0.02257225794533017, 0.01073682911235808, 0.01934226809095004, 0.02221583811028244, 0.05490896045738886, 0.0233891262953024, 0.01716577940307576, 0.004879498226222945, 0.02571579726731507, 0.9027044293750803, 0.0163062411478048, 0.0150779055642679, 0.03608523382694267, 0.01003849895628018, 0.0111401131176746, 0.01481594945870028, 0.01337060751176584, 0.9486632845355952]","[0.01556488391600496, 9.790173807389635e-05, 0.03412405494489722, 0.174381489473308, 0.02932546126697648, 0.05360579062892887, 0.08830746801448629, 0.04453192233770936, 0.1566003091321101, 0.03208739749337877, 0.05135198889800652, 0.07442307749295869, 0.04532907585584867, 0.1720494320514834, 0.02553270612316033, 0.006801471162308195, 0.0525462686881069, 0.04743953849049879, 0.03150104463886835, 0.04743775000881329, 0.05690383460168147, 0.05430905604322599, 0.00642210548199632, 0.003435239996388588, 0.0482437528451973, 0.00154575811670619, 0.02457187100528674, 0.03831359945844669, 0.1731509339488618, 0.04840354849663284, 0.02274841056519558, 0.0413406022984955, 0.04762188278221636, 0.1217745221555855, 0.05019717788277623, 0.03660750376158997, 0.01027747309851492, 0.05532242267747688, 19.44640659617643, 0.03474407891036158, 0.0320867696856315, 0.07846531969560996, 0.02125383627210444, 0.02361248519625256, 0.03152092644667156, 0.02840429072956255, 38.73208459789364]"
1,39-532,FUBAR,FMO1,FMO1_CERCOCEBUS_ATYS_ENSCATT00000036738_ENSCATP00000012607_ALTERNATIVE,1e-06,"[20, 31, 32, 48, 59, 88, 97, 109, 117, 119, 130, 135, 140, 156, 166, 168, 176, 189, 190, 191, 204, 207, 210, 227, 228, 230, 245, 253, 263, 271, 280, 311, 312, 327, 337, 341, 348, 357, 369, 373, 387, 389, 426, 468, 473, 477, 478]","[4.827838812710351, 15.33947692895842, 5.591237357410443, 2.459867403653099, 6.54705908179896, 4.567624008355658, 7.022760972730953, 4.769233802336779, 2.94418162101573, 6.653286338280054, 4.331994893798173, 3.499194458494555, 3.716032456110102, 2.813443938007131, 8.372520787751442, 7.235367287257077, 4.325910710353609, 4.598585431189511, 8.336923393249338, 4.466343682840129, 6.368822823491291, 4.286850647198564, 7.87204490370601, 11.24808426743036, 4.54840830052572, 17.29129927758455, 4.735180523503381, 5.88302571929393, 3.027957660762411, 4.870107656985635, 10.05296389438003, 4.96084249852779, 5.027977987858181, 2.772475429789361, 4.51779988374981, 5.180810053087858, 6.14217848953842, 4.366207165718851, 0.9255705479514847, 5.77408003604016, 6.664144073429021, 3.948591402703608, 8.493103766722108, 6.300697719630503, 6.62752001797441, 7.73651729255798, 0.6907091857121891]","[0.3250778709333811, 0.3804714135613663, 0.3110218673911078, 0.3171041394805214, 0.324818381828677, 0.3860402104846948, 0.8534172452597403, 0.3683498598263802, 0.3542637205722974, 0.3817009686441051, 0.3465652248503545, 0.3748219401779477, 0.2933423604281719, 0.3682153667414569, 0.3827519404612954, 0.3835352166080206, 0.3598776221275464, 0.3669479951927143, 0.424577036591877, 0.3558292572988055, 0.5080285864220099, 0.3695115224887978, 0.3870211970568603, 0.4077606063781379, 0.3611367830740993, 0.4695876363782491, 0.4298397028207677, 0.3863814883563935, 0.3479140700181132, 0.3938289149270188, 0.4258985070103902, 0.3648029337211296, 0.3989705982656121, 0.4120051054698955, 0.3660603918015264, 0.3615901495718773, 0.3952895906849096, 0.3845083990560773, 5.179491150807232, 0.3682611554314912, 0.3917852200335362, 0.4298232712963232, 0.4049690848152185, 0.38911415012834, 0.3909244946043308, 0.3958537892316184, 6.107568171810311]","[-4.502760941776971, -14.95900551539705, -5.280215490019335, -2.142763264172578, -6.222240699970284, -4.181583797870963, -6.169343727471213, -4.400883942510399, -2.589917900443433, -6.271585369635949, -3.985429668947819, -3.124372518316608, -3.42269009568193, -2.445228571265674, -7.989768847290147, -6.851832070649056, -3.966033088226063, -4.231637435996796, -7.91234635665746, -4.110514425541323, -5.860794237069281, -3.917339124709767, -7.48502370664915, -10.84032366105223, -4.187271517451621, -16.8217116412063, -4.305340820682613, -5.496644230937537, -2.680043590744298, -4.476278742058616, -9.627065387369644, -4.59603956480666, -4.629007389592569, -2.360470324319465, -4.151739491948284, -4.819219903515981, -5.74688889885351, -3.981698766662774, 4.253920602855747, -5.405818880608669, -6.272358853395485, -3.518768131407285, -8.088134681906888, -5.911583569502163, -6.236595523370079, -7.340663503326361, 5.416858986098123]","[0.9878749946291778, 0.9997578696804336, 0.9772071954911388, 0.9003616634052157, 0.980182295865513, 0.9633479438866271, 0.9321097165816139, 0.9695103168298859, 0.9092796641397443, 0.9775869863749447, 0.9657496933060266, 0.950654265731284, 0.9700434315573195, 0.9011767579414239, 0.9820936970843349, 0.9938126898718609, 0.9646325798510359, 0.9676943792082922, 0.9773080316294318, 0.9679212805707065, 0.9629932128941049, 0.9632803780841583, 0.9941377436005367, 0.9966518062748271, 0.9673223867372739, 0.9980790613464857, 0.9777505532395218, 0.9734076062182643, 0.901186491180328, 0.9664564185961372, 0.9833702563918686, 0.9716681094097689, 0.9668794338707445, 0.922154711576705, 0.9659936753491217, 0.9747479222777593, 0.9905597509907772, 0.9622491104249721, 0.04888856601420098, 0.9760122896699114, 0.9773979195187201, 0.9466414973376985, 0.9845336177208517, 0.9827230059092195, 0.9777861714740014, 0.9798730635350906, 0.02221320606447481]","[0.007371329807933456, 4.670713825261187e-05, 0.01601991049391417, 0.07680785314739699, 0.01379824227505093, 0.02493774573226633, 0.04042852564402735, 0.02080434573137853, 0.06952045224900802, 0.01507819612936441, 0.02391433697562544, 0.03429000077487641, 0.02116887496050541, 0.07585859810997228, 0.01203514930405689, 0.003234513699068655, 0.02445690427913315, 0.02213265632148644, 0.0148067426776257, 0.02213184038211912, 0.02643146319649414, 0.02525664610682287, 0.003054653311929021, 0.001636285243847484, 0.02249941629357652, 0.0007369440366737696, 0.01158749606172284, 0.01795143058169253, 0.07630720338456758, 0.02257225794533017, 0.01073682911235808, 0.01934226809095004, 0.02221583811028244, 0.05490896045738886, 0.0233891262953024, 0.01716577940307576, 0.004879498226222945, 0.02571579726731507, 0.9027044293750803, 0.0163062411478048, 0.0150779055642679, 0.03608523382694267, 0.01003849895628018, 0.0111401131176746, 0.01481594945870028, 0.01337060751176584, 0.9486632845355952]","[0.01556488391600496, 9.790173807389635e-05, 0.03412405494489722, 0.174381489473308, 0.02932546126697648, 0.05360579062892887, 0.08830746801448629, 0.04453192233770936, 0.1566003091321101, 0.03208739749337877, 0.05135198889800652, 0.07442307749295869, 0.04532907585584867, 0.1720494320514834, 0.02553270612316033, 0.006801471162308195, 0.0525462686881069, 0.04743953849049879, 0.03150104463886835, 0.04743775000881329, 0.05690383460168147, 0.05430905604322599, 0.00642210548199632, 0.003435239996388588, 0.0482437528451973, 0.00154575811670619, 0.02457187100528674, 0.03831359945844669, 0.1731509339488618, 0.04840354849663284, 0.02274841056519558, 0.0413406022984955, 0.04762188278221636, 0.1217745221555855, 0.05019717788277623, 0.03660750376158997, 0.01027747309851492, 0.05532242267747688, 19.44640659617643, 0.03474407891036158, 0.0320867696856315, 0.07846531969560996, 0.02125383627210444, 0.02361248519625256, 0.03152092644667156, 0.02840429072956255, 38.73208459789364]"
1,39-532,FUBAR,FMO1,FMO1_CERCOCEBUS_ATYS_ENSCATT00000036743_ENSCATP00000012611_ALTERNATIVE,1e-06,"[20, 31, 32, 48, 59, 88, 97, 109, 117, 119, 130, 135, 140, 156, 166, 168, 176, 189, 190, 191, 204, 207, 210, 227, 228, 230, 245, 253, 263, 271, 280, 311, 312, 327, 337, 341, 348, 357, 369, 373, 387, 389, 426, 468, 473, 477, 478]","[4.827838812710351, 15.33947692895842, 5.591237357410443, 2.459867403653099, 6.54705908179896, 4.567624008355658, 7.022760972730953, 4.769233802336779, 2.94418162101573, 6.653286338280054, 4.331994893798173, 3.499194458494555, 3.716032456110102, 2.813443938007131, 8.372520787751442, 7.235367287257077, 4.325910710353609, 4.598585431189511, 8.336923393249338, 4.466343682840129, 6.368822823491291, 4.286850647198564, 7.87204490370601, 11.24808426743036, 4.54840830052572, 17.29129927758455, 4.735180523503381, 5.88302571929393, 3.027957660762411, 4.870107656985635, 10.05296389438003, 4.96084249852779, 5.027977987858181, 2.772475429789361, 4.51779988374981, 5.180810053087858, 6.14217848953842, 4.366207165718851, 0.9255705479514847, 5.77408003604016, 6.664144073429021, 3.948591402703608, 8.493103766722108, 6.300697719630503, 6.62752001797441, 7.73651729255798, 0.6907091857121891]","[0.3250778709333811, 0.3804714135613663, 0.3110218673911078, 0.3171041394805214, 0.324818381828677, 0.3860402104846948, 0.8534172452597403, 0.3683498598263802, 0.3542637205722974, 0.3817009686441051, 0.3465652248503545, 0.3748219401779477, 0.2933423604281719, 0.3682153667414569, 0.3827519404612954, 0.3835352166080206, 0.3598776221275464, 0.3669479951927143, 0.424577036591877, 0.3558292572988055, 0.5080285864220099, 0.3695115224887978, 0.3870211970568603, 0.4077606063781379, 0.3611367830740993, 0.4695876363782491, 0.4298397028207677, 0.3863814883563935, 0.3479140700181132, 0.3938289149270188, 0.4258985070103902, 0.3648029337211296, 0.3989705982656121, 0.4120051054698955, 0.3660603918015264, 0.3615901495718773, 0.3952895906849096, 0.3845083990560773, 5.179491150807232, 0.3682611554314912, 0.3917852200335362, 0.4298232712963232, 0.4049690848152185, 0.38911415012834, 0.3909244946043308, 0.3958537892316184, 6.107568171810311]","[-4.502760941776971, -14.95900551539705, -5.280215490019335, -2.142763264172578, -6.222240699970284, -4.181583797870963, -6.169343727471213, -4.400883942510399, -2.589917900443433, -6.271585369635949, -3.985429668947819, -3.124372518316608, -3.42269009568193, -2.445228571265674, -7.989768847290147, -6.851832070649056, -3.966033088226063, -4.231637435996796, -7.91234635665746, -4.110514425541323, -5.860794237069281, -3.917339124709767, -7.48502370664915, -10.84032366105223, -4.187271517451621, -16.8217116412063, -4.305340820682613, -5.496644230937537, -2.680043590744298, -4.476278742058616, -9.627065387369644, -4.59603956480666, -4.629007389592569, -2.360470324319465, -4.151739491948284, -4.819219903515981, -5.74688889885351, -3.981698766662774, 4.253920602855747, -5.405818880608669, -6.272358853395485, -3.518768131407285, -8.088134681906888, -5.911583569502163, -6.236595523370079, -7.340663503326361, 5.416858986098123]","[0.9878749946291778, 0.9997578696804336, 0.9772071954911388, 0.9003616634052157, 0.980182295865513, 0.9633479438866271, 0.9321097165816139, 0.9695103168298859, 0.9092796641397443, 0.9775869863749447, 0.9657496933060266, 0.950654265731284, 0.9700434315573195, 0.9011767579414239, 0.9820936970843349, 0.9938126898718609, 0.9646325798510359, 0.9676943792082922, 0.9773080316294318, 0.9679212805707065, 0.9629932128941049, 0.9632803780841583, 0.9941377436005367, 0.9966518062748271, 0.9673223867372739, 0.9980790613464857, 0.9777505532395218, 0.9734076062182643, 0.901186491180328, 0.9664564185961372, 0.9833702563918686, 0.9716681094097689, 0.9668794338707445, 0.922154711576705, 0.9659936753491217, 0.9747479222777593, 0.9905597509907772, 0.9622491104249721, 0.04888856601420098, 0.9760122896699114, 0.9773979195187201, 0.9466414973376985, 0.9845336177208517, 0.9827230059092195, 0.9777861714740014, 0.9798730635350906, 0.02221320606447481]","[0.007371329807933456, 4.670713825261187e-05, 0.01601991049391417, 0.07680785314739699, 0.01379824227505093, 0.02493774573226633, 0.04042852564402735, 0.02080434573137853, 0.06952045224900802, 0.01507819612936441, 0.02391433697562544, 0.03429000077487641, 0.02116887496050541, 0.07585859810997228, 0.01203514930405689, 0.003234513699068655, 0.02445690427913315, 0.02213265632148644, 0.0148067426776257, 0.02213184038211912, 0.02643146319649414, 0.02525664610682287, 0.003054653311929021, 0.001636285243847484, 0.02249941629357652, 0.0007369440366737696, 0.01158749606172284, 0.01795143058169253, 0.07630720338456758, 0.02257225794533017, 0.01073682911235808, 0.01934226809095004, 0.02221583811028244, 0.05490896045738886, 0.0233891262953024, 0.01716577940307576, 0.004879498226222945, 0.02571579726731507, 0.9027044293750803, 0.0163062411478048, 0.0150779055642679, 0.03608523382694267, 0.01003849895628018, 0.0111401131176746, 0.01481594945870028, 0.01337060751176584, 0.9486632845355952]","[0.01556488391600496, 9.790173807389635e-05, 0.03412405494489722, 0.174381489473308, 0.02932546126697648, 0.05360579062892887, 0.08830746801448629, 0.04453192233770936, 0.1566003091321101, 0.03208739749337877, 0.05135198889800652, 0.07442307749295869, 0.04532907585584867, 0.1720494320514834, 0.02553270612316033, 0.006801471162308195, 0.0525462686881069, 0.04743953849049879, 0.03150104463886835, 0.04743775000881329, 0.05690383460168147, 0.05430905604322599, 0.00642210548199632, 0.003435239996388588, 0.0482437528451973, 0.00154575811670619, 0.02457187100528674, 0.03831359945844669, 0.1731509339488618, 0.04840354849663284, 0.02274841056519558, 0.0413406022984955, 0.04762188278221636, 0.1217745221555855, 0.05019717788277623, 0.03660750376158997, 0.01027747309851492, 0.05532242267747688, 19.44640659617643, 0.03474407891036158, 0.0320867696856315, 0.07846531969560996, 0.02125383627210444, 0.02361248519625256, 0.03152092644667156, 0.02840429072956255, 38.73208459789364]"
1,39-532,FUBAR,FMO1,FMO1_CHLOROCEBUS_SABAEUS_ENSCSAT00000009703_ENSCSAP00000007811_CANONICAL,0.006127146935701228,"[20, 31, 32, 48, 59, 88, 97, 109, 117, 119, 130, 135, 140, 156, 166, 168, 176, 189, 190, 191, 204, 207, 210, 227, 228, 230, 245, 253, 263, 271, 280, 311, 312, 327, 337, 341, 348, 357, 369, 373, 387, 389, 426, 468, 473, 477, 478]","[4.827838812710351, 15.33947692895842, 5.591237357410443, 2.459867403653099, 6.54705908179896, 4.567624008355658, 7.022760972730953, 4.769233802336779, 2.94418162101573, 6.653286338280054, 4.331994893798173, 3.499194458494555, 3.716032456110102, 2.813443938007131, 8.372520787751442, 7.235367287257077, 4.325910710353609, 4.598585431189511, 8.336923393249338, 4.466343682840129, 6.368822823491291, 4.286850647198564, 7.87204490370601, 11.24808426743036, 4.54840830052572, 17.29129927758455, 4.735180523503381, 5.88302571929393, 3.027957660762411, 4.870107656985635, 10.05296389438003, 4.96084249852779, 5.027977987858181, 2.772475429789361, 4.51779988374981, 5.180810053087858, 6.14217848953842, 4.366207165718851, 0.9255705479514847, 5.77408003604016, 6.664144073429021, 3.948591402703608, 8.493103766722108, 6.300697719630503, 6.62752001797441, 7.73651729255798, 0.6907091857121891]","[0.3250778709333811, 0.3804714135613663, 0.3110218673911078, 0.3171041394805214, 0.324818381828677, 0.3860402104846948, 0.8534172452597403, 0.3683498598263802, 0.3542637205722974, 0.3817009686441051, 0.3465652248503545, 0.3748219401779477, 0.2933423604281719, 0.3682153667414569, 0.3827519404612954, 0.3835352166080206, 0.3598776221275464, 0.3669479951927143, 0.424577036591877, 0.3558292572988055, 0.5080285864220099, 0.3695115224887978, 0.3870211970568603, 0.4077606063781379, 0.3611367830740993, 0.4695876363782491, 0.4298397028207677, 0.3863814883563935, 0.3479140700181132, 0.3938289149270188, 0.4258985070103902, 0.3648029337211296, 0.3989705982656121, 0.4120051054698955, 0.3660603918015264, 0.3615901495718773, 0.3952895906849096, 0.3845083990560773, 5.179491150807232, 0.3682611554314912, 0.3917852200335362, 0.4298232712963232, 0.4049690848152185, 0.38911415012834, 0.3909244946043308, 0.3958537892316184, 6.107568171810311]","[-4.502760941776971, -14.95900551539705, -5.280215490019335, -2.142763264172578, -6.222240699970284, -4.181583797870963, -6.169343727471213, -4.400883942510399, -2.589917900443433, -6.271585369635949, -3.985429668947819, -3.124372518316608, -3.42269009568193, -2.445228571265674, -7.989768847290147, -6.851832070649056, -3.966033088226063, -4.231637435996796, -7.91234635665746, -4.110514425541323, -5.860794237069281, -3.917339124709767, -7.48502370664915, -10.84032366105223, -4.187271517451621, -16.8217116412063, -4.305340820682613, -5.496644230937537, -2.680043590744298, -4.476278742058616, -9.627065387369644, -4.59603956480666, -4.629007389592569, -2.360470324319465, -4.151739491948284, -4.819219903515981, -5.74688889885351, -3.981698766662774, 4.253920602855747, -5.405818880608669, -6.272358853395485, -3.518768131407285, -8.088134681906888, -5.911583569502163, -6.236595523370079, -7.340663503326361, 5.416858986098123]","[0.9878749946291778, 0.9997578696804336, 0.9772071954911388, 0.9003616634052157, 0.980182295865513, 0.9633479438866271, 0.9321097165816139, 0.9695103168298859, 0.9092796641397443, 0.9775869863749447, 0.9657496933060266, 0.950654265731284, 0.9700434315573195, 0.9011767579414239, 0.9820936970843349, 0.9938126898718609, 0.9646325798510359, 0.9676943792082922, 0.9773080316294318, 0.9679212805707065, 0.9629932128941049, 0.9632803780841583, 0.9941377436005367, 0.9966518062748271, 0.9673223867372739, 0.9980790613464857, 0.9777505532395218, 0.9734076062182643, 0.901186491180328, 0.9664564185961372, 0.9833702563918686, 0.9716681094097689, 0.9668794338707445, 0.922154711576705, 0.9659936753491217, 0.9747479222777593, 0.9905597509907772, 0.9622491104249721, 0.04888856601420098, 0.9760122896699114, 0.9773979195187201, 0.9466414973376985, 0.9845336177208517, 0.9827230059092195, 0.9777861714740014, 0.9798730635350906, 0.02221320606447481]","[0.007371329807933456, 4.670713825261187e-05, 0.01601991049391417, 0.07680785314739699, 0.01379824227505093, 0.02493774573226633, 0.04042852564402735, 0.02080434573137853, 0.06952045224900802, 0.01507819612936441, 0.02391433697562544, 0.03429000077487641, 0.02116887496050541, 0.07585859810997228, 0.01203514930405689, 0.003234513699068655, 0.02445690427913315, 0.02213265632148644, 0.0148067426776257, 0.02213184038211912, 0.02643146319649414, 0.02525664610682287, 0.003054653311929021, 0.001636285243847484, 0.02249941629357652, 0.0007369440366737696, 0.01158749606172284, 0.01795143058169253, 0.07630720338456758, 0.02257225794533017, 0.01073682911235808, 0.01934226809095004, 0.02221583811028244, 0.05490896045738886, 0.0233891262953024, 0.01716577940307576, 0.004879498226222945, 0.02571579726731507, 0.9027044293750803, 0.0163062411478048, 0.0150779055642679, 0.03608523382694267, 0.01003849895628018, 0.0111401131176746, 0.01481594945870028, 0.01337060751176584, 0.9486632845355952]","[0.01556488391600496, 9.790173807389635e-05, 0.03412405494489722, 0.174381489473308, 0.02932546126697648, 0.05360579062892887, 0.08830746801448629, 0.04453192233770936, 0.1566003091321101, 0.03208739749337877, 0.05135198889800652, 0.07442307749295869, 0.04532907585584867, 0.1720494320514834, 0.02553270612316033, 0.006801471162308195, 0.0525462686881069, 0.04743953849049879, 0.03150104463886835, 0.04743775000881329, 0.05690383460168147, 0.05430905604322599, 0.00642210548199632, 0.003435239996388588, 0.0482437528451973, 0.00154575811670619, 0.02457187100528674, 0.03831359945844669, 0.1731509339488618, 0.04840354849663284, 0.02274841056519558, 0.0413406022984955, 0.04762188278221636, 0.1217745221555855, 0.05019717788277623, 0.03660750376158997, 0.01027747309851492, 0.05532242267747688, 19.44640659617643, 0.03474407891036158, 0.0320867696856315, 0.07846531969560996, 0.02125383627210444, 0.02361248519625256, 0.03152092644667156, 0.02840429072956255, 38.73208459789364]"
1,39-532,FUBAR,FMO1,FMO1_COLOBUS_ANGOLENSIS_PALLIATUS_ENSCANT00000054404_ENSCANP00000031188_ALTERNATIVE,1e-06,"[20, 31, 32, 48, 59, 88, 97, 109, 117, 119, 130, 135, 140, 156, 166, 168, 176, 189, 190, 191, 204, 207, 210, 227, 228, 230, 245, 253, 263, 271, 280, 311, 312, 327, 337, 341, 348, 357, 369, 373, 387, 389, 426, 468, 473, 477, 478]","[4.827838812710351, 15.33947692895842, 5.591237357410443, 2.459867403653099, 6.54705908179896, 4.567624008355658, 7.022760972730953, 4.769233802336779, 2.94418162101573, 6.653286338280054, 4.331994893798173, 3.499194458494555, 3.716032456110102, 2.813443938007131, 8.372520787751442, 7.235367287257077, 4.325910710353609, 4.598585431189511, 8.336923393249338, 4.466343682840129, 6.368822823491291, 4.286850647198564, 7.87204490370601, 11.24808426743036, 4.54840830052572, 17.29129927758455, 4.735180523503381, 5.88302571929393, 3.027957660762411, 4.870107656985635, 10.05296389438003, 4.96084249852779, 5.027977987858181, 2.772475429789361, 4.51779988374981, 5.180810053087858, 6.14217848953842, 4.366207165718851, 0.9255705479514847, 5.77408003604016, 6.664144073429021, 3.948591402703608, 8.493103766722108, 6.300697719630503, 6.62752001797441, 7.73651729255798, 0.6907091857121891]","[0.3250778709333811, 0.3804714135613663, 0.3110218673911078, 0.3171041394805214, 0.324818381828677, 0.3860402104846948, 0.8534172452597403, 0.3683498598263802, 0.3542637205722974, 0.3817009686441051, 0.3465652248503545, 0.3748219401779477, 0.2933423604281719, 0.3682153667414569, 0.3827519404612954, 0.3835352166080206, 0.3598776221275464, 0.3669479951927143, 0.424577036591877, 0.3558292572988055, 0.5080285864220099, 0.3695115224887978, 0.3870211970568603, 0.4077606063781379, 0.3611367830740993, 0.4695876363782491, 0.4298397028207677, 0.3863814883563935, 0.3479140700181132, 0.3938289149270188, 0.4258985070103902, 0.3648029337211296, 0.3989705982656121, 0.4120051054698955, 0.3660603918015264, 0.3615901495718773, 0.3952895906849096, 0.3845083990560773, 5.179491150807232, 0.3682611554314912, 0.3917852200335362, 0.4298232712963232, 0.4049690848152185, 0.38911415012834, 0.3909244946043308, 0.3958537892316184, 6.107568171810311]","[-4.502760941776971, -14.95900551539705, -5.280215490019335, -2.142763264172578, -6.222240699970284, -4.181583797870963, -6.169343727471213, -4.400883942510399, -2.589917900443433, -6.271585369635949, -3.985429668947819, -3.124372518316608, -3.42269009568193, -2.445228571265674, -7.989768847290147, -6.851832070649056, -3.966033088226063, -4.231637435996796, -7.91234635665746, -4.110514425541323, -5.860794237069281, -3.917339124709767, -7.48502370664915, -10.84032366105223, -4.187271517451621, -16.8217116412063, -4.305340820682613, -5.496644230937537, -2.680043590744298, -4.476278742058616, -9.627065387369644, -4.59603956480666, -4.629007389592569, -2.360470324319465, -4.151739491948284, -4.819219903515981, -5.74688889885351, -3.981698766662774, 4.253920602855747, -5.405818880608669, -6.272358853395485, -3.518768131407285, -8.088134681906888, -5.911583569502163, -6.236595523370079, -7.340663503326361, 5.416858986098123]","[0.9878749946291778, 0.9997578696804336, 0.9772071954911388, 0.9003616634052157, 0.980182295865513, 0.9633479438866271, 0.9321097165816139, 0.9695103168298859, 0.9092796641397443, 0.9775869863749447, 0.9657496933060266, 0.950654265731284, 0.9700434315573195, 0.9011767579414239, 0.9820936970843349, 0.9938126898718609, 0.9646325798510359, 0.9676943792082922, 0.9773080316294318, 0.9679212805707065, 0.9629932128941049, 0.9632803780841583, 0.9941377436005367, 0.9966518062748271, 0.9673223867372739, 0.9980790613464857, 0.9777505532395218, 0.9734076062182643, 0.901186491180328, 0.9664564185961372, 0.9833702563918686, 0.9716681094097689, 0.9668794338707445, 0.922154711576705, 0.9659936753491217, 0.9747479222777593, 0.9905597509907772, 0.9622491104249721, 0.04888856601420098, 0.9760122896699114, 0.9773979195187201, 0.9466414973376985, 0.9845336177208517, 0.9827230059092195, 0.9777861714740014, 0.9798730635350906, 0.02221320606447481]","[0.007371329807933456, 4.670713825261187e-05, 0.01601991049391417, 0.07680785314739699, 0.01379824227505093, 0.02493774573226633, 0.04042852564402735, 0.02080434573137853, 0.06952045224900802, 0.01507819612936441, 0.02391433697562544, 0.03429000077487641, 0.02116887496050541, 0.07585859810997228, 0.01203514930405689, 0.003234513699068655, 0.02445690427913315, 0.02213265632148644, 0.0148067426776257, 0.02213184038211912, 0.02643146319649414, 0.02525664610682287, 0.003054653311929021, 0.001636285243847484, 0.02249941629357652, 0.0007369440366737696, 0.01158749606172284, 0.01795143058169253, 0.07630720338456758, 0.02257225794533017, 0.01073682911235808, 0.01934226809095004, 0.02221583811028244, 0.05490896045738886, 0.0233891262953024, 0.01716577940307576, 0.004879498226222945, 0.02571579726731507, 0.9027044293750803, 0.0163062411478048, 0.0150779055642679, 0.03608523382694267, 0.01003849895628018, 0.0111401131176746, 0.01481594945870028, 0.01337060751176584, 0.9486632845355952]","[0.01556488391600496, 9.790173807389635e-05, 0.03412405494489722, 0.174381489473308, 0.02932546126697648, 0.05360579062892887, 0.08830746801448629, 0.04453192233770936, 0.1566003091321101, 0.03208739749337877, 0.05135198889800652, 0.07442307749295869, 0.04532907585584867, 0.1720494320514834, 0.02553270612316033, 0.006801471162308195, 0.0525462686881069, 0.04743953849049879, 0.03150104463886835, 0.04743775000881329, 0.05690383460168147, 0.05430905604322599, 0.00642210548199632, 0.003435239996388588, 0.0482437528451973, 0.00154575811670619, 0.02457187100528674, 0.03831359945844669, 0.1731509339488618, 0.04840354849663284, 0.02274841056519558, 0.0413406022984955, 0.04762188278221636, 0.1217745221555855, 0.05019717788277623, 0.03660750376158997, 0.01027747309851492, 0.05532242267747688, 19.44640659617643, 0.03474407891036158, 0.0320867696856315, 0.07846531969560996, 0.02125383627210444, 0.02361248519625256, 0.03152092644667156, 0.02840429072956255, 38.73208459789364]"
1,39-532,FUBAR,FMO1,FMO1_COLOBUS_ANGOLENSIS_PALLIATUS_ENSCANT00000054410_ENSCANP00000031194_CANONICAL,1e-06,"[20, 31, 32, 48, 59, 88, 97, 109, 117, 119, 130, 135, 140, 156, 166, 168, 176, 189, 190, 191, 204, 207, 210, 227, 228, 230, 245, 253, 263, 271, 280, 311, 312, 327, 337, 341, 348, 357, 369, 373, 387, 389, 426, 468, 473, 477, 478]","[4.827838812710351, 15.33947692895842, 5.591237357410443, 2.459867403653099, 6.54705908179896, 4.567624008355658, 7.022760972730953, 4.769233802336779, 2.94418162101573, 6.653286338280054, 4.331994893798173, 3.499194458494555, 3.716032456110102, 2.813443938007131, 8.372520787751442, 7.235367287257077, 4.325910710353609, 4.598585431189511, 8.336923393249338, 4.466343682840129, 6.368822823491291, 4.286850647198564, 7.87204490370601, 11.24808426743036, 4.54840830052572, 17.29129927758455, 4.735180523503381, 5.88302571929393, 3.027957660762411, 4.870107656985635, 10.05296389438003, 4.96084249852779, 5.027977987858181, 2.772475429789361, 4.51779988374981, 5.180810053087858, 6.14217848953842, 4.366207165718851, 0.9255705479514847, 5.77408003604016, 6.664144073429021, 3.948591402703608, 8.493103766722108, 6.300697719630503, 6.62752001797441, 7.73651729255798, 0.6907091857121891]","[0.3250778709333811, 0.3804714135613663, 0.3110218673911078, 0.3171041394805214, 0.324818381828677, 0.3860402104846948, 0.8534172452597403, 0.3683498598263802, 0.3542637205722974, 0.3817009686441051, 0.3465652248503545, 0.3748219401779477, 0.2933423604281719, 0.3682153667414569, 0.3827519404612954, 0.3835352166080206, 0.3598776221275464, 0.3669479951927143, 0.424577036591877, 0.3558292572988055, 0.5080285864220099, 0.3695115224887978, 0.3870211970568603, 0.4077606063781379, 0.3611367830740993, 0.4695876363782491, 0.4298397028207677, 0.3863814883563935, 0.3479140700181132, 0.3938289149270188, 0.4258985070103902, 0.3648029337211296, 0.3989705982656121, 0.4120051054698955, 0.3660603918015264, 0.3615901495718773, 0.3952895906849096, 0.3845083990560773, 5.179491150807232, 0.3682611554314912, 0.3917852200335362, 0.4298232712963232, 0.4049690848152185, 0.38911415012834, 0.3909244946043308, 0.3958537892316184, 6.107568171810311]","[-4.502760941776971, -14.95900551539705, -5.280215490019335, -2.142763264172578, -6.222240699970284, -4.181583797870963, -6.169343727471213, -4.400883942510399, -2.589917900443433, -6.271585369635949, -3.985429668947819, -3.124372518316608, -3.42269009568193, -2.445228571265674, -7.989768847290147, -6.851832070649056, -3.966033088226063, -4.231637435996796, -7.91234635665746, -4.110514425541323, -5.860794237069281, -3.917339124709767, -7.48502370664915, -10.84032366105223, -4.187271517451621, -16.8217116412063, -4.305340820682613, -5.496644230937537, -2.680043590744298, -4.476278742058616, -9.627065387369644, -4.59603956480666, -4.629007389592569, -2.360470324319465, -4.151739491948284, -4.819219903515981, -5.74688889885351, -3.981698766662774, 4.253920602855747, -5.405818880608669, -6.272358853395485, -3.518768131407285, -8.088134681906888, -5.911583569502163, -6.236595523370079, -7.340663503326361, 5.416858986098123]","[0.9878749946291778, 0.9997578696804336, 0.9772071954911388, 0.9003616634052157, 0.980182295865513, 0.9633479438866271, 0.9321097165816139, 0.9695103168298859, 0.9092796641397443, 0.9775869863749447, 0.9657496933060266, 0.950654265731284, 0.9700434315573195, 0.9011767579414239, 0.9820936970843349, 0.9938126898718609, 0.9646325798510359, 0.9676943792082922, 0.9773080316294318, 0.9679212805707065, 0.9629932128941049, 0.9632803780841583, 0.9941377436005367, 0.9966518062748271, 0.9673223867372739, 0.9980790613464857, 0.9777505532395218, 0.9734076062182643, 0.901186491180328, 0.9664564185961372, 0.9833702563918686, 0.9716681094097689, 0.9668794338707445, 0.922154711576705, 0.9659936753491217, 0.9747479222777593, 0.9905597509907772, 0.9622491104249721, 0.04888856601420098, 0.9760122896699114, 0.9773979195187201, 0.9466414973376985, 0.9845336177208517, 0.9827230059092195, 0.9777861714740014, 0.9798730635350906, 0.02221320606447481]","[0.007371329807933456, 4.670713825261187e-05, 0.01601991049391417, 0.07680785314739699, 0.01379824227505093, 0.02493774573226633, 0.04042852564402735, 0.02080434573137853, 0.06952045224900802, 0.01507819612936441, 0.02391433697562544, 0.03429000077487641, 0.02116887496050541, 0.07585859810997228, 0.01203514930405689, 0.003234513699068655, 0.02445690427913315, 0.02213265632148644, 0.0148067426776257, 0.02213184038211912, 0.02643146319649414, 0.02525664610682287, 0.003054653311929021, 0.001636285243847484, 0.02249941629357652, 0.0007369440366737696, 0.01158749606172284, 0.01795143058169253, 0.07630720338456758, 0.02257225794533017, 0.01073682911235808, 0.01934226809095004, 0.02221583811028244, 0.05490896045738886, 0.0233891262953024, 0.01716577940307576, 0.004879498226222945, 0.02571579726731507, 0.9027044293750803, 0.0163062411478048, 0.0150779055642679, 0.03608523382694267, 0.01003849895628018, 0.0111401131176746, 0.01481594945870028, 0.01337060751176584, 0.9486632845355952]","[0.01556488391600496, 9.790173807389635e-05, 0.03412405494489722, 0.174381489473308, 0.02932546126697648, 0.05360579062892887, 0.08830746801448629, 0.04453192233770936, 0.1566003091321101, 0.03208739749337877, 0.05135198889800652, 0.07442307749295869, 0.04532907585584867, 0.1720494320514834, 0.02553270612316033, 0.006801471162308195, 0.0525462686881069, 0.04743953849049879, 0.03150104463886835, 0.04743775000881329, 0.05690383460168147, 0.05430905604322599, 0.00642210548199632, 0.003435239996388588, 0.0482437528451973, 0.00154575811670619, 0.02457187100528674, 0.03831359945844669, 0.1731509339488618, 0.04840354849663284, 0.02274841056519558, 0.0413406022984955, 0.04762188278221636, 0.1217745221555855, 0.05019717788277623, 0.03660750376158997, 0.01027747309851492, 0.05532242267747688, 19.44640659617643, 0.03474407891036158, 0.0320867696856315, 0.07846531969560996, 0.02125383627210444, 0.02361248519625256, 0.03152092644667156, 0.02840429072956255, 38.73208459789364]"
1,39-532,FUBAR,FMO1,FMO1_COLOBUS_ANGOLENSIS_PALLIATUS_ENSCANT00000054415_ENSCANP00000031199_ALTERNATIVE,0.007747974614093852,"[20, 31, 32, 48, 59, 88, 97, 109, 117, 119, 130, 135, 140, 156, 166, 168, 176, 189, 190, 191, 204, 207, 210, 227, 228, 230, 245, 253, 263, 271, 280, 311, 312, 327, 337, 341, 348, 357, 369, 373, 387, 389, 426, 468, 473, 477, 478]","[4.827838812710351, 15.33947692895842, 5.591237357410443, 2.459867403653099, 6.54705908179896, 4.567624008355658, 7.022760972730953, 4.769233802336779, 2.94418162101573, 6.653286338280054, 4.331994893798173, 3.499194458494555, 3.716032456110102, 2.813443938007131, 8.372520787751442, 7.235367287257077, 4.325910710353609, 4.598585431189511, 8.336923393249338, 4.466343682840129, 6.368822823491291, 4.286850647198564, 7.87204490370601, 11.24808426743036, 4.54840830052572, 17.29129927758455, 4.735180523503381, 5.88302571929393, 3.027957660762411, 4.870107656985635, 10.05296389438003, 4.96084249852779, 5.027977987858181, 2.772475429789361, 4.51779988374981, 5.180810053087858, 6.14217848953842, 4.366207165718851, 0.9255705479514847, 5.77408003604016, 6.664144073429021, 3.948591402703608, 8.493103766722108, 6.300697719630503, 6.62752001797441, 7.73651729255798, 0.6907091857121891]","[0.3250778709333811, 0.3804714135613663, 0.3110218673911078, 0.3171041394805214, 0.324818381828677, 0.3860402104846948, 0.8534172452597403, 0.3683498598263802, 0.3542637205722974, 0.3817009686441051, 0.3465652248503545, 0.3748219401779477, 0.2933423604281719, 0.3682153667414569, 0.3827519404612954, 0.3835352166080206, 0.3598776221275464, 0.3669479951927143, 0.424577036591877, 0.3558292572988055, 0.5080285864220099, 0.3695115224887978, 0.3870211970568603, 0.4077606063781379, 0.3611367830740993, 0.4695876363782491, 0.4298397028207677, 0.3863814883563935, 0.3479140700181132, 0.3938289149270188, 0.4258985070103902, 0.3648029337211296, 0.3989705982656121, 0.4120051054698955, 0.3660603918015264, 0.3615901495718773, 0.3952895906849096, 0.3845083990560773, 5.179491150807232, 0.3682611554314912, 0.3917852200335362, 0.4298232712963232, 0.4049690848152185, 0.38911415012834, 0.3909244946043308, 0.3958537892316184, 6.107568171810311]","[-4.502760941776971, -14.95900551539705, -5.280215490019335, -2.142763264172578, -6.222240699970284, -4.181583797870963, -6.169343727471213, -4.400883942510399, -2.589917900443433, -6.271585369635949, -3.985429668947819, -3.124372518316608, -3.42269009568193, -2.445228571265674, -7.989768847290147, -6.851832070649056, -3.966033088226063, -4.231637435996796, -7.91234635665746, -4.110514425541323, -5.860794237069281, -3.917339124709767, -7.48502370664915, -10.84032366105223, -4.187271517451621, -16.8217116412063, -4.305340820682613, -5.496644230937537, -2.680043590744298, -4.476278742058616, -9.627065387369644, -4.59603956480666, -4.629007389592569, -2.360470324319465, -4.151739491948284, -4.819219903515981, -5.74688889885351, -3.981698766662774, 4.253920602855747, -5.405818880608669, -6.272358853395485, -3.518768131407285, -8.088134681906888, -5.911583569502163, -6.236595523370079, -7.340663503326361, 5.416858986098123]","[0.9878749946291778, 0.9997578696804336, 0.9772071954911388, 0.9003616634052157, 0.980182295865513, 0.9633479438866271, 0.9321097165816139, 0.9695103168298859, 0.9092796641397443, 0.9775869863749447, 0.9657496933060266, 0.950654265731284, 0.9700434315573195, 0.9011767579414239, 0.9820936970843349, 0.9938126898718609, 0.9646325798510359, 0.9676943792082922, 0.9773080316294318, 0.9679212805707065, 0.9629932128941049, 0.9632803780841583, 0.9941377436005367, 0.9966518062748271, 0.9673223867372739, 0.9980790613464857, 0.9777505532395218, 0.9734076062182643, 0.901186491180328, 0.9664564185961372, 0.9833702563918686, 0.9716681094097689, 0.9668794338707445, 0.922154711576705, 0.9659936753491217, 0.9747479222777593, 0.9905597509907772, 0.9622491104249721, 0.04888856601420098, 0.9760122896699114, 0.9773979195187201, 0.9466414973376985, 0.9845336177208517, 0.9827230059092195, 0.9777861714740014, 0.9798730635350906, 0.02221320606447481]","[0.007371329807933456, 4.670713825261187e-05, 0.01601991049391417, 0.07680785314739699, 0.01379824227505093, 0.02493774573226633, 0.04042852564402735, 0.02080434573137853, 0.06952045224900802, 0.01507819612936441, 0.02391433697562544, 0.03429000077487641, 0.02116887496050541, 0.07585859810997228, 0.01203514930405689, 0.003234513699068655, 0.02445690427913315, 0.02213265632148644, 0.0148067426776257, 0.02213184038211912, 0.02643146319649414, 0.02525664610682287, 0.003054653311929021, 0.001636285243847484, 0.02249941629357652, 0.0007369440366737696, 0.01158749606172284, 0.01795143058169253, 0.07630720338456758, 0.02257225794533017, 0.01073682911235808, 0.01934226809095004, 0.02221583811028244, 0.05490896045738886, 0.0233891262953024, 0.01716577940307576, 0.004879498226222945, 0.02571579726731507, 0.9027044293750803, 0.0163062411478048, 0.0150779055642679, 0.03608523382694267, 0.01003849895628018, 0.0111401131176746, 0.01481594945870028, 0.01337060751176584, 0.9486632845355952]","[0.01556488391600496, 9.790173807389635e-05, 0.03412405494489722, 0.174381489473308, 0.02932546126697648, 0.05360579062892887, 0.08830746801448629, 0.04453192233770936, 0.1566003091321101, 0.03208739749337877, 0.05135198889800652, 0.07442307749295869, 0.04532907585584867, 0.1720494320514834, 0.02553270612316033, 0.006801471162308195, 0.0525462686881069, 0.04743953849049879, 0.03150104463886835, 0.04743775000881329, 0.05690383460168147, 0.05430905604322599, 0.00642210548199632, 0.003435239996388588, 0.0482437528451973, 0.00154575811670619, 0.02457187100528674, 0.03831359945844669, 0.1731509339488618, 0.04840354849663284, 0.02274841056519558, 0.0413406022984955, 0.04762188278221636, 0.1217745221555855, 0.05019717788277623, 0.03660750376158997, 0.01027747309851492, 0.05532242267747688, 19.44640659617643, 0.03474407891036158, 0.0320867696856315, 0.07846531969560996, 0.02125383627210444, 0.02361248519625256, 0.03152092644667156, 0.02840429072956255, 38.73208459789364]"
1,39-532,FUBAR,FMO1,FMO1_GORILLA_GORILLA_ENSGGOT00000010980_ENSGGOP00000010662_CANONICAL,1e-06,"[20, 31, 32, 48, 59, 88, 97, 109, 117, 119, 130, 135, 140, 156, 166, 168, 176, 189, 190, 191, 204, 207, 210, 227, 228, 230, 245, 253, 263, 271, 280, 311, 312, 327, 337, 341, 348, 357, 369, 373, 387, 389, 426, 468, 473, 477, 478]","[4.827838812710351, 15.33947692895842, 5.591237357410443, 2.459867403653099, 6.54705908179896, 4.567624008355658, 7.022760972730953, 4.769233802336779, 2.94418162101573, 6.653286338280054, 4.331994893798173, 3.499194458494555, 3.716032456110102, 2.813443938007131, 8.372520787751442, 7.235367287257077, 4.325910710353609, 4.598585431189511, 8.336923393249338, 4.466343682840129, 6.368822823491291, 4.286850647198564, 7.87204490370601, 11.24808426743036, 4.54840830052572, 17.29129927758455, 4.735180523503381, 5.88302571929393, 3.027957660762411, 4.870107656985635, 10.05296389438003, 4.96084249852779, 5.027977987858181, 2.772475429789361, 4.51779988374981, 5.180810053087858, 6.14217848953842, 4.366207165718851, 0.9255705479514847, 5.77408003604016, 6.664144073429021, 3.948591402703608, 8.493103766722108, 6.300697719630503, 6.62752001797441, 7.73651729255798, 0.6907091857121891]","[0.3250778709333811, 0.3804714135613663, 0.3110218673911078, 0.3171041394805214, 0.324818381828677, 0.3860402104846948, 0.8534172452597403, 0.3683498598263802, 0.3542637205722974, 0.3817009686441051, 0.3465652248503545, 0.3748219401779477, 0.2933423604281719, 0.3682153667414569, 0.3827519404612954, 0.3835352166080206, 0.3598776221275464, 0.3669479951927143, 0.424577036591877, 0.3558292572988055, 0.5080285864220099, 0.3695115224887978, 0.3870211970568603, 0.4077606063781379, 0.3611367830740993, 0.4695876363782491, 0.4298397028207677, 0.3863814883563935, 0.3479140700181132, 0.3938289149270188, 0.4258985070103902, 0.3648029337211296, 0.3989705982656121, 0.4120051054698955, 0.3660603918015264, 0.3615901495718773, 0.3952895906849096, 0.3845083990560773, 5.179491150807232, 0.3682611554314912, 0.3917852200335362, 0.4298232712963232, 0.4049690848152185, 0.38911415012834, 0.3909244946043308, 0.3958537892316184, 6.107568171810311]","[-4.502760941776971, -14.95900551539705, -5.280215490019335, -2.142763264172578, -6.222240699970284, -4.181583797870963, -6.169343727471213, -4.400883942510399, -2.589917900443433, -6.271585369635949, -3.985429668947819, -3.124372518316608, -3.42269009568193, -2.445228571265674, -7.989768847290147, -6.851832070649056, -3.966033088226063, -4.231637435996796, -7.91234635665746, -4.110514425541323, -5.860794237069281, -3.917339124709767, -7.48502370664915, -10.84032366105223, -4.187271517451621, -16.8217116412063, -4.305340820682613, -5.496644230937537, -2.680043590744298, -4.476278742058616, -9.627065387369644, -4.59603956480666, -4.629007389592569, -2.360470324319465, -4.151739491948284, -4.819219903515981, -5.74688889885351, -3.981698766662774, 4.253920602855747, -5.405818880608669, -6.272358853395485, -3.518768131407285, -8.088134681906888, -5.911583569502163, -6.236595523370079, -7.340663503326361, 5.416858986098123]","[0.9878749946291778, 0.9997578696804336, 0.9772071954911388, 0.9003616634052157, 0.980182295865513, 0.9633479438866271, 0.9321097165816139, 0.9695103168298859, 0.9092796641397443, 0.9775869863749447, 0.9657496933060266, 0.950654265731284, 0.9700434315573195, 0.9011767579414239, 0.9820936970843349, 0.9938126898718609, 0.9646325798510359, 0.9676943792082922, 0.9773080316294318, 0.9679212805707065, 0.9629932128941049, 0.9632803780841583, 0.9941377436005367, 0.9966518062748271, 0.9673223867372739, 0.9980790613464857, 0.9777505532395218, 0.9734076062182643, 0.901186491180328, 0.9664564185961372, 0.9833702563918686, 0.9716681094097689, 0.9668794338707445, 0.922154711576705, 0.9659936753491217, 0.9747479222777593, 0.9905597509907772, 0.9622491104249721, 0.04888856601420098, 0.9760122896699114, 0.9773979195187201, 0.9466414973376985, 0.9845336177208517, 0.9827230059092195, 0.9777861714740014, 0.9798730635350906, 0.02221320606447481]","[0.007371329807933456, 4.670713825261187e-05, 0.01601991049391417, 0.07680785314739699, 0.01379824227505093, 0.02493774573226633, 0.04042852564402735, 0.02080434573137853, 0.06952045224900802, 0.01507819612936441, 0.02391433697562544, 0.03429000077487641, 0.02116887496050541, 0.07585859810997228, 0.01203514930405689, 0.003234513699068655, 0.02445690427913315, 0.02213265632148644, 0.0148067426776257, 0.02213184038211912, 0.02643146319649414, 0.02525664610682287, 0.003054653311929021, 0.001636285243847484, 0.02249941629357652, 0.0007369440366737696, 0.01158749606172284, 0.01795143058169253, 0.07630720338456758, 0.02257225794533017, 0.01073682911235808, 0.01934226809095004, 0.02221583811028244, 0.05490896045738886, 0.0233891262953024, 0.01716577940307576, 0.004879498226222945, 0.02571579726731507, 0.9027044293750803, 0.0163062411478048, 0.0150779055642679, 0.03608523382694267, 0.01003849895628018, 0.0111401131176746, 0.01481594945870028, 0.01337060751176584, 0.9486632845355952]","[0.01556488391600496, 9.790173807389635e-05, 0.03412405494489722, 0.174381489473308, 0.02932546126697648, 0.05360579062892887, 0.08830746801448629, 0.04453192233770936, 0.1566003091321101, 0.03208739749337877, 0.05135198889800652, 0.07442307749295869, 0.04532907585584867, 0.1720494320514834, 0.02553270612316033, 0.006801471162308195, 0.0525462686881069, 0.04743953849049879, 0.03150104463886835, 0.04743775000881329, 0.05690383460168147, 0.05430905604322599, 0.00642210548199632, 0.003435239996388588, 0.0482437528451973, 0.00154575811670619, 0.02457187100528674, 0.03831359945844669, 0.1731509339488618, 0.04840354849663284, 0.02274841056519558, 0.0413406022984955, 0.04762188278221636, 0.1217745221555855, 0.05019717788277623, 0.03660750376158997, 0.01027747309851492, 0.05532242267747688, 19.44640659617643, 0.03474407891036158, 0.0320867696856315, 0.07846531969560996, 0.02125383627210444, 0.02361248519625256, 0.03152092644667156, 0.02840429072956255, 38.73208459789364]"
1,39-532,FUBAR,FMO1,FMO1_GORILLA_GORILLA_ENSGGOT00000059212_ENSGGOP00000034628_ALTERNATIVE,0.003867742923026737,"[20, 31, 32, 48, 59, 88, 97, 109, 117, 119, 130, 135, 140, 156, 166, 168, 176, 189, 190, 191, 204, 207, 210, 227, 228, 230, 245, 253, 263, 271, 280, 311, 312, 327, 337, 341, 348, 357, 369, 373, 387, 389, 426, 468, 473, 477, 478]","[4.827838812710351, 15.33947692895842, 5.591237357410443, 2.459867403653099, 6.54705908179896, 4.567624008355658, 7.022760972730953, 4.769233802336779, 2.94418162101573, 6.653286338280054, 4.331994893798173, 3.499194458494555, 3.716032456110102, 2.813443938007131, 8.372520787751442, 7.235367287257077, 4.325910710353609, 4.598585431189511, 8.336923393249338, 4.466343682840129, 6.368822823491291, 4.286850647198564, 7.87204490370601, 11.24808426743036, 4.54840830052572, 17.29129927758455, 4.735180523503381, 5.88302571929393, 3.027957660762411, 4.870107656985635, 10.05296389438003, 4.96084249852779, 5.027977987858181, 2.772475429789361, 4.51779988374981, 5.180810053087858, 6.14217848953842, 4.366207165718851, 0.9255705479514847, 5.77408003604016, 6.664144073429021, 3.948591402703608, 8.493103766722108, 6.300697719630503, 6.62752001797441, 7.73651729255798, 0.6907091857121891]","[0.3250778709333811, 0.3804714135613663, 0.3110218673911078, 0.3171041394805214, 0.324818381828677, 0.3860402104846948, 0.8534172452597403, 0.3683498598263802, 0.3542637205722974, 0.3817009686441051, 0.3465652248503545, 0.3748219401779477, 0.2933423604281719, 0.3682153667414569, 0.3827519404612954, 0.3835352166080206, 0.3598776221275464, 0.3669479951927143, 0.424577036591877, 0.3558292572988055, 0.5080285864220099, 0.3695115224887978, 0.3870211970568603, 0.4077606063781379, 0.3611367830740993, 0.4695876363782491, 0.4298397028207677, 0.3863814883563935, 0.3479140700181132, 0.3938289149270188, 0.4258985070103902, 0.3648029337211296, 0.3989705982656121, 0.4120051054698955, 0.3660603918015264, 0.3615901495718773, 0.3952895906849096, 0.3845083990560773, 5.179491150807232, 0.3682611554314912, 0.3917852200335362, 0.4298232712963232, 0.4049690848152185, 0.38911415012834, 0.3909244946043308, 0.3958537892316184, 6.107568171810311]","[-4.502760941776971, -14.95900551539705, -5.280215490019335, -2.142763264172578, -6.222240699970284, -4.181583797870963, -6.169343727471213, -4.400883942510399, -2.589917900443433, -6.271585369635949, -3.985429668947819, -3.124372518316608, -3.42269009568193, -2.445228571265674, -7.989768847290147, -6.851832070649056, -3.966033088226063, -4.231637435996796, -7.91234635665746, -4.110514425541323, -5.860794237069281, -3.917339124709767, -7.48502370664915, -10.84032366105223, -4.187271517451621, -16.8217116412063, -4.305340820682613, -5.496644230937537, -2.680043590744298, -4.476278742058616, -9.627065387369644, -4.59603956480666, -4.629007389592569, -2.360470324319465, -4.151739491948284, -4.819219903515981, -5.74688889885351, -3.981698766662774, 4.253920602855747, -5.405818880608669, -6.272358853395485, -3.518768131407285, -8.088134681906888, -5.911583569502163, -6.236595523370079, -7.340663503326361, 5.416858986098123]","[0.9878749946291778, 0.9997578696804336, 0.9772071954911388, 0.9003616634052157, 0.980182295865513, 0.9633479438866271, 0.9321097165816139, 0.9695103168298859, 0.9092796641397443, 0.9775869863749447, 0.9657496933060266, 0.950654265731284, 0.9700434315573195, 0.9011767579414239, 0.9820936970843349, 0.9938126898718609, 0.9646325798510359, 0.9676943792082922, 0.9773080316294318, 0.9679212805707065, 0.9629932128941049, 0.9632803780841583, 0.9941377436005367, 0.9966518062748271, 0.9673223867372739, 0.9980790613464857, 0.9777505532395218, 0.9734076062182643, 0.901186491180328, 0.9664564185961372, 0.9833702563918686, 0.9716681094097689, 0.9668794338707445, 0.922154711576705, 0.9659936753491217, 0.9747479222777593, 0.9905597509907772, 0.9622491104249721, 0.04888856601420098, 0.9760122896699114, 0.9773979195187201, 0.9466414973376985, 0.9845336177208517, 0.9827230059092195, 0.9777861714740014, 0.9798730635350906, 0.02221320606447481]","[0.007371329807933456, 4.670713825261187e-05, 0.01601991049391417, 0.07680785314739699, 0.01379824227505093, 0.02493774573226633, 0.04042852564402735, 0.02080434573137853, 0.06952045224900802, 0.01507819612936441, 0.02391433697562544, 0.03429000077487641, 0.02116887496050541, 0.07585859810997228, 0.01203514930405689, 0.003234513699068655, 0.02445690427913315, 0.02213265632148644, 0.0148067426776257, 0.02213184038211912, 0.02643146319649414, 0.02525664610682287, 0.003054653311929021, 0.001636285243847484, 0.02249941629357652, 0.0007369440366737696, 0.01158749606172284, 0.01795143058169253, 0.07630720338456758, 0.02257225794533017, 0.01073682911235808, 0.01934226809095004, 0.02221583811028244, 0.05490896045738886, 0.0233891262953024, 0.01716577940307576, 0.004879498226222945, 0.02571579726731507, 0.9027044293750803, 0.0163062411478048, 0.0150779055642679, 0.03608523382694267, 0.01003849895628018, 0.0111401131176746, 0.01481594945870028, 0.01337060751176584, 0.9486632845355952]","[0.01556488391600496, 9.790173807389635e-05, 0.03412405494489722, 0.174381489473308, 0.02932546126697648, 0.05360579062892887, 0.08830746801448629, 0.04453192233770936, 0.1566003091321101, 0.03208739749337877, 0.05135198889800652, 0.07442307749295869, 0.04532907585584867, 0.1720494320514834, 0.02553270612316033, 0.006801471162308195, 0.0525462686881069, 0.04743953849049879, 0.03150104463886835, 0.04743775000881329, 0.05690383460168147, 0.05430905604322599, 0.00642210548199632, 0.003435239996388588, 0.0482437528451973, 0.00154575811670619, 0.02457187100528674, 0.03831359945844669, 0.1731509339488618, 0.04840354849663284, 0.02274841056519558, 0.0413406022984955, 0.04762188278221636, 0.1217745221555855, 0.05019717788277623, 0.03660750376158997, 0.01027747309851492, 0.05532242267747688, 19.44640659617643, 0.03474407891036158, 0.0320867696856315, 0.07846531969560996, 0.02125383627210444, 0.02361248519625256, 0.03152092644667156, 0.02840429072956255, 38.73208459789364]"
1,39-532,FUBAR,FMO1,FMO1_GORILLA_GORILLA_ENSGGOT00000061100_ENSGGOP00000050705_ALTERNATIVE,1e-06,"[20, 31, 32, 48, 59, 88, 97, 109, 117, 119, 130, 135, 140, 156, 166, 168, 176, 189, 190, 191, 204, 207, 210, 227, 228, 230, 245, 253, 263, 271, 280, 311, 312, 327, 337, 341, 348, 357, 369, 373, 387, 389, 426, 468, 473, 477, 478]","[4.827838812710351, 15.33947692895842, 5.591237357410443, 2.459867403653099, 6.54705908179896, 4.567624008355658, 7.022760972730953, 4.769233802336779, 2.94418162101573, 6.653286338280054, 4.331994893798173, 3.499194458494555, 3.716032456110102, 2.813443938007131, 8.372520787751442, 7.235367287257077, 4.325910710353609, 4.598585431189511, 8.336923393249338, 4.466343682840129, 6.368822823491291, 4.286850647198564, 7.87204490370601, 11.24808426743036, 4.54840830052572, 17.29129927758455, 4.735180523503381, 5.88302571929393, 3.027957660762411, 4.870107656985635, 10.05296389438003, 4.96084249852779, 5.027977987858181, 2.772475429789361, 4.51779988374981, 5.180810053087858, 6.14217848953842, 4.366207165718851, 0.9255705479514847, 5.77408003604016, 6.664144073429021, 3.948591402703608, 8.493103766722108, 6.300697719630503, 6.62752001797441, 7.73651729255798, 0.6907091857121891]","[0.3250778709333811, 0.3804714135613663, 0.3110218673911078, 0.3171041394805214, 0.324818381828677, 0.3860402104846948, 0.8534172452597403, 0.3683498598263802, 0.3542637205722974, 0.3817009686441051, 0.3465652248503545, 0.3748219401779477, 0.2933423604281719, 0.3682153667414569, 0.3827519404612954, 0.3835352166080206, 0.3598776221275464, 0.3669479951927143, 0.424577036591877, 0.3558292572988055, 0.5080285864220099, 0.3695115224887978, 0.3870211970568603, 0.4077606063781379, 0.3611367830740993, 0.4695876363782491, 0.4298397028207677, 0.3863814883563935, 0.3479140700181132, 0.3938289149270188, 0.4258985070103902, 0.3648029337211296, 0.3989705982656121, 0.4120051054698955, 0.3660603918015264, 0.3615901495718773, 0.3952895906849096, 0.3845083990560773, 5.179491150807232, 0.3682611554314912, 0.3917852200335362, 0.4298232712963232, 0.4049690848152185, 0.38911415012834, 0.3909244946043308, 0.3958537892316184, 6.107568171810311]","[-4.502760941776971, -14.95900551539705, -5.280215490019335, -2.142763264172578, -6.222240699970284, -4.181583797870963, -6.169343727471213, -4.400883942510399, -2.589917900443433, -6.271585369635949, -3.985429668947819, -3.124372518316608, -3.42269009568193, -2.445228571265674, -7.989768847290147, -6.851832070649056, -3.966033088226063, -4.231637435996796, -7.91234635665746, -4.110514425541323, -5.860794237069281, -3.917339124709767, -7.48502370664915, -10.84032366105223, -4.187271517451621, -16.8217116412063, -4.305340820682613, -5.496644230937537, -2.680043590744298, -4.476278742058616, -9.627065387369644, -4.59603956480666, -4.629007389592569, -2.360470324319465, -4.151739491948284, -4.819219903515981, -5.74688889885351, -3.981698766662774, 4.253920602855747, -5.405818880608669, -6.272358853395485, -3.518768131407285, -8.088134681906888, -5.911583569502163, -6.236595523370079, -7.340663503326361, 5.416858986098123]","[0.9878749946291778, 0.9997578696804336, 0.9772071954911388, 0.9003616634052157, 0.980182295865513, 0.9633479438866271, 0.9321097165816139, 0.9695103168298859, 0.9092796641397443, 0.9775869863749447, 0.9657496933060266, 0.950654265731284, 0.9700434315573195, 0.9011767579414239, 0.9820936970843349, 0.9938126898718609, 0.9646325798510359, 0.9676943792082922, 0.9773080316294318, 0.9679212805707065, 0.9629932128941049, 0.9632803780841583, 0.9941377436005367, 0.9966518062748271, 0.9673223867372739, 0.9980790613464857, 0.9777505532395218, 0.9734076062182643, 0.901186491180328, 0.9664564185961372, 0.9833702563918686, 0.9716681094097689, 0.9668794338707445, 0.922154711576705, 0.9659936753491217, 0.9747479222777593, 0.9905597509907772, 0.9622491104249721, 0.04888856601420098, 0.9760122896699114, 0.9773979195187201, 0.9466414973376985, 0.9845336177208517, 0.9827230059092195, 0.9777861714740014, 0.9798730635350906, 0.02221320606447481]","[0.007371329807933456, 4.670713825261187e-05, 0.01601991049391417, 0.07680785314739699, 0.01379824227505093, 0.02493774573226633, 0.04042852564402735, 0.02080434573137853, 0.06952045224900802, 0.01507819612936441, 0.02391433697562544, 0.03429000077487641, 0.02116887496050541, 0.07585859810997228, 0.01203514930405689, 0.003234513699068655, 0.02445690427913315, 0.02213265632148644, 0.0148067426776257, 0.02213184038211912, 0.02643146319649414, 0.02525664610682287, 0.003054653311929021, 0.001636285243847484, 0.02249941629357652, 0.0007369440366737696, 0.01158749606172284, 0.01795143058169253, 0.07630720338456758, 0.02257225794533017, 0.01073682911235808, 0.01934226809095004, 0.02221583811028244, 0.05490896045738886, 0.0233891262953024, 0.01716577940307576, 0.004879498226222945, 0.02571579726731507, 0.9027044293750803, 0.0163062411478048, 0.0150779055642679, 0.03608523382694267, 0.01003849895628018, 0.0111401131176746, 0.01481594945870028, 0.01337060751176584, 0.9486632845355952]","[0.01556488391600496, 9.790173807389635e-05, 0.03412405494489722, 0.174381489473308, 0.02932546126697648, 0.05360579062892887, 0.08830746801448629, 0.04453192233770936, 0.1566003091321101, 0.03208739749337877, 0.05135198889800652, 0.07442307749295869, 0.04532907585584867, 0.1720494320514834, 0.02553270612316033, 0.006801471162308195, 0.0525462686881069, 0.04743953849049879, 0.03150104463886835, 0.04743775000881329, 0.05690383460168147, 0.05430905604322599, 0.00642210548199632, 0.003435239996388588, 0.0482437528451973, 0.00154575811670619, 0.02457187100528674, 0.03831359945844669, 0.1731509339488618, 0.04840354849663284, 0.02274841056519558, 0.0413406022984955, 0.04762188278221636, 0.1217745221555855, 0.05019717788277623, 0.03660750376158997, 0.01027747309851492, 0.05532242267747688, 19.44640659617643, 0.03474407891036158, 0.0320867696856315, 0.07846531969560996, 0.02125383627210444, 0.02361248519625256, 0.03152092644667156, 0.02840429072956255, 38.73208459789364]"
1,39-532,FUBAR,FMO1,FMO1_HOMO_SAPIENS_ENST00000354841_ENSP00000346901_ALTERNATIVE,1e-06,"[20, 31, 32, 48, 59, 88, 97, 109, 117, 119, 130, 135, 140, 156, 166, 168, 176, 189, 190, 191, 204, 207, 210, 227, 228, 230, 245, 253, 263, 271, 280, 311, 312, 327, 337, 341, 348, 357, 369, 373, 387, 389, 426, 468, 473, 477, 478]","[4.827838812710351, 15.33947692895842, 5.591237357410443, 2.459867403653099, 6.54705908179896, 4.567624008355658, 7.022760972730953, 4.769233802336779, 2.94418162101573, 6.653286338280054, 4.331994893798173, 3.499194458494555, 3.716032456110102, 2.813443938007131, 8.372520787751442, 7.235367287257077, 4.325910710353609, 4.598585431189511, 8.336923393249338, 4.466343682840129, 6.368822823491291, 4.286850647198564, 7.87204490370601, 11.24808426743036, 4.54840830052572, 17.29129927758455, 4.735180523503381, 5.88302571929393, 3.027957660762411, 4.870107656985635, 10.05296389438003, 4.96084249852779, 5.027977987858181, 2.772475429789361, 4.51779988374981, 5.180810053087858, 6.14217848953842, 4.366207165718851, 0.9255705479514847, 5.77408003604016, 6.664144073429021, 3.948591402703608, 8.493103766722108, 6.300697719630503, 6.62752001797441, 7.73651729255798, 0.6907091857121891]","[0.3250778709333811, 0.3804714135613663, 0.3110218673911078, 0.3171041394805214, 0.324818381828677, 0.3860402104846948, 0.8534172452597403, 0.3683498598263802, 0.3542637205722974, 0.3817009686441051, 0.3465652248503545, 0.3748219401779477, 0.2933423604281719, 0.3682153667414569, 0.3827519404612954, 0.3835352166080206, 0.3598776221275464, 0.3669479951927143, 0.424577036591877, 0.3558292572988055, 0.5080285864220099, 0.3695115224887978, 0.3870211970568603, 0.4077606063781379, 0.3611367830740993, 0.4695876363782491, 0.4298397028207677, 0.3863814883563935, 0.3479140700181132, 0.3938289149270188, 0.4258985070103902, 0.3648029337211296, 0.3989705982656121, 0.4120051054698955, 0.3660603918015264, 0.3615901495718773, 0.3952895906849096, 0.3845083990560773, 5.179491150807232, 0.3682611554314912, 0.3917852200335362, 0.4298232712963232, 0.4049690848152185, 0.38911415012834, 0.3909244946043308, 0.3958537892316184, 6.107568171810311]","[-4.502760941776971, -14.95900551539705, -5.280215490019335, -2.142763264172578, -6.222240699970284, -4.181583797870963, -6.169343727471213, -4.400883942510399, -2.589917900443433, -6.271585369635949, -3.985429668947819, -3.124372518316608, -3.42269009568193, -2.445228571265674, -7.989768847290147, -6.851832070649056, -3.966033088226063, -4.231637435996796, -7.91234635665746, -4.110514425541323, -5.860794237069281, -3.917339124709767, -7.48502370664915, -10.84032366105223, -4.187271517451621, -16.8217116412063, -4.305340820682613, -5.496644230937537, -2.680043590744298, -4.476278742058616, -9.627065387369644, -4.59603956480666, -4.629007389592569, -2.360470324319465, -4.151739491948284, -4.819219903515981, -5.74688889885351, -3.981698766662774, 4.253920602855747, -5.405818880608669, -6.272358853395485, -3.518768131407285, -8.088134681906888, -5.911583569502163, -6.236595523370079, -7.340663503326361, 5.416858986098123]","[0.9878749946291778, 0.9997578696804336, 0.9772071954911388, 0.9003616634052157, 0.980182295865513, 0.9633479438866271, 0.9321097165816139, 0.9695103168298859, 0.9092796641397443, 0.9775869863749447, 0.9657496933060266, 0.950654265731284, 0.9700434315573195, 0.9011767579414239, 0.9820936970843349, 0.9938126898718609, 0.9646325798510359, 0.9676943792082922, 0.9773080316294318, 0.9679212805707065, 0.9629932128941049, 0.9632803780841583, 0.9941377436005367, 0.9966518062748271, 0.9673223867372739, 0.9980790613464857, 0.9777505532395218, 0.9734076062182643, 0.901186491180328, 0.9664564185961372, 0.9833702563918686, 0.9716681094097689, 0.9668794338707445, 0.922154711576705, 0.9659936753491217, 0.9747479222777593, 0.9905597509907772, 0.9622491104249721, 0.04888856601420098, 0.9760122896699114, 0.9773979195187201, 0.9466414973376985, 0.9845336177208517, 0.9827230059092195, 0.9777861714740014, 0.9798730635350906, 0.02221320606447481]","[0.007371329807933456, 4.670713825261187e-05, 0.01601991049391417, 0.07680785314739699, 0.01379824227505093, 0.02493774573226633, 0.04042852564402735, 0.02080434573137853, 0.06952045224900802, 0.01507819612936441, 0.02391433697562544, 0.03429000077487641, 0.02116887496050541, 0.07585859810997228, 0.01203514930405689, 0.003234513699068655, 0.02445690427913315, 0.02213265632148644, 0.0148067426776257, 0.02213184038211912, 0.02643146319649414, 0.02525664610682287, 0.003054653311929021, 0.001636285243847484, 0.02249941629357652, 0.0007369440366737696, 0.01158749606172284, 0.01795143058169253, 0.07630720338456758, 0.02257225794533017, 0.01073682911235808, 0.01934226809095004, 0.02221583811028244, 0.05490896045738886, 0.0233891262953024, 0.01716577940307576, 0.004879498226222945, 0.02571579726731507, 0.9027044293750803, 0.0163062411478048, 0.0150779055642679, 0.03608523382694267, 0.01003849895628018, 0.0111401131176746, 0.01481594945870028, 0.01337060751176584, 0.9486632845355952]","[0.01556488391600496, 9.790173807389635e-05, 0.03412405494489722, 0.174381489473308, 0.02932546126697648, 0.05360579062892887, 0.08830746801448629, 0.04453192233770936, 0.1566003091321101, 0.03208739749337877, 0.05135198889800652, 0.07442307749295869, 0.04532907585584867, 0.1720494320514834, 0.02553270612316033, 0.006801471162308195, 0.0525462686881069, 0.04743953849049879, 0.03150104463886835, 0.04743775000881329, 0.05690383460168147, 0.05430905604322599, 0.00642210548199632, 0.003435239996388588, 0.0482437528451973, 0.00154575811670619, 0.02457187100528674, 0.03831359945844669, 0.1731509339488618, 0.04840354849663284, 0.02274841056519558, 0.0413406022984955, 0.04762188278221636, 0.1217745221555855, 0.05019717788277623, 0.03660750376158997, 0.01027747309851492, 0.05532242267747688, 19.44640659617643, 0.03474407891036158, 0.0320867696856315, 0.07846531969560996, 0.02125383627210444, 0.02361248519625256, 0.03152092644667156, 0.02840429072956255, 38.73208459789364]"
1,39-532,FUBAR,FMO1,FMO1_HOMO_SAPIENS_ENST00000367750_ENSP00000356724_ALTERNATIVE,1e-06,"[20, 31, 32, 48, 59, 88, 97, 109, 117, 119, 130, 135, 140, 156, 166, 168, 176, 189, 190, 191, 204, 207, 210, 227, 228, 230, 245, 253, 263, 271, 280, 311, 312, 327, 337, 341, 348, 357, 369, 373, 387, 389, 426, 468, 473, 477, 478]","[4.827838812710351, 15.33947692895842, 5.591237357410443, 2.459867403653099, 6.54705908179896, 4.567624008355658, 7.022760972730953, 4.769233802336779, 2.94418162101573, 6.653286338280054, 4.331994893798173, 3.499194458494555, 3.716032456110102, 2.813443938007131, 8.372520787751442, 7.235367287257077, 4.325910710353609, 4.598585431189511, 8.336923393249338, 4.466343682840129, 6.368822823491291, 4.286850647198564, 7.87204490370601, 11.24808426743036, 4.54840830052572, 17.29129927758455, 4.735180523503381, 5.88302571929393, 3.027957660762411, 4.870107656985635, 10.05296389438003, 4.96084249852779, 5.027977987858181, 2.772475429789361, 4.51779988374981, 5.180810053087858, 6.14217848953842, 4.366207165718851, 0.9255705479514847, 5.77408003604016, 6.664144073429021, 3.948591402703608, 8.493103766722108, 6.300697719630503, 6.62752001797441, 7.73651729255798, 0.6907091857121891]","[0.3250778709333811, 0.3804714135613663, 0.3110218673911078, 0.3171041394805214, 0.324818381828677, 0.3860402104846948, 0.8534172452597403, 0.3683498598263802, 0.3542637205722974, 0.3817009686441051, 0.3465652248503545, 0.3748219401779477, 0.2933423604281719, 0.3682153667414569, 0.3827519404612954, 0.3835352166080206, 0.3598776221275464, 0.3669479951927143, 0.424577036591877, 0.3558292572988055, 0.5080285864220099, 0.3695115224887978, 0.3870211970568603, 0.4077606063781379, 0.3611367830740993, 0.4695876363782491, 0.4298397028207677, 0.3863814883563935, 0.3479140700181132, 0.3938289149270188, 0.4258985070103902, 0.3648029337211296, 0.3989705982656121, 0.4120051054698955, 0.3660603918015264, 0.3615901495718773, 0.3952895906849096, 0.3845083990560773, 5.179491150807232, 0.3682611554314912, 0.3917852200335362, 0.4298232712963232, 0.4049690848152185, 0.38911415012834, 0.3909244946043308, 0.3958537892316184, 6.107568171810311]","[-4.502760941776971, -14.95900551539705, -5.280215490019335, -2.142763264172578, -6.222240699970284, -4.181583797870963, -6.169343727471213, -4.400883942510399, -2.589917900443433, -6.271585369635949, -3.985429668947819, -3.124372518316608, -3.42269009568193, -2.445228571265674, -7.989768847290147, -6.851832070649056, -3.966033088226063, -4.231637435996796, -7.91234635665746, -4.110514425541323, -5.860794237069281, -3.917339124709767, -7.48502370664915, -10.84032366105223, -4.187271517451621, -16.8217116412063, -4.305340820682613, -5.496644230937537, -2.680043590744298, -4.476278742058616, -9.627065387369644, -4.59603956480666, -4.629007389592569, -2.360470324319465, -4.151739491948284, -4.819219903515981, -5.74688889885351, -3.981698766662774, 4.253920602855747, -5.405818880608669, -6.272358853395485, -3.518768131407285, -8.088134681906888, -5.911583569502163, -6.236595523370079, -7.340663503326361, 5.416858986098123]","[0.9878749946291778, 0.9997578696804336, 0.9772071954911388, 0.9003616634052157, 0.980182295865513, 0.9633479438866271, 0.9321097165816139, 0.9695103168298859, 0.9092796641397443, 0.9775869863749447, 0.9657496933060266, 0.950654265731284, 0.9700434315573195, 0.9011767579414239, 0.9820936970843349, 0.9938126898718609, 0.9646325798510359, 0.9676943792082922, 0.9773080316294318, 0.9679212805707065, 0.9629932128941049, 0.9632803780841583, 0.9941377436005367, 0.9966518062748271, 0.9673223867372739, 0.9980790613464857, 0.9777505532395218, 0.9734076062182643, 0.901186491180328, 0.9664564185961372, 0.9833702563918686, 0.9716681094097689, 0.9668794338707445, 0.922154711576705, 0.9659936753491217, 0.9747479222777593, 0.9905597509907772, 0.9622491104249721, 0.04888856601420098, 0.9760122896699114, 0.9773979195187201, 0.9466414973376985, 0.9845336177208517, 0.9827230059092195, 0.9777861714740014, 0.9798730635350906, 0.02221320606447481]","[0.007371329807933456, 4.670713825261187e-05, 0.01601991049391417, 0.07680785314739699, 0.01379824227505093, 0.02493774573226633, 0.04042852564402735, 0.02080434573137853, 0.06952045224900802, 0.01507819612936441, 0.02391433697562544, 0.03429000077487641, 0.02116887496050541, 0.07585859810997228, 0.01203514930405689, 0.003234513699068655, 0.02445690427913315, 0.02213265632148644, 0.0148067426776257, 0.02213184038211912, 0.02643146319649414, 0.02525664610682287, 0.003054653311929021, 0.001636285243847484, 0.02249941629357652, 0.0007369440366737696, 0.01158749606172284, 0.01795143058169253, 0.07630720338456758, 0.02257225794533017, 0.01073682911235808, 0.01934226809095004, 0.02221583811028244, 0.05490896045738886, 0.0233891262953024, 0.01716577940307576, 0.004879498226222945, 0.02571579726731507, 0.9027044293750803, 0.0163062411478048, 0.0150779055642679, 0.03608523382694267, 0.01003849895628018, 0.0111401131176746, 0.01481594945870028, 0.01337060751176584, 0.9486632845355952]","[0.01556488391600496, 9.790173807389635e-05, 0.03412405494489722, 0.174381489473308, 0.02932546126697648, 0.05360579062892887, 0.08830746801448629, 0.04453192233770936, 0.1566003091321101, 0.03208739749337877, 0.05135198889800652, 0.07442307749295869, 0.04532907585584867, 0.1720494320514834, 0.02553270612316033, 0.006801471162308195, 0.0525462686881069, 0.04743953849049879, 0.03150104463886835, 0.04743775000881329, 0.05690383460168147, 0.05430905604322599, 0.00642210548199632, 0.003435239996388588, 0.0482437528451973, 0.00154575811670619, 0.02457187100528674, 0.03831359945844669, 0.1731509339488618, 0.04840354849663284, 0.02274841056519558, 0.0413406022984955, 0.04762188278221636, 0.1217745221555855, 0.05019717788277623, 0.03660750376158997, 0.01027747309851492, 0.05532242267747688, 19.44640659617643, 0.03474407891036158, 0.0320867696856315, 0.07846531969560996, 0.02125383627210444, 0.02361248519625256, 0.03152092644667156, 0.02840429072956255, 38.73208459789364]"
1,39-532,FUBAR,FMO1,FMO1_HOMO_SAPIENS_ENST00000402921_ENSP00000385543_ALTERNATIVE,1e-06,"[20, 31, 32, 48, 59, 88, 97, 109, 117, 119, 130, 135, 140, 156, 166, 168, 176, 189, 190, 191, 204, 207, 210, 227, 228, 230, 245, 253, 263, 271, 280, 311, 312, 327, 337, 341, 348, 357, 369, 373, 387, 389, 426, 468, 473, 477, 478]","[4.827838812710351, 15.33947692895842, 5.591237357410443, 2.459867403653099, 6.54705908179896, 4.567624008355658, 7.022760972730953, 4.769233802336779, 2.94418162101573, 6.653286338280054, 4.331994893798173, 3.499194458494555, 3.716032456110102, 2.813443938007131, 8.372520787751442, 7.235367287257077, 4.325910710353609, 4.598585431189511, 8.336923393249338, 4.466343682840129, 6.368822823491291, 4.286850647198564, 7.87204490370601, 11.24808426743036, 4.54840830052572, 17.29129927758455, 4.735180523503381, 5.88302571929393, 3.027957660762411, 4.870107656985635, 10.05296389438003, 4.96084249852779, 5.027977987858181, 2.772475429789361, 4.51779988374981, 5.180810053087858, 6.14217848953842, 4.366207165718851, 0.9255705479514847, 5.77408003604016, 6.664144073429021, 3.948591402703608, 8.493103766722108, 6.300697719630503, 6.62752001797441, 7.73651729255798, 0.6907091857121891]","[0.3250778709333811, 0.3804714135613663, 0.3110218673911078, 0.3171041394805214, 0.324818381828677, 0.3860402104846948, 0.8534172452597403, 0.3683498598263802, 0.3542637205722974, 0.3817009686441051, 0.3465652248503545, 0.3748219401779477, 0.2933423604281719, 0.3682153667414569, 0.3827519404612954, 0.3835352166080206, 0.3598776221275464, 0.3669479951927143, 0.424577036591877, 0.3558292572988055, 0.5080285864220099, 0.3695115224887978, 0.3870211970568603, 0.4077606063781379, 0.3611367830740993, 0.4695876363782491, 0.4298397028207677, 0.3863814883563935, 0.3479140700181132, 0.3938289149270188, 0.4258985070103902, 0.3648029337211296, 0.3989705982656121, 0.4120051054698955, 0.3660603918015264, 0.3615901495718773, 0.3952895906849096, 0.3845083990560773, 5.179491150807232, 0.3682611554314912, 0.3917852200335362, 0.4298232712963232, 0.4049690848152185, 0.38911415012834, 0.3909244946043308, 0.3958537892316184, 6.107568171810311]","[-4.502760941776971, -14.95900551539705, -5.280215490019335, -2.142763264172578, -6.222240699970284, -4.181583797870963, -6.169343727471213, -4.400883942510399, -2.589917900443433, -6.271585369635949, -3.985429668947819, -3.124372518316608, -3.42269009568193, -2.445228571265674, -7.989768847290147, -6.851832070649056, -3.966033088226063, -4.231637435996796, -7.91234635665746, -4.110514425541323, -5.860794237069281, -3.917339124709767, -7.48502370664915, -10.84032366105223, -4.187271517451621, -16.8217116412063, -4.305340820682613, -5.496644230937537, -2.680043590744298, -4.476278742058616, -9.627065387369644, -4.59603956480666, -4.629007389592569, -2.360470324319465, -4.151739491948284, -4.819219903515981, -5.74688889885351, -3.981698766662774, 4.253920602855747, -5.405818880608669, -6.272358853395485, -3.518768131407285, -8.088134681906888, -5.911583569502163, -6.236595523370079, -7.340663503326361, 5.416858986098123]","[0.9878749946291778, 0.9997578696804336, 0.9772071954911388, 0.9003616634052157, 0.980182295865513, 0.9633479438866271, 0.9321097165816139, 0.9695103168298859, 0.9092796641397443, 0.9775869863749447, 0.9657496933060266, 0.950654265731284, 0.9700434315573195, 0.9011767579414239, 0.9820936970843349, 0.9938126898718609, 0.9646325798510359, 0.9676943792082922, 0.9773080316294318, 0.9679212805707065, 0.9629932128941049, 0.9632803780841583, 0.9941377436005367, 0.9966518062748271, 0.9673223867372739, 0.9980790613464857, 0.9777505532395218, 0.9734076062182643, 0.901186491180328, 0.9664564185961372, 0.9833702563918686, 0.9716681094097689, 0.9668794338707445, 0.922154711576705, 0.9659936753491217, 0.9747479222777593, 0.9905597509907772, 0.9622491104249721, 0.04888856601420098, 0.9760122896699114, 0.9773979195187201, 0.9466414973376985, 0.9845336177208517, 0.9827230059092195, 0.9777861714740014, 0.9798730635350906, 0.02221320606447481]","[0.007371329807933456, 4.670713825261187e-05, 0.01601991049391417, 0.07680785314739699, 0.01379824227505093, 0.02493774573226633, 0.04042852564402735, 0.02080434573137853, 0.06952045224900802, 0.01507819612936441, 0.02391433697562544, 0.03429000077487641, 0.02116887496050541, 0.07585859810997228, 0.01203514930405689, 0.003234513699068655, 0.02445690427913315, 0.02213265632148644, 0.0148067426776257, 0.02213184038211912, 0.02643146319649414, 0.02525664610682287, 0.003054653311929021, 0.001636285243847484, 0.02249941629357652, 0.0007369440366737696, 0.01158749606172284, 0.01795143058169253, 0.07630720338456758, 0.02257225794533017, 0.01073682911235808, 0.01934226809095004, 0.02221583811028244, 0.05490896045738886, 0.0233891262953024, 0.01716577940307576, 0.004879498226222945, 0.02571579726731507, 0.9027044293750803, 0.0163062411478048, 0.0150779055642679, 0.03608523382694267, 0.01003849895628018, 0.0111401131176746, 0.01481594945870028, 0.01337060751176584, 0.9486632845355952]","[0.01556488391600496, 9.790173807389635e-05, 0.03412405494489722, 0.174381489473308, 0.02932546126697648, 0.05360579062892887, 0.08830746801448629, 0.04453192233770936, 0.1566003091321101, 0.03208739749337877, 0.05135198889800652, 0.07442307749295869, 0.04532907585584867, 0.1720494320514834, 0.02553270612316033, 0.006801471162308195, 0.0525462686881069, 0.04743953849049879, 0.03150104463886835, 0.04743775000881329, 0.05690383460168147, 0.05430905604322599, 0.00642210548199632, 0.003435239996388588, 0.0482437528451973, 0.00154575811670619, 0.02457187100528674, 0.03831359945844669, 0.1731509339488618, 0.04840354849663284, 0.02274841056519558, 0.0413406022984955, 0.04762188278221636, 0.1217745221555855, 0.05019717788277623, 0.03660750376158997, 0.01027747309851492, 0.05532242267747688, 19.44640659617643, 0.03474407891036158, 0.0320867696856315, 0.07846531969560996, 0.02125383627210444, 0.02361248519625256, 0.03152092644667156, 0.02840429072956255, 38.73208459789364]"
1,39-532,FUBAR,FMO1,FMO1_HOMO_SAPIENS_ENST00000617670_ENSP00000481732_CANONICAL,1e-06,"[20, 31, 32, 48, 59, 88, 97, 109, 117, 119, 130, 135, 140, 156, 166, 168, 176, 189, 190, 191, 204, 207, 210, 227, 228, 230, 245, 253, 263, 271, 280, 311, 312, 327, 337, 341, 348, 357, 369, 373, 387, 389, 426, 468, 473, 477, 478]","[4.827838812710351, 15.33947692895842, 5.591237357410443, 2.459867403653099, 6.54705908179896, 4.567624008355658, 7.022760972730953, 4.769233802336779, 2.94418162101573, 6.653286338280054, 4.331994893798173, 3.499194458494555, 3.716032456110102, 2.813443938007131, 8.372520787751442, 7.235367287257077, 4.325910710353609, 4.598585431189511, 8.336923393249338, 4.466343682840129, 6.368822823491291, 4.286850647198564, 7.87204490370601, 11.24808426743036, 4.54840830052572, 17.29129927758455, 4.735180523503381, 5.88302571929393, 3.027957660762411, 4.870107656985635, 10.05296389438003, 4.96084249852779, 5.027977987858181, 2.772475429789361, 4.51779988374981, 5.180810053087858, 6.14217848953842, 4.366207165718851, 0.9255705479514847, 5.77408003604016, 6.664144073429021, 3.948591402703608, 8.493103766722108, 6.300697719630503, 6.62752001797441, 7.73651729255798, 0.6907091857121891]","[0.3250778709333811, 0.3804714135613663, 0.3110218673911078, 0.3171041394805214, 0.324818381828677, 0.3860402104846948, 0.8534172452597403, 0.3683498598263802, 0.3542637205722974, 0.3817009686441051, 0.3465652248503545, 0.3748219401779477, 0.2933423604281719, 0.3682153667414569, 0.3827519404612954, 0.3835352166080206, 0.3598776221275464, 0.3669479951927143, 0.424577036591877, 0.3558292572988055, 0.5080285864220099, 0.3695115224887978, 0.3870211970568603, 0.4077606063781379, 0.3611367830740993, 0.4695876363782491, 0.4298397028207677, 0.3863814883563935, 0.3479140700181132, 0.3938289149270188, 0.4258985070103902, 0.3648029337211296, 0.3989705982656121, 0.4120051054698955, 0.3660603918015264, 0.3615901495718773, 0.3952895906849096, 0.3845083990560773, 5.179491150807232, 0.3682611554314912, 0.3917852200335362, 0.4298232712963232, 0.4049690848152185, 0.38911415012834, 0.3909244946043308, 0.3958537892316184, 6.107568171810311]","[-4.502760941776971, -14.95900551539705, -5.280215490019335, -2.142763264172578, -6.222240699970284, -4.181583797870963, -6.169343727471213, -4.400883942510399, -2.589917900443433, -6.271585369635949, -3.985429668947819, -3.124372518316608, -3.42269009568193, -2.445228571265674, -7.989768847290147, -6.851832070649056, -3.966033088226063, -4.231637435996796, -7.91234635665746, -4.110514425541323, -5.860794237069281, -3.917339124709767, -7.48502370664915, -10.84032366105223, -4.187271517451621, -16.8217116412063, -4.305340820682613, -5.496644230937537, -2.680043590744298, -4.476278742058616, -9.627065387369644, -4.59603956480666, -4.629007389592569, -2.360470324319465, -4.151739491948284, -4.819219903515981, -5.74688889885351, -3.981698766662774, 4.253920602855747, -5.405818880608669, -6.272358853395485, -3.518768131407285, -8.088134681906888, -5.911583569502163, -6.236595523370079, -7.340663503326361, 5.416858986098123]","[0.9878749946291778, 0.9997578696804336, 0.9772071954911388, 0.9003616634052157, 0.980182295865513, 0.9633479438866271, 0.9321097165816139, 0.9695103168298859, 0.9092796641397443, 0.9775869863749447, 0.9657496933060266, 0.950654265731284, 0.9700434315573195, 0.9011767579414239, 0.9820936970843349, 0.9938126898718609, 0.9646325798510359, 0.9676943792082922, 0.9773080316294318, 0.9679212805707065, 0.9629932128941049, 0.9632803780841583, 0.9941377436005367, 0.9966518062748271, 0.9673223867372739, 0.9980790613464857, 0.9777505532395218, 0.9734076062182643, 0.901186491180328, 0.9664564185961372, 0.9833702563918686, 0.9716681094097689, 0.9668794338707445, 0.922154711576705, 0.9659936753491217, 0.9747479222777593, 0.9905597509907772, 0.9622491104249721, 0.04888856601420098, 0.9760122896699114, 0.9773979195187201, 0.9466414973376985, 0.9845336177208517, 0.9827230059092195, 0.9777861714740014, 0.9798730635350906, 0.02221320606447481]","[0.007371329807933456, 4.670713825261187e-05, 0.01601991049391417, 0.07680785314739699, 0.01379824227505093, 0.02493774573226633, 0.04042852564402735, 0.02080434573137853, 0.06952045224900802, 0.01507819612936441, 0.02391433697562544, 0.03429000077487641, 0.02116887496050541, 0.07585859810997228, 0.01203514930405689, 0.003234513699068655, 0.02445690427913315, 0.02213265632148644, 0.0148067426776257, 0.02213184038211912, 0.02643146319649414, 0.02525664610682287, 0.003054653311929021, 0.001636285243847484, 0.02249941629357652, 0.0007369440366737696, 0.01158749606172284, 0.01795143058169253, 0.07630720338456758, 0.02257225794533017, 0.01073682911235808, 0.01934226809095004, 0.02221583811028244, 0.05490896045738886, 0.0233891262953024, 0.01716577940307576, 0.004879498226222945, 0.02571579726731507, 0.9027044293750803, 0.0163062411478048, 0.0150779055642679, 0.03608523382694267, 0.01003849895628018, 0.0111401131176746, 0.01481594945870028, 0.01337060751176584, 0.9486632845355952]","[0.01556488391600496, 9.790173807389635e-05, 0.03412405494489722, 0.174381489473308, 0.02932546126697648, 0.05360579062892887, 0.08830746801448629, 0.04453192233770936, 0.1566003091321101, 0.03208739749337877, 0.05135198889800652, 0.07442307749295869, 0.04532907585584867, 0.1720494320514834, 0.02553270612316033, 0.006801471162308195, 0.0525462686881069, 0.04743953849049879, 0.03150104463886835, 0.04743775000881329, 0.05690383460168147, 0.05430905604322599, 0.00642210548199632, 0.003435239996388588, 0.0482437528451973, 0.00154575811670619, 0.02457187100528674, 0.03831359945844669, 0.1731509339488618, 0.04840354849663284, 0.02274841056519558, 0.0413406022984955, 0.04762188278221636, 0.1217745221555855, 0.05019717788277623, 0.03660750376158997, 0.01027747309851492, 0.05532242267747688, 19.44640659617643, 0.03474407891036158, 0.0320867696856315, 0.07846531969560996, 0.02125383627210444, 0.02361248519625256, 0.03152092644667156, 0.02840429072956255, 38.73208459789364]"
1,39-532,FUBAR,FMO1,FMO1_MACACA_FASCICULARIS_ENSMFAT00000002767_ENSMFAP00000028577_CANONICAL,1e-06,"[20, 31, 32, 48, 59, 88, 97, 109, 117, 119, 130, 135, 140, 156, 166, 168, 176, 189, 190, 191, 204, 207, 210, 227, 228, 230, 245, 253, 263, 271, 280, 311, 312, 327, 337, 341, 348, 357, 369, 373, 387, 389, 426, 468, 473, 477, 478]","[4.827838812710351, 15.33947692895842, 5.591237357410443, 2.459867403653099, 6.54705908179896, 4.567624008355658, 7.022760972730953, 4.769233802336779, 2.94418162101573, 6.653286338280054, 4.331994893798173, 3.499194458494555, 3.716032456110102, 2.813443938007131, 8.372520787751442, 7.235367287257077, 4.325910710353609, 4.598585431189511, 8.336923393249338, 4.466343682840129, 6.368822823491291, 4.286850647198564, 7.87204490370601, 11.24808426743036, 4.54840830052572, 17.29129927758455, 4.735180523503381, 5.88302571929393, 3.027957660762411, 4.870107656985635, 10.05296389438003, 4.96084249852779, 5.027977987858181, 2.772475429789361, 4.51779988374981, 5.180810053087858, 6.14217848953842, 4.366207165718851, 0.9255705479514847, 5.77408003604016, 6.664144073429021, 3.948591402703608, 8.493103766722108, 6.300697719630503, 6.62752001797441, 7.73651729255798, 0.6907091857121891]","[0.3250778709333811, 0.3804714135613663, 0.3110218673911078, 0.3171041394805214, 0.324818381828677, 0.3860402104846948, 0.8534172452597403, 0.3683498598263802, 0.3542637205722974, 0.3817009686441051, 0.3465652248503545, 0.3748219401779477, 0.2933423604281719, 0.3682153667414569, 0.3827519404612954, 0.3835352166080206, 0.3598776221275464, 0.3669479951927143, 0.424577036591877, 0.3558292572988055, 0.5080285864220099, 0.3695115224887978, 0.3870211970568603, 0.4077606063781379, 0.3611367830740993, 0.4695876363782491, 0.4298397028207677, 0.3863814883563935, 0.3479140700181132, 0.3938289149270188, 0.4258985070103902, 0.3648029337211296, 0.3989705982656121, 0.4120051054698955, 0.3660603918015264, 0.3615901495718773, 0.3952895906849096, 0.3845083990560773, 5.179491150807232, 0.3682611554314912, 0.3917852200335362, 0.4298232712963232, 0.4049690848152185, 0.38911415012834, 0.3909244946043308, 0.3958537892316184, 6.107568171810311]","[-4.502760941776971, -14.95900551539705, -5.280215490019335, -2.142763264172578, -6.222240699970284, -4.181583797870963, -6.169343727471213, -4.400883942510399, -2.589917900443433, -6.271585369635949, -3.985429668947819, -3.124372518316608, -3.42269009568193, -2.445228571265674, -7.989768847290147, -6.851832070649056, -3.966033088226063, -4.231637435996796, -7.91234635665746, -4.110514425541323, -5.860794237069281, -3.917339124709767, -7.48502370664915, -10.84032366105223, -4.187271517451621, -16.8217116412063, -4.305340820682613, -5.496644230937537, -2.680043590744298, -4.476278742058616, -9.627065387369644, -4.59603956480666, -4.629007389592569, -2.360470324319465, -4.151739491948284, -4.819219903515981, -5.74688889885351, -3.981698766662774, 4.253920602855747, -5.405818880608669, -6.272358853395485, -3.518768131407285, -8.088134681906888, -5.911583569502163, -6.236595523370079, -7.340663503326361, 5.416858986098123]","[0.9878749946291778, 0.9997578696804336, 0.9772071954911388, 0.9003616634052157, 0.980182295865513, 0.9633479438866271, 0.9321097165816139, 0.9695103168298859, 0.9092796641397443, 0.9775869863749447, 0.9657496933060266, 0.950654265731284, 0.9700434315573195, 0.9011767579414239, 0.9820936970843349, 0.9938126898718609, 0.9646325798510359, 0.9676943792082922, 0.9773080316294318, 0.9679212805707065, 0.9629932128941049, 0.9632803780841583, 0.9941377436005367, 0.9966518062748271, 0.9673223867372739, 0.9980790613464857, 0.9777505532395218, 0.9734076062182643, 0.901186491180328, 0.9664564185961372, 0.9833702563918686, 0.9716681094097689, 0.9668794338707445, 0.922154711576705, 0.9659936753491217, 0.9747479222777593, 0.9905597509907772, 0.9622491104249721, 0.04888856601420098, 0.9760122896699114, 0.9773979195187201, 0.9466414973376985, 0.9845336177208517, 0.9827230059092195, 0.9777861714740014, 0.9798730635350906, 0.02221320606447481]","[0.007371329807933456, 4.670713825261187e-05, 0.01601991049391417, 0.07680785314739699, 0.01379824227505093, 0.02493774573226633, 0.04042852564402735, 0.02080434573137853, 0.06952045224900802, 0.01507819612936441, 0.02391433697562544, 0.03429000077487641, 0.02116887496050541, 0.07585859810997228, 0.01203514930405689, 0.003234513699068655, 0.02445690427913315, 0.02213265632148644, 0.0148067426776257, 0.02213184038211912, 0.02643146319649414, 0.02525664610682287, 0.003054653311929021, 0.001636285243847484, 0.02249941629357652, 0.0007369440366737696, 0.01158749606172284, 0.01795143058169253, 0.07630720338456758, 0.02257225794533017, 0.01073682911235808, 0.01934226809095004, 0.02221583811028244, 0.05490896045738886, 0.0233891262953024, 0.01716577940307576, 0.004879498226222945, 0.02571579726731507, 0.9027044293750803, 0.0163062411478048, 0.0150779055642679, 0.03608523382694267, 0.01003849895628018, 0.0111401131176746, 0.01481594945870028, 0.01337060751176584, 0.9486632845355952]","[0.01556488391600496, 9.790173807389635e-05, 0.03412405494489722, 0.174381489473308, 0.02932546126697648, 0.05360579062892887, 0.08830746801448629, 0.04453192233770936, 0.1566003091321101, 0.03208739749337877, 0.05135198889800652, 0.07442307749295869, 0.04532907585584867, 0.1720494320514834, 0.02553270612316033, 0.006801471162308195, 0.0525462686881069, 0.04743953849049879, 0.03150104463886835, 0.04743775000881329, 0.05690383460168147, 0.05430905604322599, 0.00642210548199632, 0.003435239996388588, 0.0482437528451973, 0.00154575811670619, 0.02457187100528674, 0.03831359945844669, 0.1731509339488618, 0.04840354849663284, 0.02274841056519558, 0.0413406022984955, 0.04762188278221636, 0.1217745221555855, 0.05019717788277623, 0.03660750376158997, 0.01027747309851492, 0.05532242267747688, 19.44640659617643, 0.03474407891036158, 0.0320867696856315, 0.07846531969560996, 0.02125383627210444, 0.02361248519625256, 0.03152092644667156, 0.02840429072956255, 38.73208459789364]"
1,39-532,FUBAR,FMO1,FMO1_MACACA_FASCICULARIS_ENSMFAT00000002777_ENSMFAP00000028587_ALTERNATIVE,1.161271785186844e-06,"[20, 31, 32, 48, 59, 88, 97, 109, 117, 119, 130, 135, 140, 156, 166, 168, 176, 189, 190, 191, 204, 207, 210, 227, 228, 230, 245, 253, 263, 271, 280, 311, 312, 327, 337, 341, 348, 357, 369, 373, 387, 389, 426, 468, 473, 477, 478]","[4.827838812710351, 15.33947692895842, 5.591237357410443, 2.459867403653099, 6.54705908179896, 4.567624008355658, 7.022760972730953, 4.769233802336779, 2.94418162101573, 6.653286338280054, 4.331994893798173, 3.499194458494555, 3.716032456110102, 2.813443938007131, 8.372520787751442, 7.235367287257077, 4.325910710353609, 4.598585431189511, 8.336923393249338, 4.466343682840129, 6.368822823491291, 4.286850647198564, 7.87204490370601, 11.24808426743036, 4.54840830052572, 17.29129927758455, 4.735180523503381, 5.88302571929393, 3.027957660762411, 4.870107656985635, 10.05296389438003, 4.96084249852779, 5.027977987858181, 2.772475429789361, 4.51779988374981, 5.180810053087858, 6.14217848953842, 4.366207165718851, 0.9255705479514847, 5.77408003604016, 6.664144073429021, 3.948591402703608, 8.493103766722108, 6.300697719630503, 6.62752001797441, 7.73651729255798, 0.6907091857121891]","[0.3250778709333811, 0.3804714135613663, 0.3110218673911078, 0.3171041394805214, 0.324818381828677, 0.3860402104846948, 0.8534172452597403, 0.3683498598263802, 0.3542637205722974, 0.3817009686441051, 0.3465652248503545, 0.3748219401779477, 0.2933423604281719, 0.3682153667414569, 0.3827519404612954, 0.3835352166080206, 0.3598776221275464, 0.3669479951927143, 0.424577036591877, 0.3558292572988055, 0.5080285864220099, 0.3695115224887978, 0.3870211970568603, 0.4077606063781379, 0.3611367830740993, 0.4695876363782491, 0.4298397028207677, 0.3863814883563935, 0.3479140700181132, 0.3938289149270188, 0.4258985070103902, 0.3648029337211296, 0.3989705982656121, 0.4120051054698955, 0.3660603918015264, 0.3615901495718773, 0.3952895906849096, 0.3845083990560773, 5.179491150807232, 0.3682611554314912, 0.3917852200335362, 0.4298232712963232, 0.4049690848152185, 0.38911415012834, 0.3909244946043308, 0.3958537892316184, 6.107568171810311]","[-4.502760941776971, -14.95900551539705, -5.280215490019335, -2.142763264172578, -6.222240699970284, -4.181583797870963, -6.169343727471213, -4.400883942510399, -2.589917900443433, -6.271585369635949, -3.985429668947819, -3.124372518316608, -3.42269009568193, -2.445228571265674, -7.989768847290147, -6.851832070649056, -3.966033088226063, -4.231637435996796, -7.91234635665746, -4.110514425541323, -5.860794237069281, -3.917339124709767, -7.48502370664915, -10.84032366105223, -4.187271517451621, -16.8217116412063, -4.305340820682613, -5.496644230937537, -2.680043590744298, -4.476278742058616, -9.627065387369644, -4.59603956480666, -4.629007389592569, -2.360470324319465, -4.151739491948284, -4.819219903515981, -5.74688889885351, -3.981698766662774, 4.253920602855747, -5.405818880608669, -6.272358853395485, -3.518768131407285, -8.088134681906888, -5.911583569502163, -6.236595523370079, -7.340663503326361, 5.416858986098123]","[0.9878749946291778, 0.9997578696804336, 0.9772071954911388, 0.9003616634052157, 0.980182295865513, 0.9633479438866271, 0.9321097165816139, 0.9695103168298859, 0.9092796641397443, 0.9775869863749447, 0.9657496933060266, 0.950654265731284, 0.9700434315573195, 0.9011767579414239, 0.9820936970843349, 0.9938126898718609, 0.9646325798510359, 0.9676943792082922, 0.9773080316294318, 0.9679212805707065, 0.9629932128941049, 0.9632803780841583, 0.9941377436005367, 0.9966518062748271, 0.9673223867372739, 0.9980790613464857, 0.9777505532395218, 0.9734076062182643, 0.901186491180328, 0.9664564185961372, 0.9833702563918686, 0.9716681094097689, 0.9668794338707445, 0.922154711576705, 0.9659936753491217, 0.9747479222777593, 0.9905597509907772, 0.9622491104249721, 0.04888856601420098, 0.9760122896699114, 0.9773979195187201, 0.9466414973376985, 0.9845336177208517, 0.9827230059092195, 0.9777861714740014, 0.9798730635350906, 0.02221320606447481]","[0.007371329807933456, 4.670713825261187e-05, 0.01601991049391417, 0.07680785314739699, 0.01379824227505093, 0.02493774573226633, 0.04042852564402735, 0.02080434573137853, 0.06952045224900802, 0.01507819612936441, 0.02391433697562544, 0.03429000077487641, 0.02116887496050541, 0.07585859810997228, 0.01203514930405689, 0.003234513699068655, 0.02445690427913315, 0.02213265632148644, 0.0148067426776257, 0.02213184038211912, 0.02643146319649414, 0.02525664610682287, 0.003054653311929021, 0.001636285243847484, 0.02249941629357652, 0.0007369440366737696, 0.01158749606172284, 0.01795143058169253, 0.07630720338456758, 0.02257225794533017, 0.01073682911235808, 0.01934226809095004, 0.02221583811028244, 0.05490896045738886, 0.0233891262953024, 0.01716577940307576, 0.004879498226222945, 0.02571579726731507, 0.9027044293750803, 0.0163062411478048, 0.0150779055642679, 0.03608523382694267, 0.01003849895628018, 0.0111401131176746, 0.01481594945870028, 0.01337060751176584, 0.9486632845355952]","[0.01556488391600496, 9.790173807389635e-05, 0.03412405494489722, 0.174381489473308, 0.02932546126697648, 0.05360579062892887, 0.08830746801448629, 0.04453192233770936, 0.1566003091321101, 0.03208739749337877, 0.05135198889800652, 0.07442307749295869, 0.04532907585584867, 0.1720494320514834, 0.02553270612316033, 0.006801471162308195, 0.0525462686881069, 0.04743953849049879, 0.03150104463886835, 0.04743775000881329, 0.05690383460168147, 0.05430905604322599, 0.00642210548199632, 0.003435239996388588, 0.0482437528451973, 0.00154575811670619, 0.02457187100528674, 0.03831359945844669, 0.1731509339488618, 0.04840354849663284, 0.02274841056519558, 0.0413406022984955, 0.04762188278221636, 0.1217745221555855, 0.05019717788277623, 0.03660750376158997, 0.01027747309851492, 0.05532242267747688, 19.44640659617643, 0.03474407891036158, 0.0320867696856315, 0.07846531969560996, 0.02125383627210444, 0.02361248519625256, 0.03152092644667156, 0.02840429072956255, 38.73208459789364]"
1,39-532,FUBAR,FMO1,FMO1_MACACA_FASCICULARIS_ENSMFAT00000002792_ENSMFAP00000028602_ALTERNATIVE,1e-06,"[20, 31, 32, 48, 59, 88, 97, 109, 117, 119, 130, 135, 140, 156, 166, 168, 176, 189, 190, 191, 204, 207, 210, 227, 228, 230, 245, 253, 263, 271, 280, 311, 312, 327, 337, 341, 348, 357, 369, 373, 387, 389, 426, 468, 473, 477, 478]","[4.827838812710351, 15.33947692895842, 5.591237357410443, 2.459867403653099, 6.54705908179896, 4.567624008355658, 7.022760972730953, 4.769233802336779, 2.94418162101573, 6.653286338280054, 4.331994893798173, 3.499194458494555, 3.716032456110102, 2.813443938007131, 8.372520787751442, 7.235367287257077, 4.325910710353609, 4.598585431189511, 8.336923393249338, 4.466343682840129, 6.368822823491291, 4.286850647198564, 7.87204490370601, 11.24808426743036, 4.54840830052572, 17.29129927758455, 4.735180523503381, 5.88302571929393, 3.027957660762411, 4.870107656985635, 10.05296389438003, 4.96084249852779, 5.027977987858181, 2.772475429789361, 4.51779988374981, 5.180810053087858, 6.14217848953842, 4.366207165718851, 0.9255705479514847, 5.77408003604016, 6.664144073429021, 3.948591402703608, 8.493103766722108, 6.300697719630503, 6.62752001797441, 7.73651729255798, 0.6907091857121891]","[0.3250778709333811, 0.3804714135613663, 0.3110218673911078, 0.3171041394805214, 0.324818381828677, 0.3860402104846948, 0.8534172452597403, 0.3683498598263802, 0.3542637205722974, 0.3817009686441051, 0.3465652248503545, 0.3748219401779477, 0.2933423604281719, 0.3682153667414569, 0.3827519404612954, 0.3835352166080206, 0.3598776221275464, 0.3669479951927143, 0.424577036591877, 0.3558292572988055, 0.5080285864220099, 0.3695115224887978, 0.3870211970568603, 0.4077606063781379, 0.3611367830740993, 0.4695876363782491, 0.4298397028207677, 0.3863814883563935, 0.3479140700181132, 0.3938289149270188, 0.4258985070103902, 0.3648029337211296, 0.3989705982656121, 0.4120051054698955, 0.3660603918015264, 0.3615901495718773, 0.3952895906849096, 0.3845083990560773, 5.179491150807232, 0.3682611554314912, 0.3917852200335362, 0.4298232712963232, 0.4049690848152185, 0.38911415012834, 0.3909244946043308, 0.3958537892316184, 6.107568171810311]","[-4.502760941776971, -14.95900551539705, -5.280215490019335, -2.142763264172578, -6.222240699970284, -4.181583797870963, -6.169343727471213, -4.400883942510399, -2.589917900443433, -6.271585369635949, -3.985429668947819, -3.124372518316608, -3.42269009568193, -2.445228571265674, -7.989768847290147, -6.851832070649056, -3.966033088226063, -4.231637435996796, -7.91234635665746, -4.110514425541323, -5.860794237069281, -3.917339124709767, -7.48502370664915, -10.84032366105223, -4.187271517451621, -16.8217116412063, -4.305340820682613, -5.496644230937537, -2.680043590744298, -4.476278742058616, -9.627065387369644, -4.59603956480666, -4.629007389592569, -2.360470324319465, -4.151739491948284, -4.819219903515981, -5.74688889885351, -3.981698766662774, 4.253920602855747, -5.405818880608669, -6.272358853395485, -3.518768131407285, -8.088134681906888, -5.911583569502163, -6.236595523370079, -7.340663503326361, 5.416858986098123]","[0.9878749946291778, 0.9997578696804336, 0.9772071954911388, 0.9003616634052157, 0.980182295865513, 0.9633479438866271, 0.9321097165816139, 0.9695103168298859, 0.9092796641397443, 0.9775869863749447, 0.9657496933060266, 0.950654265731284, 0.9700434315573195, 0.9011767579414239, 0.9820936970843349, 0.9938126898718609, 0.9646325798510359, 0.9676943792082922, 0.9773080316294318, 0.9679212805707065, 0.9629932128941049, 0.9632803780841583, 0.9941377436005367, 0.9966518062748271, 0.9673223867372739, 0.9980790613464857, 0.9777505532395218, 0.9734076062182643, 0.901186491180328, 0.9664564185961372, 0.9833702563918686, 0.9716681094097689, 0.9668794338707445, 0.922154711576705, 0.9659936753491217, 0.9747479222777593, 0.9905597509907772, 0.9622491104249721, 0.04888856601420098, 0.9760122896699114, 0.9773979195187201, 0.9466414973376985, 0.9845336177208517, 0.9827230059092195, 0.9777861714740014, 0.9798730635350906, 0.02221320606447481]","[0.007371329807933456, 4.670713825261187e-05, 0.01601991049391417, 0.07680785314739699, 0.01379824227505093, 0.02493774573226633, 0.04042852564402735, 0.02080434573137853, 0.06952045224900802, 0.01507819612936441, 0.02391433697562544, 0.03429000077487641, 0.02116887496050541, 0.07585859810997228, 0.01203514930405689, 0.003234513699068655, 0.02445690427913315, 0.02213265632148644, 0.0148067426776257, 0.02213184038211912, 0.02643146319649414, 0.02525664610682287, 0.003054653311929021, 0.001636285243847484, 0.02249941629357652, 0.0007369440366737696, 0.01158749606172284, 0.01795143058169253, 0.07630720338456758, 0.02257225794533017, 0.01073682911235808, 0.01934226809095004, 0.02221583811028244, 0.05490896045738886, 0.0233891262953024, 0.01716577940307576, 0.004879498226222945, 0.02571579726731507, 0.9027044293750803, 0.0163062411478048, 0.0150779055642679, 0.03608523382694267, 0.01003849895628018, 0.0111401131176746, 0.01481594945870028, 0.01337060751176584, 0.9486632845355952]","[0.01556488391600496, 9.790173807389635e-05, 0.03412405494489722, 0.174381489473308, 0.02932546126697648, 0.05360579062892887, 0.08830746801448629, 0.04453192233770936, 0.1566003091321101, 0.03208739749337877, 0.05135198889800652, 0.07442307749295869, 0.04532907585584867, 0.1720494320514834, 0.02553270612316033, 0.006801471162308195, 0.0525462686881069, 0.04743953849049879, 0.03150104463886835, 0.04743775000881329, 0.05690383460168147, 0.05430905604322599, 0.00642210548199632, 0.003435239996388588, 0.0482437528451973, 0.00154575811670619, 0.02457187100528674, 0.03831359945844669, 0.1731509339488618, 0.04840354849663284, 0.02274841056519558, 0.0413406022984955, 0.04762188278221636, 0.1217745221555855, 0.05019717788277623, 0.03660750376158997, 0.01027747309851492, 0.05532242267747688, 19.44640659617643, 0.03474407891036158, 0.0320867696856315, 0.07846531969560996, 0.02125383627210444, 0.02361248519625256, 0.03152092644667156, 0.02840429072956255, 38.73208459789364]"
1,39-532,FUBAR,FMO1,FMO1_MACACA_FASCICULARIS_ENSMFAT00000002796_ENSMFAP00000028606_ALTERNATIVE,1e-06,"[20, 31, 32, 48, 59, 88, 97, 109, 117, 119, 130, 135, 140, 156, 166, 168, 176, 189, 190, 191, 204, 207, 210, 227, 228, 230, 245, 253, 263, 271, 280, 311, 312, 327, 337, 341, 348, 357, 369, 373, 387, 389, 426, 468, 473, 477, 478]","[4.827838812710351, 15.33947692895842, 5.591237357410443, 2.459867403653099, 6.54705908179896, 4.567624008355658, 7.022760972730953, 4.769233802336779, 2.94418162101573, 6.653286338280054, 4.331994893798173, 3.499194458494555, 3.716032456110102, 2.813443938007131, 8.372520787751442, 7.235367287257077, 4.325910710353609, 4.598585431189511, 8.336923393249338, 4.466343682840129, 6.368822823491291, 4.286850647198564, 7.87204490370601, 11.24808426743036, 4.54840830052572, 17.29129927758455, 4.735180523503381, 5.88302571929393, 3.027957660762411, 4.870107656985635, 10.05296389438003, 4.96084249852779, 5.027977987858181, 2.772475429789361, 4.51779988374981, 5.180810053087858, 6.14217848953842, 4.366207165718851, 0.9255705479514847, 5.77408003604016, 6.664144073429021, 3.948591402703608, 8.493103766722108, 6.300697719630503, 6.62752001797441, 7.73651729255798, 0.6907091857121891]","[0.3250778709333811, 0.3804714135613663, 0.3110218673911078, 0.3171041394805214, 0.324818381828677, 0.3860402104846948, 0.8534172452597403, 0.3683498598263802, 0.3542637205722974, 0.3817009686441051, 0.3465652248503545, 0.3748219401779477, 0.2933423604281719, 0.3682153667414569, 0.3827519404612954, 0.3835352166080206, 0.3598776221275464, 0.3669479951927143, 0.424577036591877, 0.3558292572988055, 0.5080285864220099, 0.3695115224887978, 0.3870211970568603, 0.4077606063781379, 0.3611367830740993, 0.4695876363782491, 0.4298397028207677, 0.3863814883563935, 0.3479140700181132, 0.3938289149270188, 0.4258985070103902, 0.3648029337211296, 0.3989705982656121, 0.4120051054698955, 0.3660603918015264, 0.3615901495718773, 0.3952895906849096, 0.3845083990560773, 5.179491150807232, 0.3682611554314912, 0.3917852200335362, 0.4298232712963232, 0.4049690848152185, 0.38911415012834, 0.3909244946043308, 0.3958537892316184, 6.107568171810311]","[-4.502760941776971, -14.95900551539705, -5.280215490019335, -2.142763264172578, -6.222240699970284, -4.181583797870963, -6.169343727471213, -4.400883942510399, -2.589917900443433, -6.271585369635949, -3.985429668947819, -3.124372518316608, -3.42269009568193, -2.445228571265674, -7.989768847290147, -6.851832070649056, -3.966033088226063, -4.231637435996796, -7.91234635665746, -4.110514425541323, -5.860794237069281, -3.917339124709767, -7.48502370664915, -10.84032366105223, -4.187271517451621, -16.8217116412063, -4.305340820682613, -5.496644230937537, -2.680043590744298, -4.476278742058616, -9.627065387369644, -4.59603956480666, -4.629007389592569, -2.360470324319465, -4.151739491948284, -4.819219903515981, -5.74688889885351, -3.981698766662774, 4.253920602855747, -5.405818880608669, -6.272358853395485, -3.518768131407285, -8.088134681906888, -5.911583569502163, -6.236595523370079, -7.340663503326361, 5.416858986098123]","[0.9878749946291778, 0.9997578696804336, 0.9772071954911388, 0.9003616634052157, 0.980182295865513, 0.9633479438866271, 0.9321097165816139, 0.9695103168298859, 0.9092796641397443, 0.9775869863749447, 0.9657496933060266, 0.950654265731284, 0.9700434315573195, 0.9011767579414239, 0.9820936970843349, 0.9938126898718609, 0.9646325798510359, 0.9676943792082922, 0.9773080316294318, 0.9679212805707065, 0.9629932128941049, 0.9632803780841583, 0.9941377436005367, 0.9966518062748271, 0.9673223867372739, 0.9980790613464857, 0.9777505532395218, 0.9734076062182643, 0.901186491180328, 0.9664564185961372, 0.9833702563918686, 0.9716681094097689, 0.9668794338707445, 0.922154711576705, 0.9659936753491217, 0.9747479222777593, 0.9905597509907772, 0.9622491104249721, 0.04888856601420098, 0.9760122896699114, 0.9773979195187201, 0.9466414973376985, 0.9845336177208517, 0.9827230059092195, 0.9777861714740014, 0.9798730635350906, 0.02221320606447481]","[0.007371329807933456, 4.670713825261187e-05, 0.01601991049391417, 0.07680785314739699, 0.01379824227505093, 0.02493774573226633, 0.04042852564402735, 0.02080434573137853, 0.06952045224900802, 0.01507819612936441, 0.02391433697562544, 0.03429000077487641, 0.02116887496050541, 0.07585859810997228, 0.01203514930405689, 0.003234513699068655, 0.02445690427913315, 0.02213265632148644, 0.0148067426776257, 0.02213184038211912, 0.02643146319649414, 0.02525664610682287, 0.003054653311929021, 0.001636285243847484, 0.02249941629357652, 0.0007369440366737696, 0.01158749606172284, 0.01795143058169253, 0.07630720338456758, 0.02257225794533017, 0.01073682911235808, 0.01934226809095004, 0.02221583811028244, 0.05490896045738886, 0.0233891262953024, 0.01716577940307576, 0.004879498226222945, 0.02571579726731507, 0.9027044293750803, 0.0163062411478048, 0.0150779055642679, 0.03608523382694267, 0.01003849895628018, 0.0111401131176746, 0.01481594945870028, 0.01337060751176584, 0.9486632845355952]","[0.01556488391600496, 9.790173807389635e-05, 0.03412405494489722, 0.174381489473308, 0.02932546126697648, 0.05360579062892887, 0.08830746801448629, 0.04453192233770936, 0.1566003091321101, 0.03208739749337877, 0.05135198889800652, 0.07442307749295869, 0.04532907585584867, 0.1720494320514834, 0.02553270612316033, 0.006801471162308195, 0.0525462686881069, 0.04743953849049879, 0.03150104463886835, 0.04743775000881329, 0.05690383460168147, 0.05430905604322599, 0.00642210548199632, 0.003435239996388588, 0.0482437528451973, 0.00154575811670619, 0.02457187100528674, 0.03831359945844669, 0.1731509339488618, 0.04840354849663284, 0.02274841056519558, 0.0413406022984955, 0.04762188278221636, 0.1217745221555855, 0.05019717788277623, 0.03660750376158997, 0.01027747309851492, 0.05532242267747688, 19.44640659617643, 0.03474407891036158, 0.0320867696856315, 0.07846531969560996, 0.02125383627210444, 0.02361248519625256, 0.03152092644667156, 0.02840429072956255, 38.73208459789364]"
1,39-532,FUBAR,FMO1,FMO1_MACACA_MULATTA_ENSMMUT00000007150_ENSMMUP00000006719_ALTERNATIVE,1e-06,"[20, 31, 32, 48, 59, 88, 97, 109, 117, 119, 130, 135, 140, 156, 166, 168, 176, 189, 190, 191, 204, 207, 210, 227, 228, 230, 245, 253, 263, 271, 280, 311, 312, 327, 337, 341, 348, 357, 369, 373, 387, 389, 426, 468, 473, 477, 478]","[4.827838812710351, 15.33947692895842, 5.591237357410443, 2.459867403653099, 6.54705908179896, 4.567624008355658, 7.022760972730953, 4.769233802336779, 2.94418162101573, 6.653286338280054, 4.331994893798173, 3.499194458494555, 3.716032456110102, 2.813443938007131, 8.372520787751442, 7.235367287257077, 4.325910710353609, 4.598585431189511, 8.336923393249338, 4.466343682840129, 6.368822823491291, 4.286850647198564, 7.87204490370601, 11.24808426743036, 4.54840830052572, 17.29129927758455, 4.735180523503381, 5.88302571929393, 3.027957660762411, 4.870107656985635, 10.05296389438003, 4.96084249852779, 5.027977987858181, 2.772475429789361, 4.51779988374981, 5.180810053087858, 6.14217848953842, 4.366207165718851, 0.9255705479514847, 5.77408003604016, 6.664144073429021, 3.948591402703608, 8.493103766722108, 6.300697719630503, 6.62752001797441, 7.73651729255798, 0.6907091857121891]","[0.3250778709333811, 0.3804714135613663, 0.3110218673911078, 0.3171041394805214, 0.324818381828677, 0.3860402104846948, 0.8534172452597403, 0.3683498598263802, 0.3542637205722974, 0.3817009686441051, 0.3465652248503545, 0.3748219401779477, 0.2933423604281719, 0.3682153667414569, 0.3827519404612954, 0.3835352166080206, 0.3598776221275464, 0.3669479951927143, 0.424577036591877, 0.3558292572988055, 0.5080285864220099, 0.3695115224887978, 0.3870211970568603, 0.4077606063781379, 0.3611367830740993, 0.4695876363782491, 0.4298397028207677, 0.3863814883563935, 0.3479140700181132, 0.3938289149270188, 0.4258985070103902, 0.3648029337211296, 0.3989705982656121, 0.4120051054698955, 0.3660603918015264, 0.3615901495718773, 0.3952895906849096, 0.3845083990560773, 5.179491150807232, 0.3682611554314912, 0.3917852200335362, 0.4298232712963232, 0.4049690848152185, 0.38911415012834, 0.3909244946043308, 0.3958537892316184, 6.107568171810311]","[-4.502760941776971, -14.95900551539705, -5.280215490019335, -2.142763264172578, -6.222240699970284, -4.181583797870963, -6.169343727471213, -4.400883942510399, -2.589917900443433, -6.271585369635949, -3.985429668947819, -3.124372518316608, -3.42269009568193, -2.445228571265674, -7.989768847290147, -6.851832070649056, -3.966033088226063, -4.231637435996796, -7.91234635665746, -4.110514425541323, -5.860794237069281, -3.917339124709767, -7.48502370664915, -10.84032366105223, -4.187271517451621, -16.8217116412063, -4.305340820682613, -5.496644230937537, -2.680043590744298, -4.476278742058616, -9.627065387369644, -4.59603956480666, -4.629007389592569, -2.360470324319465, -4.151739491948284, -4.819219903515981, -5.74688889885351, -3.981698766662774, 4.253920602855747, -5.405818880608669, -6.272358853395485, -3.518768131407285, -8.088134681906888, -5.911583569502163, -6.236595523370079, -7.340663503326361, 5.416858986098123]","[0.9878749946291778, 0.9997578696804336, 0.9772071954911388, 0.9003616634052157, 0.980182295865513, 0.9633479438866271, 0.9321097165816139, 0.9695103168298859, 0.9092796641397443, 0.9775869863749447, 0.9657496933060266, 0.950654265731284, 0.9700434315573195, 0.9011767579414239, 0.9820936970843349, 0.9938126898718609, 0.9646325798510359, 0.9676943792082922, 0.9773080316294318, 0.9679212805707065, 0.9629932128941049, 0.9632803780841583, 0.9941377436005367, 0.9966518062748271, 0.9673223867372739, 0.9980790613464857, 0.9777505532395218, 0.9734076062182643, 0.901186491180328, 0.9664564185961372, 0.9833702563918686, 0.9716681094097689, 0.9668794338707445, 0.922154711576705, 0.9659936753491217, 0.9747479222777593, 0.9905597509907772, 0.9622491104249721, 0.04888856601420098, 0.9760122896699114, 0.9773979195187201, 0.9466414973376985, 0.9845336177208517, 0.9827230059092195, 0.9777861714740014, 0.9798730635350906, 0.02221320606447481]","[0.007371329807933456, 4.670713825261187e-05, 0.01601991049391417, 0.07680785314739699, 0.01379824227505093, 0.02493774573226633, 0.04042852564402735, 0.02080434573137853, 0.06952045224900802, 0.01507819612936441, 0.02391433697562544, 0.03429000077487641, 0.02116887496050541, 0.07585859810997228, 0.01203514930405689, 0.003234513699068655, 0.02445690427913315, 0.02213265632148644, 0.0148067426776257, 0.02213184038211912, 0.02643146319649414, 0.02525664610682287, 0.003054653311929021, 0.001636285243847484, 0.02249941629357652, 0.0007369440366737696, 0.01158749606172284, 0.01795143058169253, 0.07630720338456758, 0.02257225794533017, 0.01073682911235808, 0.01934226809095004, 0.02221583811028244, 0.05490896045738886, 0.0233891262953024, 0.01716577940307576, 0.004879498226222945, 0.02571579726731507, 0.9027044293750803, 0.0163062411478048, 0.0150779055642679, 0.03608523382694267, 0.01003849895628018, 0.0111401131176746, 0.01481594945870028, 0.01337060751176584, 0.9486632845355952]","[0.01556488391600496, 9.790173807389635e-05, 0.03412405494489722, 0.174381489473308, 0.02932546126697648, 0.05360579062892887, 0.08830746801448629, 0.04453192233770936, 0.1566003091321101, 0.03208739749337877, 0.05135198889800652, 0.07442307749295869, 0.04532907585584867, 0.1720494320514834, 0.02553270612316033, 0.006801471162308195, 0.0525462686881069, 0.04743953849049879, 0.03150104463886835, 0.04743775000881329, 0.05690383460168147, 0.05430905604322599, 0.00642210548199632, 0.003435239996388588, 0.0482437528451973, 0.00154575811670619, 0.02457187100528674, 0.03831359945844669, 0.1731509339488618, 0.04840354849663284, 0.02274841056519558, 0.0413406022984955, 0.04762188278221636, 0.1217745221555855, 0.05019717788277623, 0.03660750376158997, 0.01027747309851492, 0.05532242267747688, 19.44640659617643, 0.03474407891036158, 0.0320867696856315, 0.07846531969560996, 0.02125383627210444, 0.02361248519625256, 0.03152092644667156, 0.02840429072956255, 38.73208459789364]"
1,39-532,FUBAR,FMO1,FMO1_MACACA_MULATTA_ENSMMUT00000044634_ENSMMUP00000037658_CANONICAL,0.0006785086404225757,"[20, 31, 32, 48, 59, 88, 97, 109, 117, 119, 130, 135, 140, 156, 166, 168, 176, 189, 190, 191, 204, 207, 210, 227, 228, 230, 245, 253, 263, 271, 280, 311, 312, 327, 337, 341, 348, 357, 369, 373, 387, 389, 426, 468, 473, 477, 478]","[4.827838812710351, 15.33947692895842, 5.591237357410443, 2.459867403653099, 6.54705908179896, 4.567624008355658, 7.022760972730953, 4.769233802336779, 2.94418162101573, 6.653286338280054, 4.331994893798173, 3.499194458494555, 3.716032456110102, 2.813443938007131, 8.372520787751442, 7.235367287257077, 4.325910710353609, 4.598585431189511, 8.336923393249338, 4.466343682840129, 6.368822823491291, 4.286850647198564, 7.87204490370601, 11.24808426743036, 4.54840830052572, 17.29129927758455, 4.735180523503381, 5.88302571929393, 3.027957660762411, 4.870107656985635, 10.05296389438003, 4.96084249852779, 5.027977987858181, 2.772475429789361, 4.51779988374981, 5.180810053087858, 6.14217848953842, 4.366207165718851, 0.9255705479514847, 5.77408003604016, 6.664144073429021, 3.948591402703608, 8.493103766722108, 6.300697719630503, 6.62752001797441, 7.73651729255798, 0.6907091857121891]","[0.3250778709333811, 0.3804714135613663, 0.3110218673911078, 0.3171041394805214, 0.324818381828677, 0.3860402104846948, 0.8534172452597403, 0.3683498598263802, 0.3542637205722974, 0.3817009686441051, 0.3465652248503545, 0.3748219401779477, 0.2933423604281719, 0.3682153667414569, 0.3827519404612954, 0.3835352166080206, 0.3598776221275464, 0.3669479951927143, 0.424577036591877, 0.3558292572988055, 0.5080285864220099, 0.3695115224887978, 0.3870211970568603, 0.4077606063781379, 0.3611367830740993, 0.4695876363782491, 0.4298397028207677, 0.3863814883563935, 0.3479140700181132, 0.3938289149270188, 0.4258985070103902, 0.3648029337211296, 0.3989705982656121, 0.4120051054698955, 0.3660603918015264, 0.3615901495718773, 0.3952895906849096, 0.3845083990560773, 5.179491150807232, 0.3682611554314912, 0.3917852200335362, 0.4298232712963232, 0.4049690848152185, 0.38911415012834, 0.3909244946043308, 0.3958537892316184, 6.107568171810311]","[-4.502760941776971, -14.95900551539705, -5.280215490019335, -2.142763264172578, -6.222240699970284, -4.181583797870963, -6.169343727471213, -4.400883942510399, -2.589917900443433, -6.271585369635949, -3.985429668947819, -3.124372518316608, -3.42269009568193, -2.445228571265674, -7.989768847290147, -6.851832070649056, -3.966033088226063, -4.231637435996796, -7.91234635665746, -4.110514425541323, -5.860794237069281, -3.917339124709767, -7.48502370664915, -10.84032366105223, -4.187271517451621, -16.8217116412063, -4.305340820682613, -5.496644230937537, -2.680043590744298, -4.476278742058616, -9.627065387369644, -4.59603956480666, -4.629007389592569, -2.360470324319465, -4.151739491948284, -4.819219903515981, -5.74688889885351, -3.981698766662774, 4.253920602855747, -5.405818880608669, -6.272358853395485, -3.518768131407285, -8.088134681906888, -5.911583569502163, -6.236595523370079, -7.340663503326361, 5.416858986098123]","[0.9878749946291778, 0.9997578696804336, 0.9772071954911388, 0.9003616634052157, 0.980182295865513, 0.9633479438866271, 0.9321097165816139, 0.9695103168298859, 0.9092796641397443, 0.9775869863749447, 0.9657496933060266, 0.950654265731284, 0.9700434315573195, 0.9011767579414239, 0.9820936970843349, 0.9938126898718609, 0.9646325798510359, 0.9676943792082922, 0.9773080316294318, 0.9679212805707065, 0.9629932128941049, 0.9632803780841583, 0.9941377436005367, 0.9966518062748271, 0.9673223867372739, 0.9980790613464857, 0.9777505532395218, 0.9734076062182643, 0.901186491180328, 0.9664564185961372, 0.9833702563918686, 0.9716681094097689, 0.9668794338707445, 0.922154711576705, 0.9659936753491217, 0.9747479222777593, 0.9905597509907772, 0.9622491104249721, 0.04888856601420098, 0.9760122896699114, 0.9773979195187201, 0.9466414973376985, 0.9845336177208517, 0.9827230059092195, 0.9777861714740014, 0.9798730635350906, 0.02221320606447481]","[0.007371329807933456, 4.670713825261187e-05, 0.01601991049391417, 0.07680785314739699, 0.01379824227505093, 0.02493774573226633, 0.04042852564402735, 0.02080434573137853, 0.06952045224900802, 0.01507819612936441, 0.02391433697562544, 0.03429000077487641, 0.02116887496050541, 0.07585859810997228, 0.01203514930405689, 0.003234513699068655, 0.02445690427913315, 0.02213265632148644, 0.0148067426776257, 0.02213184038211912, 0.02643146319649414, 0.02525664610682287, 0.003054653311929021, 0.001636285243847484, 0.02249941629357652, 0.0007369440366737696, 0.01158749606172284, 0.01795143058169253, 0.07630720338456758, 0.02257225794533017, 0.01073682911235808, 0.01934226809095004, 0.02221583811028244, 0.05490896045738886, 0.0233891262953024, 0.01716577940307576, 0.004879498226222945, 0.02571579726731507, 0.9027044293750803, 0.0163062411478048, 0.0150779055642679, 0.03608523382694267, 0.01003849895628018, 0.0111401131176746, 0.01481594945870028, 0.01337060751176584, 0.9486632845355952]","[0.01556488391600496, 9.790173807389635e-05, 0.03412405494489722, 0.174381489473308, 0.02932546126697648, 0.05360579062892887, 0.08830746801448629, 0.04453192233770936, 0.1566003091321101, 0.03208739749337877, 0.05135198889800652, 0.07442307749295869, 0.04532907585584867, 0.1720494320514834, 0.02553270612316033, 0.006801471162308195, 0.0525462686881069, 0.04743953849049879, 0.03150104463886835, 0.04743775000881329, 0.05690383460168147, 0.05430905604322599, 0.00642210548199632, 0.003435239996388588, 0.0482437528451973, 0.00154575811670619, 0.02457187100528674, 0.03831359945844669, 0.1731509339488618, 0.04840354849663284, 0.02274841056519558, 0.0413406022984955, 0.04762188278221636, 0.1217745221555855, 0.05019717788277623, 0.03660750376158997, 0.01027747309851492, 0.05532242267747688, 19.44640659617643, 0.03474407891036158, 0.0320867696856315, 0.07846531969560996, 0.02125383627210444, 0.02361248519625256, 0.03152092644667156, 0.02840429072956255, 38.73208459789364]"
1,39-532,FUBAR,FMO1,FMO1_MACACA_NEMESTRINA_ENSMNET00000067650_ENSMNEP00000043145_CANONICAL,1e-06,"[20, 31, 32, 48, 59, 88, 97, 109, 117, 119, 130, 135, 140, 156, 166, 168, 176, 189, 190, 191, 204, 207, 210, 227, 228, 230, 245, 253, 263, 271, 280, 311, 312, 327, 337, 341, 348, 357, 369, 373, 387, 389, 426, 468, 473, 477, 478]","[4.827838812710351, 15.33947692895842, 5.591237357410443, 2.459867403653099, 6.54705908179896, 4.567624008355658, 7.022760972730953, 4.769233802336779, 2.94418162101573, 6.653286338280054, 4.331994893798173, 3.499194458494555, 3.716032456110102, 2.813443938007131, 8.372520787751442, 7.235367287257077, 4.325910710353609, 4.598585431189511, 8.336923393249338, 4.466343682840129, 6.368822823491291, 4.286850647198564, 7.87204490370601, 11.24808426743036, 4.54840830052572, 17.29129927758455, 4.735180523503381, 5.88302571929393, 3.027957660762411, 4.870107656985635, 10.05296389438003, 4.96084249852779, 5.027977987858181, 2.772475429789361, 4.51779988374981, 5.180810053087858, 6.14217848953842, 4.366207165718851, 0.9255705479514847, 5.77408003604016, 6.664144073429021, 3.948591402703608, 8.493103766722108, 6.300697719630503, 6.62752001797441, 7.73651729255798, 0.6907091857121891]","[0.3250778709333811, 0.3804714135613663, 0.3110218673911078, 0.3171041394805214, 0.324818381828677, 0.3860402104846948, 0.8534172452597403, 0.3683498598263802, 0.3542637205722974, 0.3817009686441051, 0.3465652248503545, 0.3748219401779477, 0.2933423604281719, 0.3682153667414569, 0.3827519404612954, 0.3835352166080206, 0.3598776221275464, 0.3669479951927143, 0.424577036591877, 0.3558292572988055, 0.5080285864220099, 0.3695115224887978, 0.3870211970568603, 0.4077606063781379, 0.3611367830740993, 0.4695876363782491, 0.4298397028207677, 0.3863814883563935, 0.3479140700181132, 0.3938289149270188, 0.4258985070103902, 0.3648029337211296, 0.3989705982656121, 0.4120051054698955, 0.3660603918015264, 0.3615901495718773, 0.3952895906849096, 0.3845083990560773, 5.179491150807232, 0.3682611554314912, 0.3917852200335362, 0.4298232712963232, 0.4049690848152185, 0.38911415012834, 0.3909244946043308, 0.3958537892316184, 6.107568171810311]","[-4.502760941776971, -14.95900551539705, -5.280215490019335, -2.142763264172578, -6.222240699970284, -4.181583797870963, -6.169343727471213, -4.400883942510399, -2.589917900443433, -6.271585369635949, -3.985429668947819, -3.124372518316608, -3.42269009568193, -2.445228571265674, -7.989768847290147, -6.851832070649056, -3.966033088226063, -4.231637435996796, -7.91234635665746, -4.110514425541323, -5.860794237069281, -3.917339124709767, -7.48502370664915, -10.84032366105223, -4.187271517451621, -16.8217116412063, -4.305340820682613, -5.496644230937537, -2.680043590744298, -4.476278742058616, -9.627065387369644, -4.59603956480666, -4.629007389592569, -2.360470324319465, -4.151739491948284, -4.819219903515981, -5.74688889885351, -3.981698766662774, 4.253920602855747, -5.405818880608669, -6.272358853395485, -3.518768131407285, -8.088134681906888, -5.911583569502163, -6.236595523370079, -7.340663503326361, 5.416858986098123]","[0.9878749946291778, 0.9997578696804336, 0.9772071954911388, 0.9003616634052157, 0.980182295865513, 0.9633479438866271, 0.9321097165816139, 0.9695103168298859, 0.9092796641397443, 0.9775869863749447, 0.9657496933060266, 0.950654265731284, 0.9700434315573195, 0.9011767579414239, 0.9820936970843349, 0.9938126898718609, 0.9646325798510359, 0.9676943792082922, 0.9773080316294318, 0.9679212805707065, 0.9629932128941049, 0.9632803780841583, 0.9941377436005367, 0.9966518062748271, 0.9673223867372739, 0.9980790613464857, 0.9777505532395218, 0.9734076062182643, 0.901186491180328, 0.9664564185961372, 0.9833702563918686, 0.9716681094097689, 0.9668794338707445, 0.922154711576705, 0.9659936753491217, 0.9747479222777593, 0.9905597509907772, 0.9622491104249721, 0.04888856601420098, 0.9760122896699114, 0.9773979195187201, 0.9466414973376985, 0.9845336177208517, 0.9827230059092195, 0.9777861714740014, 0.9798730635350906, 0.02221320606447481]","[0.007371329807933456, 4.670713825261187e-05, 0.01601991049391417, 0.07680785314739699, 0.01379824227505093, 0.02493774573226633, 0.04042852564402735, 0.02080434573137853, 0.06952045224900802, 0.01507819612936441, 0.02391433697562544, 0.03429000077487641, 0.02116887496050541, 0.07585859810997228, 0.01203514930405689, 0.003234513699068655, 0.02445690427913315, 0.02213265632148644, 0.0148067426776257, 0.02213184038211912, 0.02643146319649414, 0.02525664610682287, 0.003054653311929021, 0.001636285243847484, 0.02249941629357652, 0.0007369440366737696, 0.01158749606172284, 0.01795143058169253, 0.07630720338456758, 0.02257225794533017, 0.01073682911235808, 0.01934226809095004, 0.02221583811028244, 0.05490896045738886, 0.0233891262953024, 0.01716577940307576, 0.004879498226222945, 0.02571579726731507, 0.9027044293750803, 0.0163062411478048, 0.0150779055642679, 0.03608523382694267, 0.01003849895628018, 0.0111401131176746, 0.01481594945870028, 0.01337060751176584, 0.9486632845355952]","[0.01556488391600496, 9.790173807389635e-05, 0.03412405494489722, 0.174381489473308, 0.02932546126697648, 0.05360579062892887, 0.08830746801448629, 0.04453192233770936, 0.1566003091321101, 0.03208739749337877, 0.05135198889800652, 0.07442307749295869, 0.04532907585584867, 0.1720494320514834, 0.02553270612316033, 0.006801471162308195, 0.0525462686881069, 0.04743953849049879, 0.03150104463886835, 0.04743775000881329, 0.05690383460168147, 0.05430905604322599, 0.00642210548199632, 0.003435239996388588, 0.0482437528451973, 0.00154575811670619, 0.02457187100528674, 0.03831359945844669, 0.1731509339488618, 0.04840354849663284, 0.02274841056519558, 0.0413406022984955, 0.04762188278221636, 0.1217745221555855, 0.05019717788277623, 0.03660750376158997, 0.01027747309851492, 0.05532242267747688, 19.44640659617643, 0.03474407891036158, 0.0320867696856315, 0.07846531969560996, 0.02125383627210444, 0.02361248519625256, 0.03152092644667156, 0.02840429072956255, 38.73208459789364]"
1,39-532,FUBAR,FMO1,FMO1_MACACA_NEMESTRINA_ENSMNET00000067652_ENSMNEP00000043147_ALTERNATIVE,1e-06,"[20, 31, 32, 48, 59, 88, 97, 109, 117, 119, 130, 135, 140, 156, 166, 168, 176, 189, 190, 191, 204, 207, 210, 227, 228, 230, 245, 253, 263, 271, 280, 311, 312, 327, 337, 341, 348, 357, 369, 373, 387, 389, 426, 468, 473, 477, 478]","[4.827838812710351, 15.33947692895842, 5.591237357410443, 2.459867403653099, 6.54705908179896, 4.567624008355658, 7.022760972730953, 4.769233802336779, 2.94418162101573, 6.653286338280054, 4.331994893798173, 3.499194458494555, 3.716032456110102, 2.813443938007131, 8.372520787751442, 7.235367287257077, 4.325910710353609, 4.598585431189511, 8.336923393249338, 4.466343682840129, 6.368822823491291, 4.286850647198564, 7.87204490370601, 11.24808426743036, 4.54840830052572, 17.29129927758455, 4.735180523503381, 5.88302571929393, 3.027957660762411, 4.870107656985635, 10.05296389438003, 4.96084249852779, 5.027977987858181, 2.772475429789361, 4.51779988374981, 5.180810053087858, 6.14217848953842, 4.366207165718851, 0.9255705479514847, 5.77408003604016, 6.664144073429021, 3.948591402703608, 8.493103766722108, 6.300697719630503, 6.62752001797441, 7.73651729255798, 0.6907091857121891]","[0.3250778709333811, 0.3804714135613663, 0.3110218673911078, 0.3171041394805214, 0.324818381828677, 0.3860402104846948, 0.8534172452597403, 0.3683498598263802, 0.3542637205722974, 0.3817009686441051, 0.3465652248503545, 0.3748219401779477, 0.2933423604281719, 0.3682153667414569, 0.3827519404612954, 0.3835352166080206, 0.3598776221275464, 0.3669479951927143, 0.424577036591877, 0.3558292572988055, 0.5080285864220099, 0.3695115224887978, 0.3870211970568603, 0.4077606063781379, 0.3611367830740993, 0.4695876363782491, 0.4298397028207677, 0.3863814883563935, 0.3479140700181132, 0.3938289149270188, 0.4258985070103902, 0.3648029337211296, 0.3989705982656121, 0.4120051054698955, 0.3660603918015264, 0.3615901495718773, 0.3952895906849096, 0.3845083990560773, 5.179491150807232, 0.3682611554314912, 0.3917852200335362, 0.4298232712963232, 0.4049690848152185, 0.38911415012834, 0.3909244946043308, 0.3958537892316184, 6.107568171810311]","[-4.502760941776971, -14.95900551539705, -5.280215490019335, -2.142763264172578, -6.222240699970284, -4.181583797870963, -6.169343727471213, -4.400883942510399, -2.589917900443433, -6.271585369635949, -3.985429668947819, -3.124372518316608, -3.42269009568193, -2.445228571265674, -7.989768847290147, -6.851832070649056, -3.966033088226063, -4.231637435996796, -7.91234635665746, -4.110514425541323, -5.860794237069281, -3.917339124709767, -7.48502370664915, -10.84032366105223, -4.187271517451621, -16.8217116412063, -4.305340820682613, -5.496644230937537, -2.680043590744298, -4.476278742058616, -9.627065387369644, -4.59603956480666, -4.629007389592569, -2.360470324319465, -4.151739491948284, -4.819219903515981, -5.74688889885351, -3.981698766662774, 4.253920602855747, -5.405818880608669, -6.272358853395485, -3.518768131407285, -8.088134681906888, -5.911583569502163, -6.236595523370079, -7.340663503326361, 5.416858986098123]","[0.9878749946291778, 0.9997578696804336, 0.9772071954911388, 0.9003616634052157, 0.980182295865513, 0.9633479438866271, 0.9321097165816139, 0.9695103168298859, 0.9092796641397443, 0.9775869863749447, 0.9657496933060266, 0.950654265731284, 0.9700434315573195, 0.9011767579414239, 0.9820936970843349, 0.9938126898718609, 0.9646325798510359, 0.9676943792082922, 0.9773080316294318, 0.9679212805707065, 0.9629932128941049, 0.9632803780841583, 0.9941377436005367, 0.9966518062748271, 0.9673223867372739, 0.9980790613464857, 0.9777505532395218, 0.9734076062182643, 0.901186491180328, 0.9664564185961372, 0.9833702563918686, 0.9716681094097689, 0.9668794338707445, 0.922154711576705, 0.9659936753491217, 0.9747479222777593, 0.9905597509907772, 0.9622491104249721, 0.04888856601420098, 0.9760122896699114, 0.9773979195187201, 0.9466414973376985, 0.9845336177208517, 0.9827230059092195, 0.9777861714740014, 0.9798730635350906, 0.02221320606447481]","[0.007371329807933456, 4.670713825261187e-05, 0.01601991049391417, 0.07680785314739699, 0.01379824227505093, 0.02493774573226633, 0.04042852564402735, 0.02080434573137853, 0.06952045224900802, 0.01507819612936441, 0.02391433697562544, 0.03429000077487641, 0.02116887496050541, 0.07585859810997228, 0.01203514930405689, 0.003234513699068655, 0.02445690427913315, 0.02213265632148644, 0.0148067426776257, 0.02213184038211912, 0.02643146319649414, 0.02525664610682287, 0.003054653311929021, 0.001636285243847484, 0.02249941629357652, 0.0007369440366737696, 0.01158749606172284, 0.01795143058169253, 0.07630720338456758, 0.02257225794533017, 0.01073682911235808, 0.01934226809095004, 0.02221583811028244, 0.05490896045738886, 0.0233891262953024, 0.01716577940307576, 0.004879498226222945, 0.02571579726731507, 0.9027044293750803, 0.0163062411478048, 0.0150779055642679, 0.03608523382694267, 0.01003849895628018, 0.0111401131176746, 0.01481594945870028, 0.01337060751176584, 0.9486632845355952]","[0.01556488391600496, 9.790173807389635e-05, 0.03412405494489722, 0.174381489473308, 0.02932546126697648, 0.05360579062892887, 0.08830746801448629, 0.04453192233770936, 0.1566003091321101, 0.03208739749337877, 0.05135198889800652, 0.07442307749295869, 0.04532907585584867, 0.1720494320514834, 0.02553270612316033, 0.006801471162308195, 0.0525462686881069, 0.04743953849049879, 0.03150104463886835, 0.04743775000881329, 0.05690383460168147, 0.05430905604322599, 0.00642210548199632, 0.003435239996388588, 0.0482437528451973, 0.00154575811670619, 0.02457187100528674, 0.03831359945844669, 0.1731509339488618, 0.04840354849663284, 0.02274841056519558, 0.0413406022984955, 0.04762188278221636, 0.1217745221555855, 0.05019717788277623, 0.03660750376158997, 0.01027747309851492, 0.05532242267747688, 19.44640659617643, 0.03474407891036158, 0.0320867696856315, 0.07846531969560996, 0.02125383627210444, 0.02361248519625256, 0.03152092644667156, 0.02840429072956255, 38.73208459789364]"
1,39-532,FUBAR,FMO1,FMO1_MACACA_NEMESTRINA_ENSMNET00000067657_ENSMNEP00000043152_ALTERNATIVE,0.001554365881529121,"[20, 31, 32, 48, 59, 88, 97, 109, 117, 119, 130, 135, 140, 156, 166, 168, 176, 189, 190, 191, 204, 207, 210, 227, 228, 230, 245, 253, 263, 271, 280, 311, 312, 327, 337, 341, 348, 357, 369, 373, 387, 389, 426, 468, 473, 477, 478]","[4.827838812710351, 15.33947692895842, 5.591237357410443, 2.459867403653099, 6.54705908179896, 4.567624008355658, 7.022760972730953, 4.769233802336779, 2.94418162101573, 6.653286338280054, 4.331994893798173, 3.499194458494555, 3.716032456110102, 2.813443938007131, 8.372520787751442, 7.235367287257077, 4.325910710353609, 4.598585431189511, 8.336923393249338, 4.466343682840129, 6.368822823491291, 4.286850647198564, 7.87204490370601, 11.24808426743036, 4.54840830052572, 17.29129927758455, 4.735180523503381, 5.88302571929393, 3.027957660762411, 4.870107656985635, 10.05296389438003, 4.96084249852779, 5.027977987858181, 2.772475429789361, 4.51779988374981, 5.180810053087858, 6.14217848953842, 4.366207165718851, 0.9255705479514847, 5.77408003604016, 6.664144073429021, 3.948591402703608, 8.493103766722108, 6.300697719630503, 6.62752001797441, 7.73651729255798, 0.6907091857121891]","[0.3250778709333811, 0.3804714135613663, 0.3110218673911078, 0.3171041394805214, 0.324818381828677, 0.3860402104846948, 0.8534172452597403, 0.3683498598263802, 0.3542637205722974, 0.3817009686441051, 0.3465652248503545, 0.3748219401779477, 0.2933423604281719, 0.3682153667414569, 0.3827519404612954, 0.3835352166080206, 0.3598776221275464, 0.3669479951927143, 0.424577036591877, 0.3558292572988055, 0.5080285864220099, 0.3695115224887978, 0.3870211970568603, 0.4077606063781379, 0.3611367830740993, 0.4695876363782491, 0.4298397028207677, 0.3863814883563935, 0.3479140700181132, 0.3938289149270188, 0.4258985070103902, 0.3648029337211296, 0.3989705982656121, 0.4120051054698955, 0.3660603918015264, 0.3615901495718773, 0.3952895906849096, 0.3845083990560773, 5.179491150807232, 0.3682611554314912, 0.3917852200335362, 0.4298232712963232, 0.4049690848152185, 0.38911415012834, 0.3909244946043308, 0.3958537892316184, 6.107568171810311]","[-4.502760941776971, -14.95900551539705, -5.280215490019335, -2.142763264172578, -6.222240699970284, -4.181583797870963, -6.169343727471213, -4.400883942510399, -2.589917900443433, -6.271585369635949, -3.985429668947819, -3.124372518316608, -3.42269009568193, -2.445228571265674, -7.989768847290147, -6.851832070649056, -3.966033088226063, -4.231637435996796, -7.91234635665746, -4.110514425541323, -5.860794237069281, -3.917339124709767, -7.48502370664915, -10.84032366105223, -4.187271517451621, -16.8217116412063, -4.305340820682613, -5.496644230937537, -2.680043590744298, -4.476278742058616, -9.627065387369644, -4.59603956480666, -4.629007389592569, -2.360470324319465, -4.151739491948284, -4.819219903515981, -5.74688889885351, -3.981698766662774, 4.253920602855747, -5.405818880608669, -6.272358853395485, -3.518768131407285, -8.088134681906888, -5.911583569502163, -6.236595523370079, -7.340663503326361, 5.416858986098123]","[0.9878749946291778, 0.9997578696804336, 0.9772071954911388, 0.9003616634052157, 0.980182295865513, 0.9633479438866271, 0.9321097165816139, 0.9695103168298859, 0.9092796641397443, 0.9775869863749447, 0.9657496933060266, 0.950654265731284, 0.9700434315573195, 0.9011767579414239, 0.9820936970843349, 0.9938126898718609, 0.9646325798510359, 0.9676943792082922, 0.9773080316294318, 0.9679212805707065, 0.9629932128941049, 0.9632803780841583, 0.9941377436005367, 0.9966518062748271, 0.9673223867372739, 0.9980790613464857, 0.9777505532395218, 0.9734076062182643, 0.901186491180328, 0.9664564185961372, 0.9833702563918686, 0.9716681094097689, 0.9668794338707445, 0.922154711576705, 0.9659936753491217, 0.9747479222777593, 0.9905597509907772, 0.9622491104249721, 0.04888856601420098, 0.9760122896699114, 0.9773979195187201, 0.9466414973376985, 0.9845336177208517, 0.9827230059092195, 0.9777861714740014, 0.9798730635350906, 0.02221320606447481]","[0.007371329807933456, 4.670713825261187e-05, 0.01601991049391417, 0.07680785314739699, 0.01379824227505093, 0.02493774573226633, 0.04042852564402735, 0.02080434573137853, 0.06952045224900802, 0.01507819612936441, 0.02391433697562544, 0.03429000077487641, 0.02116887496050541, 0.07585859810997228, 0.01203514930405689, 0.003234513699068655, 0.02445690427913315, 0.02213265632148644, 0.0148067426776257, 0.02213184038211912, 0.02643146319649414, 0.02525664610682287, 0.003054653311929021, 0.001636285243847484, 0.02249941629357652, 0.0007369440366737696, 0.01158749606172284, 0.01795143058169253, 0.07630720338456758, 0.02257225794533017, 0.01073682911235808, 0.01934226809095004, 0.02221583811028244, 0.05490896045738886, 0.0233891262953024, 0.01716577940307576, 0.004879498226222945, 0.02571579726731507, 0.9027044293750803, 0.0163062411478048, 0.0150779055642679, 0.03608523382694267, 0.01003849895628018, 0.0111401131176746, 0.01481594945870028, 0.01337060751176584, 0.9486632845355952]","[0.01556488391600496, 9.790173807389635e-05, 0.03412405494489722, 0.174381489473308, 0.02932546126697648, 0.05360579062892887, 0.08830746801448629, 0.04453192233770936, 0.1566003091321101, 0.03208739749337877, 0.05135198889800652, 0.07442307749295869, 0.04532907585584867, 0.1720494320514834, 0.02553270612316033, 0.006801471162308195, 0.0525462686881069, 0.04743953849049879, 0.03150104463886835, 0.04743775000881329, 0.05690383460168147, 0.05430905604322599, 0.00642210548199632, 0.003435239996388588, 0.0482437528451973, 0.00154575811670619, 0.02457187100528674, 0.03831359945844669, 0.1731509339488618, 0.04840354849663284, 0.02274841056519558, 0.0413406022984955, 0.04762188278221636, 0.1217745221555855, 0.05019717788277623, 0.03660750376158997, 0.01027747309851492, 0.05532242267747688, 19.44640659617643, 0.03474407891036158, 0.0320867696856315, 0.07846531969560996, 0.02125383627210444, 0.02361248519625256, 0.03152092644667156, 0.02840429072956255, 38.73208459789364]"
1,39-532,FUBAR,FMO1,FMO1_MACACA_NEMESTRINA_ENSMNET00000067658_ENSMNEP00000043153_ALTERNATIVE,0.003880595549913584,"[20, 31, 32, 48, 59, 88, 97, 109, 117, 119, 130, 135, 140, 156, 166, 168, 176, 189, 190, 191, 204, 207, 210, 227, 228, 230, 245, 253, 263, 271, 280, 311, 312, 327, 337, 341, 348, 357, 369, 373, 387, 389, 426, 468, 473, 477, 478]","[4.827838812710351, 15.33947692895842, 5.591237357410443, 2.459867403653099, 6.54705908179896, 4.567624008355658, 7.022760972730953, 4.769233802336779, 2.94418162101573, 6.653286338280054, 4.331994893798173, 3.499194458494555, 3.716032456110102, 2.813443938007131, 8.372520787751442, 7.235367287257077, 4.325910710353609, 4.598585431189511, 8.336923393249338, 4.466343682840129, 6.368822823491291, 4.286850647198564, 7.87204490370601, 11.24808426743036, 4.54840830052572, 17.29129927758455, 4.735180523503381, 5.88302571929393, 3.027957660762411, 4.870107656985635, 10.05296389438003, 4.96084249852779, 5.027977987858181, 2.772475429789361, 4.51779988374981, 5.180810053087858, 6.14217848953842, 4.366207165718851, 0.9255705479514847, 5.77408003604016, 6.664144073429021, 3.948591402703608, 8.493103766722108, 6.300697719630503, 6.62752001797441, 7.73651729255798, 0.6907091857121891]","[0.3250778709333811, 0.3804714135613663, 0.3110218673911078, 0.3171041394805214, 0.324818381828677, 0.3860402104846948, 0.8534172452597403, 0.3683498598263802, 0.3542637205722974, 0.3817009686441051, 0.3465652248503545, 0.3748219401779477, 0.2933423604281719, 0.3682153667414569, 0.3827519404612954, 0.3835352166080206, 0.3598776221275464, 0.3669479951927143, 0.424577036591877, 0.3558292572988055, 0.5080285864220099, 0.3695115224887978, 0.3870211970568603, 0.4077606063781379, 0.3611367830740993, 0.4695876363782491, 0.4298397028207677, 0.3863814883563935, 0.3479140700181132, 0.3938289149270188, 0.4258985070103902, 0.3648029337211296, 0.3989705982656121, 0.4120051054698955, 0.3660603918015264, 0.3615901495718773, 0.3952895906849096, 0.3845083990560773, 5.179491150807232, 0.3682611554314912, 0.3917852200335362, 0.4298232712963232, 0.4049690848152185, 0.38911415012834, 0.3909244946043308, 0.3958537892316184, 6.107568171810311]","[-4.502760941776971, -14.95900551539705, -5.280215490019335, -2.142763264172578, -6.222240699970284, -4.181583797870963, -6.169343727471213, -4.400883942510399, -2.589917900443433, -6.271585369635949, -3.985429668947819, -3.124372518316608, -3.42269009568193, -2.445228571265674, -7.989768847290147, -6.851832070649056, -3.966033088226063, -4.231637435996796, -7.91234635665746, -4.110514425541323, -5.860794237069281, -3.917339124709767, -7.48502370664915, -10.84032366105223, -4.187271517451621, -16.8217116412063, -4.305340820682613, -5.496644230937537, -2.680043590744298, -4.476278742058616, -9.627065387369644, -4.59603956480666, -4.629007389592569, -2.360470324319465, -4.151739491948284, -4.819219903515981, -5.74688889885351, -3.981698766662774, 4.253920602855747, -5.405818880608669, -6.272358853395485, -3.518768131407285, -8.088134681906888, -5.911583569502163, -6.236595523370079, -7.340663503326361, 5.416858986098123]","[0.9878749946291778, 0.9997578696804336, 0.9772071954911388, 0.9003616634052157, 0.980182295865513, 0.9633479438866271, 0.9321097165816139, 0.9695103168298859, 0.9092796641397443, 0.9775869863749447, 0.9657496933060266, 0.950654265731284, 0.9700434315573195, 0.9011767579414239, 0.9820936970843349, 0.9938126898718609, 0.9646325798510359, 0.9676943792082922, 0.9773080316294318, 0.9679212805707065, 0.9629932128941049, 0.9632803780841583, 0.9941377436005367, 0.9966518062748271, 0.9673223867372739, 0.9980790613464857, 0.9777505532395218, 0.9734076062182643, 0.901186491180328, 0.9664564185961372, 0.9833702563918686, 0.9716681094097689, 0.9668794338707445, 0.922154711576705, 0.9659936753491217, 0.9747479222777593, 0.9905597509907772, 0.9622491104249721, 0.04888856601420098, 0.9760122896699114, 0.9773979195187201, 0.9466414973376985, 0.9845336177208517, 0.9827230059092195, 0.9777861714740014, 0.9798730635350906, 0.02221320606447481]","[0.007371329807933456, 4.670713825261187e-05, 0.01601991049391417, 0.07680785314739699, 0.01379824227505093, 0.02493774573226633, 0.04042852564402735, 0.02080434573137853, 0.06952045224900802, 0.01507819612936441, 0.02391433697562544, 0.03429000077487641, 0.02116887496050541, 0.07585859810997228, 0.01203514930405689, 0.003234513699068655, 0.02445690427913315, 0.02213265632148644, 0.0148067426776257, 0.02213184038211912, 0.02643146319649414, 0.02525664610682287, 0.003054653311929021, 0.001636285243847484, 0.02249941629357652, 0.0007369440366737696, 0.01158749606172284, 0.01795143058169253, 0.07630720338456758, 0.02257225794533017, 0.01073682911235808, 0.01934226809095004, 0.02221583811028244, 0.05490896045738886, 0.0233891262953024, 0.01716577940307576, 0.004879498226222945, 0.02571579726731507, 0.9027044293750803, 0.0163062411478048, 0.0150779055642679, 0.03608523382694267, 0.01003849895628018, 0.0111401131176746, 0.01481594945870028, 0.01337060751176584, 0.9486632845355952]","[0.01556488391600496, 9.790173807389635e-05, 0.03412405494489722, 0.174381489473308, 0.02932546126697648, 0.05360579062892887, 0.08830746801448629, 0.04453192233770936, 0.1566003091321101, 0.03208739749337877, 0.05135198889800652, 0.07442307749295869, 0.04532907585584867, 0.1720494320514834, 0.02553270612316033, 0.006801471162308195, 0.0525462686881069, 0.04743953849049879, 0.03150104463886835, 0.04743775000881329, 0.05690383460168147, 0.05430905604322599, 0.00642210548199632, 0.003435239996388588, 0.0482437528451973, 0.00154575811670619, 0.02457187100528674, 0.03831359945844669, 0.1731509339488618, 0.04840354849663284, 0.02274841056519558, 0.0413406022984955, 0.04762188278221636, 0.1217745221555855, 0.05019717788277623, 0.03660750376158997, 0.01027747309851492, 0.05532242267747688, 19.44640659617643, 0.03474407891036158, 0.0320867696856315, 0.07846531969560996, 0.02125383627210444, 0.02361248519625256, 0.03152092644667156, 0.02840429072956255, 38.73208459789364]"
1,39-532,FUBAR,FMO1,FMO1_MICROCEBUS_MURINUS_ENSMICT00000017113_ENSMICP00000015593_ALTERNATIVE,1e-06,"[20, 31, 32, 48, 59, 88, 97, 109, 117, 119, 130, 135, 140, 156, 166, 168, 176, 189, 190, 191, 204, 207, 210, 227, 228, 230, 245, 253, 263, 271, 280, 311, 312, 327, 337, 341, 348, 357, 369, 373, 387, 389, 426, 468, 473, 477, 478]","[4.827838812710351, 15.33947692895842, 5.591237357410443, 2.459867403653099, 6.54705908179896, 4.567624008355658, 7.022760972730953, 4.769233802336779, 2.94418162101573, 6.653286338280054, 4.331994893798173, 3.499194458494555, 3.716032456110102, 2.813443938007131, 8.372520787751442, 7.235367287257077, 4.325910710353609, 4.598585431189511, 8.336923393249338, 4.466343682840129, 6.368822823491291, 4.286850647198564, 7.87204490370601, 11.24808426743036, 4.54840830052572, 17.29129927758455, 4.735180523503381, 5.88302571929393, 3.027957660762411, 4.870107656985635, 10.05296389438003, 4.96084249852779, 5.027977987858181, 2.772475429789361, 4.51779988374981, 5.180810053087858, 6.14217848953842, 4.366207165718851, 0.9255705479514847, 5.77408003604016, 6.664144073429021, 3.948591402703608, 8.493103766722108, 6.300697719630503, 6.62752001797441, 7.73651729255798, 0.6907091857121891]","[0.3250778709333811, 0.3804714135613663, 0.3110218673911078, 0.3171041394805214, 0.324818381828677, 0.3860402104846948, 0.8534172452597403, 0.3683498598263802, 0.3542637205722974, 0.3817009686441051, 0.3465652248503545, 0.3748219401779477, 0.2933423604281719, 0.3682153667414569, 0.3827519404612954, 0.3835352166080206, 0.3598776221275464, 0.3669479951927143, 0.424577036591877, 0.3558292572988055, 0.5080285864220099, 0.3695115224887978, 0.3870211970568603, 0.4077606063781379, 0.3611367830740993, 0.4695876363782491, 0.4298397028207677, 0.3863814883563935, 0.3479140700181132, 0.3938289149270188, 0.4258985070103902, 0.3648029337211296, 0.3989705982656121, 0.4120051054698955, 0.3660603918015264, 0.3615901495718773, 0.3952895906849096, 0.3845083990560773, 5.179491150807232, 0.3682611554314912, 0.3917852200335362, 0.4298232712963232, 0.4049690848152185, 0.38911415012834, 0.3909244946043308, 0.3958537892316184, 6.107568171810311]","[-4.502760941776971, -14.95900551539705, -5.280215490019335, -2.142763264172578, -6.222240699970284, -4.181583797870963, -6.169343727471213, -4.400883942510399, -2.589917900443433, -6.271585369635949, -3.985429668947819, -3.124372518316608, -3.42269009568193, -2.445228571265674, -7.989768847290147, -6.851832070649056, -3.966033088226063, -4.231637435996796, -7.91234635665746, -4.110514425541323, -5.860794237069281, -3.917339124709767, -7.48502370664915, -10.84032366105223, -4.187271517451621, -16.8217116412063, -4.305340820682613, -5.496644230937537, -2.680043590744298, -4.476278742058616, -9.627065387369644, -4.59603956480666, -4.629007389592569, -2.360470324319465, -4.151739491948284, -4.819219903515981, -5.74688889885351, -3.981698766662774, 4.253920602855747, -5.405818880608669, -6.272358853395485, -3.518768131407285, -8.088134681906888, -5.911583569502163, -6.236595523370079, -7.340663503326361, 5.416858986098123]","[0.9878749946291778, 0.9997578696804336, 0.9772071954911388, 0.9003616634052157, 0.980182295865513, 0.9633479438866271, 0.9321097165816139, 0.9695103168298859, 0.9092796641397443, 0.9775869863749447, 0.9657496933060266, 0.950654265731284, 0.9700434315573195, 0.9011767579414239, 0.9820936970843349, 0.9938126898718609, 0.9646325798510359, 0.9676943792082922, 0.9773080316294318, 0.9679212805707065, 0.9629932128941049, 0.9632803780841583, 0.9941377436005367, 0.9966518062748271, 0.9673223867372739, 0.9980790613464857, 0.9777505532395218, 0.9734076062182643, 0.901186491180328, 0.9664564185961372, 0.9833702563918686, 0.9716681094097689, 0.9668794338707445, 0.922154711576705, 0.9659936753491217, 0.9747479222777593, 0.9905597509907772, 0.9622491104249721, 0.04888856601420098, 0.9760122896699114, 0.9773979195187201, 0.9466414973376985, 0.9845336177208517, 0.9827230059092195, 0.9777861714740014, 0.9798730635350906, 0.02221320606447481]","[0.007371329807933456, 4.670713825261187e-05, 0.01601991049391417, 0.07680785314739699, 0.01379824227505093, 0.02493774573226633, 0.04042852564402735, 0.02080434573137853, 0.06952045224900802, 0.01507819612936441, 0.02391433697562544, 0.03429000077487641, 0.02116887496050541, 0.07585859810997228, 0.01203514930405689, 0.003234513699068655, 0.02445690427913315, 0.02213265632148644, 0.0148067426776257, 0.02213184038211912, 0.02643146319649414, 0.02525664610682287, 0.003054653311929021, 0.001636285243847484, 0.02249941629357652, 0.0007369440366737696, 0.01158749606172284, 0.01795143058169253, 0.07630720338456758, 0.02257225794533017, 0.01073682911235808, 0.01934226809095004, 0.02221583811028244, 0.05490896045738886, 0.0233891262953024, 0.01716577940307576, 0.004879498226222945, 0.02571579726731507, 0.9027044293750803, 0.0163062411478048, 0.0150779055642679, 0.03608523382694267, 0.01003849895628018, 0.0111401131176746, 0.01481594945870028, 0.01337060751176584, 0.9486632845355952]","[0.01556488391600496, 9.790173807389635e-05, 0.03412405494489722, 0.174381489473308, 0.02932546126697648, 0.05360579062892887, 0.08830746801448629, 0.04453192233770936, 0.1566003091321101, 0.03208739749337877, 0.05135198889800652, 0.07442307749295869, 0.04532907585584867, 0.1720494320514834, 0.02553270612316033, 0.006801471162308195, 0.0525462686881069, 0.04743953849049879, 0.03150104463886835, 0.04743775000881329, 0.05690383460168147, 0.05430905604322599, 0.00642210548199632, 0.003435239996388588, 0.0482437528451973, 0.00154575811670619, 0.02457187100528674, 0.03831359945844669, 0.1731509339488618, 0.04840354849663284, 0.02274841056519558, 0.0413406022984955, 0.04762188278221636, 0.1217745221555855, 0.05019717788277623, 0.03660750376158997, 0.01027747309851492, 0.05532242267747688, 19.44640659617643, 0.03474407891036158, 0.0320867696856315, 0.07846531969560996, 0.02125383627210444, 0.02361248519625256, 0.03152092644667156, 0.02840429072956255, 38.73208459789364]"
1,39-532,FUBAR,FMO1,FMO1_MICROCEBUS_MURINUS_ENSMICT00000043128_ENSMICP00000022075_ALTERNATIVE,1e-06,"[20, 31, 32, 48, 59, 88, 97, 109, 117, 119, 130, 135, 140, 156, 166, 168, 176, 189, 190, 191, 204, 207, 210, 227, 228, 230, 245, 253, 263, 271, 280, 311, 312, 327, 337, 341, 348, 357, 369, 373, 387, 389, 426, 468, 473, 477, 478]","[4.827838812710351, 15.33947692895842, 5.591237357410443, 2.459867403653099, 6.54705908179896, 4.567624008355658, 7.022760972730953, 4.769233802336779, 2.94418162101573, 6.653286338280054, 4.331994893798173, 3.499194458494555, 3.716032456110102, 2.813443938007131, 8.372520787751442, 7.235367287257077, 4.325910710353609, 4.598585431189511, 8.336923393249338, 4.466343682840129, 6.368822823491291, 4.286850647198564, 7.87204490370601, 11.24808426743036, 4.54840830052572, 17.29129927758455, 4.735180523503381, 5.88302571929393, 3.027957660762411, 4.870107656985635, 10.05296389438003, 4.96084249852779, 5.027977987858181, 2.772475429789361, 4.51779988374981, 5.180810053087858, 6.14217848953842, 4.366207165718851, 0.9255705479514847, 5.77408003604016, 6.664144073429021, 3.948591402703608, 8.493103766722108, 6.300697719630503, 6.62752001797441, 7.73651729255798, 0.6907091857121891]","[0.3250778709333811, 0.3804714135613663, 0.3110218673911078, 0.3171041394805214, 0.324818381828677, 0.3860402104846948, 0.8534172452597403, 0.3683498598263802, 0.3542637205722974, 0.3817009686441051, 0.3465652248503545, 0.3748219401779477, 0.2933423604281719, 0.3682153667414569, 0.3827519404612954, 0.3835352166080206, 0.3598776221275464, 0.3669479951927143, 0.424577036591877, 0.3558292572988055, 0.5080285864220099, 0.3695115224887978, 0.3870211970568603, 0.4077606063781379, 0.3611367830740993, 0.4695876363782491, 0.4298397028207677, 0.3863814883563935, 0.3479140700181132, 0.3938289149270188, 0.4258985070103902, 0.3648029337211296, 0.3989705982656121, 0.4120051054698955, 0.3660603918015264, 0.3615901495718773, 0.3952895906849096, 0.3845083990560773, 5.179491150807232, 0.3682611554314912, 0.3917852200335362, 0.4298232712963232, 0.4049690848152185, 0.38911415012834, 0.3909244946043308, 0.3958537892316184, 6.107568171810311]","[-4.502760941776971, -14.95900551539705, -5.280215490019335, -2.142763264172578, -6.222240699970284, -4.181583797870963, -6.169343727471213, -4.400883942510399, -2.589917900443433, -6.271585369635949, -3.985429668947819, -3.124372518316608, -3.42269009568193, -2.445228571265674, -7.989768847290147, -6.851832070649056, -3.966033088226063, -4.231637435996796, -7.91234635665746, -4.110514425541323, -5.860794237069281, -3.917339124709767, -7.48502370664915, -10.84032366105223, -4.187271517451621, -16.8217116412063, -4.305340820682613, -5.496644230937537, -2.680043590744298, -4.476278742058616, -9.627065387369644, -4.59603956480666, -4.629007389592569, -2.360470324319465, -4.151739491948284, -4.819219903515981, -5.74688889885351, -3.981698766662774, 4.253920602855747, -5.405818880608669, -6.272358853395485, -3.518768131407285, -8.088134681906888, -5.911583569502163, -6.236595523370079, -7.340663503326361, 5.416858986098123]","[0.9878749946291778, 0.9997578696804336, 0.9772071954911388, 0.9003616634052157, 0.980182295865513, 0.9633479438866271, 0.9321097165816139, 0.9695103168298859, 0.9092796641397443, 0.9775869863749447, 0.9657496933060266, 0.950654265731284, 0.9700434315573195, 0.9011767579414239, 0.9820936970843349, 0.9938126898718609, 0.9646325798510359, 0.9676943792082922, 0.9773080316294318, 0.9679212805707065, 0.9629932128941049, 0.9632803780841583, 0.9941377436005367, 0.9966518062748271, 0.9673223867372739, 0.9980790613464857, 0.9777505532395218, 0.9734076062182643, 0.901186491180328, 0.9664564185961372, 0.9833702563918686, 0.9716681094097689, 0.9668794338707445, 0.922154711576705, 0.9659936753491217, 0.9747479222777593, 0.9905597509907772, 0.9622491104249721, 0.04888856601420098, 0.9760122896699114, 0.9773979195187201, 0.9466414973376985, 0.9845336177208517, 0.9827230059092195, 0.9777861714740014, 0.9798730635350906, 0.02221320606447481]","[0.007371329807933456, 4.670713825261187e-05, 0.01601991049391417, 0.07680785314739699, 0.01379824227505093, 0.02493774573226633, 0.04042852564402735, 0.02080434573137853, 0.06952045224900802, 0.01507819612936441, 0.02391433697562544, 0.03429000077487641, 0.02116887496050541, 0.07585859810997228, 0.01203514930405689, 0.003234513699068655, 0.02445690427913315, 0.02213265632148644, 0.0148067426776257, 0.02213184038211912, 0.02643146319649414, 0.02525664610682287, 0.003054653311929021, 0.001636285243847484, 0.02249941629357652, 0.0007369440366737696, 0.01158749606172284, 0.01795143058169253, 0.07630720338456758, 0.02257225794533017, 0.01073682911235808, 0.01934226809095004, 0.02221583811028244, 0.05490896045738886, 0.0233891262953024, 0.01716577940307576, 0.004879498226222945, 0.02571579726731507, 0.9027044293750803, 0.0163062411478048, 0.0150779055642679, 0.03608523382694267, 0.01003849895628018, 0.0111401131176746, 0.01481594945870028, 0.01337060751176584, 0.9486632845355952]","[0.01556488391600496, 9.790173807389635e-05, 0.03412405494489722, 0.174381489473308, 0.02932546126697648, 0.05360579062892887, 0.08830746801448629, 0.04453192233770936, 0.1566003091321101, 0.03208739749337877, 0.05135198889800652, 0.07442307749295869, 0.04532907585584867, 0.1720494320514834, 0.02553270612316033, 0.006801471162308195, 0.0525462686881069, 0.04743953849049879, 0.03150104463886835, 0.04743775000881329, 0.05690383460168147, 0.05430905604322599, 0.00642210548199632, 0.003435239996388588, 0.0482437528451973, 0.00154575811670619, 0.02457187100528674, 0.03831359945844669, 0.1731509339488618, 0.04840354849663284, 0.02274841056519558, 0.0413406022984955, 0.04762188278221636, 0.1217745221555855, 0.05019717788277623, 0.03660750376158997, 0.01027747309851492, 0.05532242267747688, 19.44640659617643, 0.03474407891036158, 0.0320867696856315, 0.07846531969560996, 0.02125383627210444, 0.02361248519625256, 0.03152092644667156, 0.02840429072956255, 38.73208459789364]"
1,39-532,FUBAR,FMO1,FMO1_MICROCEBUS_MURINUS_ENSMICT00000058559_ENSMICP00000045720_CANONICAL,1e-06,"[20, 31, 32, 48, 59, 88, 97, 109, 117, 119, 130, 135, 140, 156, 166, 168, 176, 189, 190, 191, 204, 207, 210, 227, 228, 230, 245, 253, 263, 271, 280, 311, 312, 327, 337, 341, 348, 357, 369, 373, 387, 389, 426, 468, 473, 477, 478]","[4.827838812710351, 15.33947692895842, 5.591237357410443, 2.459867403653099, 6.54705908179896, 4.567624008355658, 7.022760972730953, 4.769233802336779, 2.94418162101573, 6.653286338280054, 4.331994893798173, 3.499194458494555, 3.716032456110102, 2.813443938007131, 8.372520787751442, 7.235367287257077, 4.325910710353609, 4.598585431189511, 8.336923393249338, 4.466343682840129, 6.368822823491291, 4.286850647198564, 7.87204490370601, 11.24808426743036, 4.54840830052572, 17.29129927758455, 4.735180523503381, 5.88302571929393, 3.027957660762411, 4.870107656985635, 10.05296389438003, 4.96084249852779, 5.027977987858181, 2.772475429789361, 4.51779988374981, 5.180810053087858, 6.14217848953842, 4.366207165718851, 0.9255705479514847, 5.77408003604016, 6.664144073429021, 3.948591402703608, 8.493103766722108, 6.300697719630503, 6.62752001797441, 7.73651729255798, 0.6907091857121891]","[0.3250778709333811, 0.3804714135613663, 0.3110218673911078, 0.3171041394805214, 0.324818381828677, 0.3860402104846948, 0.8534172452597403, 0.3683498598263802, 0.3542637205722974, 0.3817009686441051, 0.3465652248503545, 0.3748219401779477, 0.2933423604281719, 0.3682153667414569, 0.3827519404612954, 0.3835352166080206, 0.3598776221275464, 0.3669479951927143, 0.424577036591877, 0.3558292572988055, 0.5080285864220099, 0.3695115224887978, 0.3870211970568603, 0.4077606063781379, 0.3611367830740993, 0.4695876363782491, 0.4298397028207677, 0.3863814883563935, 0.3479140700181132, 0.3938289149270188, 0.4258985070103902, 0.3648029337211296, 0.3989705982656121, 0.4120051054698955, 0.3660603918015264, 0.3615901495718773, 0.3952895906849096, 0.3845083990560773, 5.179491150807232, 0.3682611554314912, 0.3917852200335362, 0.4298232712963232, 0.4049690848152185, 0.38911415012834, 0.3909244946043308, 0.3958537892316184, 6.107568171810311]","[-4.502760941776971, -14.95900551539705, -5.280215490019335, -2.142763264172578, -6.222240699970284, -4.181583797870963, -6.169343727471213, -4.400883942510399, -2.589917900443433, -6.271585369635949, -3.985429668947819, -3.124372518316608, -3.42269009568193, -2.445228571265674, -7.989768847290147, -6.851832070649056, -3.966033088226063, -4.231637435996796, -7.91234635665746, -4.110514425541323, -5.860794237069281, -3.917339124709767, -7.48502370664915, -10.84032366105223, -4.187271517451621, -16.8217116412063, -4.305340820682613, -5.496644230937537, -2.680043590744298, -4.476278742058616, -9.627065387369644, -4.59603956480666, -4.629007389592569, -2.360470324319465, -4.151739491948284, -4.819219903515981, -5.74688889885351, -3.981698766662774, 4.253920602855747, -5.405818880608669, -6.272358853395485, -3.518768131407285, -8.088134681906888, -5.911583569502163, -6.236595523370079, -7.340663503326361, 5.416858986098123]","[0.9878749946291778, 0.9997578696804336, 0.9772071954911388, 0.9003616634052157, 0.980182295865513, 0.9633479438866271, 0.9321097165816139, 0.9695103168298859, 0.9092796641397443, 0.9775869863749447, 0.9657496933060266, 0.950654265731284, 0.9700434315573195, 0.9011767579414239, 0.9820936970843349, 0.9938126898718609, 0.9646325798510359, 0.9676943792082922, 0.9773080316294318, 0.9679212805707065, 0.9629932128941049, 0.9632803780841583, 0.9941377436005367, 0.9966518062748271, 0.9673223867372739, 0.9980790613464857, 0.9777505532395218, 0.9734076062182643, 0.901186491180328, 0.9664564185961372, 0.9833702563918686, 0.9716681094097689, 0.9668794338707445, 0.922154711576705, 0.9659936753491217, 0.9747479222777593, 0.9905597509907772, 0.9622491104249721, 0.04888856601420098, 0.9760122896699114, 0.9773979195187201, 0.9466414973376985, 0.9845336177208517, 0.9827230059092195, 0.9777861714740014, 0.9798730635350906, 0.02221320606447481]","[0.007371329807933456, 4.670713825261187e-05, 0.01601991049391417, 0.07680785314739699, 0.01379824227505093, 0.02493774573226633, 0.04042852564402735, 0.02080434573137853, 0.06952045224900802, 0.01507819612936441, 0.02391433697562544, 0.03429000077487641, 0.02116887496050541, 0.07585859810997228, 0.01203514930405689, 0.003234513699068655, 0.02445690427913315, 0.02213265632148644, 0.0148067426776257, 0.02213184038211912, 0.02643146319649414, 0.02525664610682287, 0.003054653311929021, 0.001636285243847484, 0.02249941629357652, 0.0007369440366737696, 0.01158749606172284, 0.01795143058169253, 0.07630720338456758, 0.02257225794533017, 0.01073682911235808, 0.01934226809095004, 0.02221583811028244, 0.05490896045738886, 0.0233891262953024, 0.01716577940307576, 0.004879498226222945, 0.02571579726731507, 0.9027044293750803, 0.0163062411478048, 0.0150779055642679, 0.03608523382694267, 0.01003849895628018, 0.0111401131176746, 0.01481594945870028, 0.01337060751176584, 0.9486632845355952]","[0.01556488391600496, 9.790173807389635e-05, 0.03412405494489722, 0.174381489473308, 0.02932546126697648, 0.05360579062892887, 0.08830746801448629, 0.04453192233770936, 0.1566003091321101, 0.03208739749337877, 0.05135198889800652, 0.07442307749295869, 0.04532907585584867, 0.1720494320514834, 0.02553270612316033, 0.006801471162308195, 0.0525462686881069, 0.04743953849049879, 0.03150104463886835, 0.04743775000881329, 0.05690383460168147, 0.05430905604322599, 0.00642210548199632, 0.003435239996388588, 0.0482437528451973, 0.00154575811670619, 0.02457187100528674, 0.03831359945844669, 0.1731509339488618, 0.04840354849663284, 0.02274841056519558, 0.0413406022984955, 0.04762188278221636, 0.1217745221555855, 0.05019717788277623, 0.03660750376158997, 0.01027747309851492, 0.05532242267747688, 19.44640659617643, 0.03474407891036158, 0.0320867696856315, 0.07846531969560996, 0.02125383627210444, 0.02361248519625256, 0.03152092644667156, 0.02840429072956255, 38.73208459789364]"
1,39-532,FUBAR,FMO1,FMO1_NOMASCUS_LEUCOGENYS_ENSNLET00000019330_ENSNLEP00000018416_CANONICAL,1e-06,"[20, 31, 32, 48, 59, 88, 97, 109, 117, 119, 130, 135, 140, 156, 166, 168, 176, 189, 190, 191, 204, 207, 210, 227, 228, 230, 245, 253, 263, 271, 280, 311, 312, 327, 337, 341, 348, 357, 369, 373, 387, 389, 426, 468, 473, 477, 478]","[4.827838812710351, 15.33947692895842, 5.591237357410443, 2.459867403653099, 6.54705908179896, 4.567624008355658, 7.022760972730953, 4.769233802336779, 2.94418162101573, 6.653286338280054, 4.331994893798173, 3.499194458494555, 3.716032456110102, 2.813443938007131, 8.372520787751442, 7.235367287257077, 4.325910710353609, 4.598585431189511, 8.336923393249338, 4.466343682840129, 6.368822823491291, 4.286850647198564, 7.87204490370601, 11.24808426743036, 4.54840830052572, 17.29129927758455, 4.735180523503381, 5.88302571929393, 3.027957660762411, 4.870107656985635, 10.05296389438003, 4.96084249852779, 5.027977987858181, 2.772475429789361, 4.51779988374981, 5.180810053087858, 6.14217848953842, 4.366207165718851, 0.9255705479514847, 5.77408003604016, 6.664144073429021, 3.948591402703608, 8.493103766722108, 6.300697719630503, 6.62752001797441, 7.73651729255798, 0.6907091857121891]","[0.3250778709333811, 0.3804714135613663, 0.3110218673911078, 0.3171041394805214, 0.324818381828677, 0.3860402104846948, 0.8534172452597403, 0.3683498598263802, 0.3542637205722974, 0.3817009686441051, 0.3465652248503545, 0.3748219401779477, 0.2933423604281719, 0.3682153667414569, 0.3827519404612954, 0.3835352166080206, 0.3598776221275464, 0.3669479951927143, 0.424577036591877, 0.3558292572988055, 0.5080285864220099, 0.3695115224887978, 0.3870211970568603, 0.4077606063781379, 0.3611367830740993, 0.4695876363782491, 0.4298397028207677, 0.3863814883563935, 0.3479140700181132, 0.3938289149270188, 0.4258985070103902, 0.3648029337211296, 0.3989705982656121, 0.4120051054698955, 0.3660603918015264, 0.3615901495718773, 0.3952895906849096, 0.3845083990560773, 5.179491150807232, 0.3682611554314912, 0.3917852200335362, 0.4298232712963232, 0.4049690848152185, 0.38911415012834, 0.3909244946043308, 0.3958537892316184, 6.107568171810311]","[-4.502760941776971, -14.95900551539705, -5.280215490019335, -2.142763264172578, -6.222240699970284, -4.181583797870963, -6.169343727471213, -4.400883942510399, -2.589917900443433, -6.271585369635949, -3.985429668947819, -3.124372518316608, -3.42269009568193, -2.445228571265674, -7.989768847290147, -6.851832070649056, -3.966033088226063, -4.231637435996796, -7.91234635665746, -4.110514425541323, -5.860794237069281, -3.917339124709767, -7.48502370664915, -10.84032366105223, -4.187271517451621, -16.8217116412063, -4.305340820682613, -5.496644230937537, -2.680043590744298, -4.476278742058616, -9.627065387369644, -4.59603956480666, -4.629007389592569, -2.360470324319465, -4.151739491948284, -4.819219903515981, -5.74688889885351, -3.981698766662774, 4.253920602855747, -5.405818880608669, -6.272358853395485, -3.518768131407285, -8.088134681906888, -5.911583569502163, -6.236595523370079, -7.340663503326361, 5.416858986098123]","[0.9878749946291778, 0.9997578696804336, 0.9772071954911388, 0.9003616634052157, 0.980182295865513, 0.9633479438866271, 0.9321097165816139, 0.9695103168298859, 0.9092796641397443, 0.9775869863749447, 0.9657496933060266, 0.950654265731284, 0.9700434315573195, 0.9011767579414239, 0.9820936970843349, 0.9938126898718609, 0.9646325798510359, 0.9676943792082922, 0.9773080316294318, 0.9679212805707065, 0.9629932128941049, 0.9632803780841583, 0.9941377436005367, 0.9966518062748271, 0.9673223867372739, 0.9980790613464857, 0.9777505532395218, 0.9734076062182643, 0.901186491180328, 0.9664564185961372, 0.9833702563918686, 0.9716681094097689, 0.9668794338707445, 0.922154711576705, 0.9659936753491217, 0.9747479222777593, 0.9905597509907772, 0.9622491104249721, 0.04888856601420098, 0.9760122896699114, 0.9773979195187201, 0.9466414973376985, 0.9845336177208517, 0.9827230059092195, 0.9777861714740014, 0.9798730635350906, 0.02221320606447481]","[0.007371329807933456, 4.670713825261187e-05, 0.01601991049391417, 0.07680785314739699, 0.01379824227505093, 0.02493774573226633, 0.04042852564402735, 0.02080434573137853, 0.06952045224900802, 0.01507819612936441, 0.02391433697562544, 0.03429000077487641, 0.02116887496050541, 0.07585859810997228, 0.01203514930405689, 0.003234513699068655, 0.02445690427913315, 0.02213265632148644, 0.0148067426776257, 0.02213184038211912, 0.02643146319649414, 0.02525664610682287, 0.003054653311929021, 0.001636285243847484, 0.02249941629357652, 0.0007369440366737696, 0.01158749606172284, 0.01795143058169253, 0.07630720338456758, 0.02257225794533017, 0.01073682911235808, 0.01934226809095004, 0.02221583811028244, 0.05490896045738886, 0.0233891262953024, 0.01716577940307576, 0.004879498226222945, 0.02571579726731507, 0.9027044293750803, 0.0163062411478048, 0.0150779055642679, 0.03608523382694267, 0.01003849895628018, 0.0111401131176746, 0.01481594945870028, 0.01337060751176584, 0.9486632845355952]","[0.01556488391600496, 9.790173807389635e-05, 0.03412405494489722, 0.174381489473308, 0.02932546126697648, 0.05360579062892887, 0.08830746801448629, 0.04453192233770936, 0.1566003091321101, 0.03208739749337877, 0.05135198889800652, 0.07442307749295869, 0.04532907585584867, 0.1720494320514834, 0.02553270612316033, 0.006801471162308195, 0.0525462686881069, 0.04743953849049879, 0.03150104463886835, 0.04743775000881329, 0.05690383460168147, 0.05430905604322599, 0.00642210548199632, 0.003435239996388588, 0.0482437528451973, 0.00154575811670619, 0.02457187100528674, 0.03831359945844669, 0.1731509339488618, 0.04840354849663284, 0.02274841056519558, 0.0413406022984955, 0.04762188278221636, 0.1217745221555855, 0.05019717788277623, 0.03660750376158997, 0.01027747309851492, 0.05532242267747688, 19.44640659617643, 0.03474407891036158, 0.0320867696856315, 0.07846531969560996, 0.02125383627210444, 0.02361248519625256, 0.03152092644667156, 0.02840429072956255, 38.73208459789364]"
1,39-532,FUBAR,FMO1,FMO1_NOMASCUS_LEUCOGENYS_ENSNLET00000046760_ENSNLEP00000037913_ALTERNATIVE,0.02372266421815706,"[20, 31, 32, 48, 59, 88, 97, 109, 117, 119, 130, 135, 140, 156, 166, 168, 176, 189, 190, 191, 204, 207, 210, 227, 228, 230, 245, 253, 263, 271, 280, 311, 312, 327, 337, 341, 348, 357, 369, 373, 387, 389, 426, 468, 473, 477, 478]","[4.827838812710351, 15.33947692895842, 5.591237357410443, 2.459867403653099, 6.54705908179896, 4.567624008355658, 7.022760972730953, 4.769233802336779, 2.94418162101573, 6.653286338280054, 4.331994893798173, 3.499194458494555, 3.716032456110102, 2.813443938007131, 8.372520787751442, 7.235367287257077, 4.325910710353609, 4.598585431189511, 8.336923393249338, 4.466343682840129, 6.368822823491291, 4.286850647198564, 7.87204490370601, 11.24808426743036, 4.54840830052572, 17.29129927758455, 4.735180523503381, 5.88302571929393, 3.027957660762411, 4.870107656985635, 10.05296389438003, 4.96084249852779, 5.027977987858181, 2.772475429789361, 4.51779988374981, 5.180810053087858, 6.14217848953842, 4.366207165718851, 0.9255705479514847, 5.77408003604016, 6.664144073429021, 3.948591402703608, 8.493103766722108, 6.300697719630503, 6.62752001797441, 7.73651729255798, 0.6907091857121891]","[0.3250778709333811, 0.3804714135613663, 0.3110218673911078, 0.3171041394805214, 0.324818381828677, 0.3860402104846948, 0.8534172452597403, 0.3683498598263802, 0.3542637205722974, 0.3817009686441051, 0.3465652248503545, 0.3748219401779477, 0.2933423604281719, 0.3682153667414569, 0.3827519404612954, 0.3835352166080206, 0.3598776221275464, 0.3669479951927143, 0.424577036591877, 0.3558292572988055, 0.5080285864220099, 0.3695115224887978, 0.3870211970568603, 0.4077606063781379, 0.3611367830740993, 0.4695876363782491, 0.4298397028207677, 0.3863814883563935, 0.3479140700181132, 0.3938289149270188, 0.4258985070103902, 0.3648029337211296, 0.3989705982656121, 0.4120051054698955, 0.3660603918015264, 0.3615901495718773, 0.3952895906849096, 0.3845083990560773, 5.179491150807232, 0.3682611554314912, 0.3917852200335362, 0.4298232712963232, 0.4049690848152185, 0.38911415012834, 0.3909244946043308, 0.3958537892316184, 6.107568171810311]","[-4.502760941776971, -14.95900551539705, -5.280215490019335, -2.142763264172578, -6.222240699970284, -4.181583797870963, -6.169343727471213, -4.400883942510399, -2.589917900443433, -6.271585369635949, -3.985429668947819, -3.124372518316608, -3.42269009568193, -2.445228571265674, -7.989768847290147, -6.851832070649056, -3.966033088226063, -4.231637435996796, -7.91234635665746, -4.110514425541323, -5.860794237069281, -3.917339124709767, -7.48502370664915, -10.84032366105223, -4.187271517451621, -16.8217116412063, -4.305340820682613, -5.496644230937537, -2.680043590744298, -4.476278742058616, -9.627065387369644, -4.59603956480666, -4.629007389592569, -2.360470324319465, -4.151739491948284, -4.819219903515981, -5.74688889885351, -3.981698766662774, 4.253920602855747, -5.405818880608669, -6.272358853395485, -3.518768131407285, -8.088134681906888, -5.911583569502163, -6.236595523370079, -7.340663503326361, 5.416858986098123]","[0.9878749946291778, 0.9997578696804336, 0.9772071954911388, 0.9003616634052157, 0.980182295865513, 0.9633479438866271, 0.9321097165816139, 0.9695103168298859, 0.9092796641397443, 0.9775869863749447, 0.9657496933060266, 0.950654265731284, 0.9700434315573195, 0.9011767579414239, 0.9820936970843349, 0.9938126898718609, 0.9646325798510359, 0.9676943792082922, 0.9773080316294318, 0.9679212805707065, 0.9629932128941049, 0.9632803780841583, 0.9941377436005367, 0.9966518062748271, 0.9673223867372739, 0.9980790613464857, 0.9777505532395218, 0.9734076062182643, 0.901186491180328, 0.9664564185961372, 0.9833702563918686, 0.9716681094097689, 0.9668794338707445, 0.922154711576705, 0.9659936753491217, 0.9747479222777593, 0.9905597509907772, 0.9622491104249721, 0.04888856601420098, 0.9760122896699114, 0.9773979195187201, 0.9466414973376985, 0.9845336177208517, 0.9827230059092195, 0.9777861714740014, 0.9798730635350906, 0.02221320606447481]","[0.007371329807933456, 4.670713825261187e-05, 0.01601991049391417, 0.07680785314739699, 0.01379824227505093, 0.02493774573226633, 0.04042852564402735, 0.02080434573137853, 0.06952045224900802, 0.01507819612936441, 0.02391433697562544, 0.03429000077487641, 0.02116887496050541, 0.07585859810997228, 0.01203514930405689, 0.003234513699068655, 0.02445690427913315, 0.02213265632148644, 0.0148067426776257, 0.02213184038211912, 0.02643146319649414, 0.02525664610682287, 0.003054653311929021, 0.001636285243847484, 0.02249941629357652, 0.0007369440366737696, 0.01158749606172284, 0.01795143058169253, 0.07630720338456758, 0.02257225794533017, 0.01073682911235808, 0.01934226809095004, 0.02221583811028244, 0.05490896045738886, 0.0233891262953024, 0.01716577940307576, 0.004879498226222945, 0.02571579726731507, 0.9027044293750803, 0.0163062411478048, 0.0150779055642679, 0.03608523382694267, 0.01003849895628018, 0.0111401131176746, 0.01481594945870028, 0.01337060751176584, 0.9486632845355952]","[0.01556488391600496, 9.790173807389635e-05, 0.03412405494489722, 0.174381489473308, 0.02932546126697648, 0.05360579062892887, 0.08830746801448629, 0.04453192233770936, 0.1566003091321101, 0.03208739749337877, 0.05135198889800652, 0.07442307749295869, 0.04532907585584867, 0.1720494320514834, 0.02553270612316033, 0.006801471162308195, 0.0525462686881069, 0.04743953849049879, 0.03150104463886835, 0.04743775000881329, 0.05690383460168147, 0.05430905604322599, 0.00642210548199632, 0.003435239996388588, 0.0482437528451973, 0.00154575811670619, 0.02457187100528674, 0.03831359945844669, 0.1731509339488618, 0.04840354849663284, 0.02274841056519558, 0.0413406022984955, 0.04762188278221636, 0.1217745221555855, 0.05019717788277623, 0.03660750376158997, 0.01027747309851492, 0.05532242267747688, 19.44640659617643, 0.03474407891036158, 0.0320867696856315, 0.07846531969560996, 0.02125383627210444, 0.02361248519625256, 0.03152092644667156, 0.02840429072956255, 38.73208459789364]"
1,39-532,FUBAR,FMO1,FMO1_NOMASCUS_LEUCOGENYS_ENSNLET00000049063_ENSNLEP00000040912_ALTERNATIVE,1e-06,"[20, 31, 32, 48, 59, 88, 97, 109, 117, 119, 130, 135, 140, 156, 166, 168, 176, 189, 190, 191, 204, 207, 210, 227, 228, 230, 245, 253, 263, 271, 280, 311, 312, 327, 337, 341, 348, 357, 369, 373, 387, 389, 426, 468, 473, 477, 478]","[4.827838812710351, 15.33947692895842, 5.591237357410443, 2.459867403653099, 6.54705908179896, 4.567624008355658, 7.022760972730953, 4.769233802336779, 2.94418162101573, 6.653286338280054, 4.331994893798173, 3.499194458494555, 3.716032456110102, 2.813443938007131, 8.372520787751442, 7.235367287257077, 4.325910710353609, 4.598585431189511, 8.336923393249338, 4.466343682840129, 6.368822823491291, 4.286850647198564, 7.87204490370601, 11.24808426743036, 4.54840830052572, 17.29129927758455, 4.735180523503381, 5.88302571929393, 3.027957660762411, 4.870107656985635, 10.05296389438003, 4.96084249852779, 5.027977987858181, 2.772475429789361, 4.51779988374981, 5.180810053087858, 6.14217848953842, 4.366207165718851, 0.9255705479514847, 5.77408003604016, 6.664144073429021, 3.948591402703608, 8.493103766722108, 6.300697719630503, 6.62752001797441, 7.73651729255798, 0.6907091857121891]","[0.3250778709333811, 0.3804714135613663, 0.3110218673911078, 0.3171041394805214, 0.324818381828677, 0.3860402104846948, 0.8534172452597403, 0.3683498598263802, 0.3542637205722974, 0.3817009686441051, 0.3465652248503545, 0.3748219401779477, 0.2933423604281719, 0.3682153667414569, 0.3827519404612954, 0.3835352166080206, 0.3598776221275464, 0.3669479951927143, 0.424577036591877, 0.3558292572988055, 0.5080285864220099, 0.3695115224887978, 0.3870211970568603, 0.4077606063781379, 0.3611367830740993, 0.4695876363782491, 0.4298397028207677, 0.3863814883563935, 0.3479140700181132, 0.3938289149270188, 0.4258985070103902, 0.3648029337211296, 0.3989705982656121, 0.4120051054698955, 0.3660603918015264, 0.3615901495718773, 0.3952895906849096, 0.3845083990560773, 5.179491150807232, 0.3682611554314912, 0.3917852200335362, 0.4298232712963232, 0.4049690848152185, 0.38911415012834, 0.3909244946043308, 0.3958537892316184, 6.107568171810311]","[-4.502760941776971, -14.95900551539705, -5.280215490019335, -2.142763264172578, -6.222240699970284, -4.181583797870963, -6.169343727471213, -4.400883942510399, -2.589917900443433, -6.271585369635949, -3.985429668947819, -3.124372518316608, -3.42269009568193, -2.445228571265674, -7.989768847290147, -6.851832070649056, -3.966033088226063, -4.231637435996796, -7.91234635665746, -4.110514425541323, -5.860794237069281, -3.917339124709767, -7.48502370664915, -10.84032366105223, -4.187271517451621, -16.8217116412063, -4.305340820682613, -5.496644230937537, -2.680043590744298, -4.476278742058616, -9.627065387369644, -4.59603956480666, -4.629007389592569, -2.360470324319465, -4.151739491948284, -4.819219903515981, -5.74688889885351, -3.981698766662774, 4.253920602855747, -5.405818880608669, -6.272358853395485, -3.518768131407285, -8.088134681906888, -5.911583569502163, -6.236595523370079, -7.340663503326361, 5.416858986098123]","[0.9878749946291778, 0.9997578696804336, 0.9772071954911388, 0.9003616634052157, 0.980182295865513, 0.9633479438866271, 0.9321097165816139, 0.9695103168298859, 0.9092796641397443, 0.9775869863749447, 0.9657496933060266, 0.950654265731284, 0.9700434315573195, 0.9011767579414239, 0.9820936970843349, 0.9938126898718609, 0.9646325798510359, 0.9676943792082922, 0.9773080316294318, 0.9679212805707065, 0.9629932128941049, 0.9632803780841583, 0.9941377436005367, 0.9966518062748271, 0.9673223867372739, 0.9980790613464857, 0.9777505532395218, 0.9734076062182643, 0.901186491180328, 0.9664564185961372, 0.9833702563918686, 0.9716681094097689, 0.9668794338707445, 0.922154711576705, 0.9659936753491217, 0.9747479222777593, 0.9905597509907772, 0.9622491104249721, 0.04888856601420098, 0.9760122896699114, 0.9773979195187201, 0.9466414973376985, 0.9845336177208517, 0.9827230059092195, 0.9777861714740014, 0.9798730635350906, 0.02221320606447481]","[0.007371329807933456, 4.670713825261187e-05, 0.01601991049391417, 0.07680785314739699, 0.01379824227505093, 0.02493774573226633, 0.04042852564402735, 0.02080434573137853, 0.06952045224900802, 0.01507819612936441, 0.02391433697562544, 0.03429000077487641, 0.02116887496050541, 0.07585859810997228, 0.01203514930405689, 0.003234513699068655, 0.02445690427913315, 0.02213265632148644, 0.0148067426776257, 0.02213184038211912, 0.02643146319649414, 0.02525664610682287, 0.003054653311929021, 0.001636285243847484, 0.02249941629357652, 0.0007369440366737696, 0.01158749606172284, 0.01795143058169253, 0.07630720338456758, 0.02257225794533017, 0.01073682911235808, 0.01934226809095004, 0.02221583811028244, 0.05490896045738886, 0.0233891262953024, 0.01716577940307576, 0.004879498226222945, 0.02571579726731507, 0.9027044293750803, 0.0163062411478048, 0.0150779055642679, 0.03608523382694267, 0.01003849895628018, 0.0111401131176746, 0.01481594945870028, 0.01337060751176584, 0.9486632845355952]","[0.01556488391600496, 9.790173807389635e-05, 0.03412405494489722, 0.174381489473308, 0.02932546126697648, 0.05360579062892887, 0.08830746801448629, 0.04453192233770936, 0.1566003091321101, 0.03208739749337877, 0.05135198889800652, 0.07442307749295869, 0.04532907585584867, 0.1720494320514834, 0.02553270612316033, 0.006801471162308195, 0.0525462686881069, 0.04743953849049879, 0.03150104463886835, 0.04743775000881329, 0.05690383460168147, 0.05430905604322599, 0.00642210548199632, 0.003435239996388588, 0.0482437528451973, 0.00154575811670619, 0.02457187100528674, 0.03831359945844669, 0.1731509339488618, 0.04840354849663284, 0.02274841056519558, 0.0413406022984955, 0.04762188278221636, 0.1217745221555855, 0.05019717788277623, 0.03660750376158997, 0.01027747309851492, 0.05532242267747688, 19.44640659617643, 0.03474407891036158, 0.0320867696856315, 0.07846531969560996, 0.02125383627210444, 0.02361248519625256, 0.03152092644667156, 0.02840429072956255, 38.73208459789364]"
1,39-532,FUBAR,FMO1,FMO1_PAN_PANISCUS_ENSPPAT00000062723_ENSPPAP00000039811_CANONICAL,1e-06,"[20, 31, 32, 48, 59, 88, 97, 109, 117, 119, 130, 135, 140, 156, 166, 168, 176, 189, 190, 191, 204, 207, 210, 227, 228, 230, 245, 253, 263, 271, 280, 311, 312, 327, 337, 341, 348, 357, 369, 373, 387, 389, 426, 468, 473, 477, 478]","[4.827838812710351, 15.33947692895842, 5.591237357410443, 2.459867403653099, 6.54705908179896, 4.567624008355658, 7.022760972730953, 4.769233802336779, 2.94418162101573, 6.653286338280054, 4.331994893798173, 3.499194458494555, 3.716032456110102, 2.813443938007131, 8.372520787751442, 7.235367287257077, 4.325910710353609, 4.598585431189511, 8.336923393249338, 4.466343682840129, 6.368822823491291, 4.286850647198564, 7.87204490370601, 11.24808426743036, 4.54840830052572, 17.29129927758455, 4.735180523503381, 5.88302571929393, 3.027957660762411, 4.870107656985635, 10.05296389438003, 4.96084249852779, 5.027977987858181, 2.772475429789361, 4.51779988374981, 5.180810053087858, 6.14217848953842, 4.366207165718851, 0.9255705479514847, 5.77408003604016, 6.664144073429021, 3.948591402703608, 8.493103766722108, 6.300697719630503, 6.62752001797441, 7.73651729255798, 0.6907091857121891]","[0.3250778709333811, 0.3804714135613663, 0.3110218673911078, 0.3171041394805214, 0.324818381828677, 0.3860402104846948, 0.8534172452597403, 0.3683498598263802, 0.3542637205722974, 0.3817009686441051, 0.3465652248503545, 0.3748219401779477, 0.2933423604281719, 0.3682153667414569, 0.3827519404612954, 0.3835352166080206, 0.3598776221275464, 0.3669479951927143, 0.424577036591877, 0.3558292572988055, 0.5080285864220099, 0.3695115224887978, 0.3870211970568603, 0.4077606063781379, 0.3611367830740993, 0.4695876363782491, 0.4298397028207677, 0.3863814883563935, 0.3479140700181132, 0.3938289149270188, 0.4258985070103902, 0.3648029337211296, 0.3989705982656121, 0.4120051054698955, 0.3660603918015264, 0.3615901495718773, 0.3952895906849096, 0.3845083990560773, 5.179491150807232, 0.3682611554314912, 0.3917852200335362, 0.4298232712963232, 0.4049690848152185, 0.38911415012834, 0.3909244946043308, 0.3958537892316184, 6.107568171810311]","[-4.502760941776971, -14.95900551539705, -5.280215490019335, -2.142763264172578, -6.222240699970284, -4.181583797870963, -6.169343727471213, -4.400883942510399, -2.589917900443433, -6.271585369635949, -3.985429668947819, -3.124372518316608, -3.42269009568193, -2.445228571265674, -7.989768847290147, -6.851832070649056, -3.966033088226063, -4.231637435996796, -7.91234635665746, -4.110514425541323, -5.860794237069281, -3.917339124709767, -7.48502370664915, -10.84032366105223, -4.187271517451621, -16.8217116412063, -4.305340820682613, -5.496644230937537, -2.680043590744298, -4.476278742058616, -9.627065387369644, -4.59603956480666, -4.629007389592569, -2.360470324319465, -4.151739491948284, -4.819219903515981, -5.74688889885351, -3.981698766662774, 4.253920602855747, -5.405818880608669, -6.272358853395485, -3.518768131407285, -8.088134681906888, -5.911583569502163, -6.236595523370079, -7.340663503326361, 5.416858986098123]","[0.9878749946291778, 0.9997578696804336, 0.9772071954911388, 0.9003616634052157, 0.980182295865513, 0.9633479438866271, 0.9321097165816139, 0.9695103168298859, 0.9092796641397443, 0.9775869863749447, 0.9657496933060266, 0.950654265731284, 0.9700434315573195, 0.9011767579414239, 0.9820936970843349, 0.9938126898718609, 0.9646325798510359, 0.9676943792082922, 0.9773080316294318, 0.9679212805707065, 0.9629932128941049, 0.9632803780841583, 0.9941377436005367, 0.9966518062748271, 0.9673223867372739, 0.9980790613464857, 0.9777505532395218, 0.9734076062182643, 0.901186491180328, 0.9664564185961372, 0.9833702563918686, 0.9716681094097689, 0.9668794338707445, 0.922154711576705, 0.9659936753491217, 0.9747479222777593, 0.9905597509907772, 0.9622491104249721, 0.04888856601420098, 0.9760122896699114, 0.9773979195187201, 0.9466414973376985, 0.9845336177208517, 0.9827230059092195, 0.9777861714740014, 0.9798730635350906, 0.02221320606447481]","[0.007371329807933456, 4.670713825261187e-05, 0.01601991049391417, 0.07680785314739699, 0.01379824227505093, 0.02493774573226633, 0.04042852564402735, 0.02080434573137853, 0.06952045224900802, 0.01507819612936441, 0.02391433697562544, 0.03429000077487641, 0.02116887496050541, 0.07585859810997228, 0.01203514930405689, 0.003234513699068655, 0.02445690427913315, 0.02213265632148644, 0.0148067426776257, 0.02213184038211912, 0.02643146319649414, 0.02525664610682287, 0.003054653311929021, 0.001636285243847484, 0.02249941629357652, 0.0007369440366737696, 0.01158749606172284, 0.01795143058169253, 0.07630720338456758, 0.02257225794533017, 0.01073682911235808, 0.01934226809095004, 0.02221583811028244, 0.05490896045738886, 0.0233891262953024, 0.01716577940307576, 0.004879498226222945, 0.02571579726731507, 0.9027044293750803, 0.0163062411478048, 0.0150779055642679, 0.03608523382694267, 0.01003849895628018, 0.0111401131176746, 0.01481594945870028, 0.01337060751176584, 0.9486632845355952]","[0.01556488391600496, 9.790173807389635e-05, 0.03412405494489722, 0.174381489473308, 0.02932546126697648, 0.05360579062892887, 0.08830746801448629, 0.04453192233770936, 0.1566003091321101, 0.03208739749337877, 0.05135198889800652, 0.07442307749295869, 0.04532907585584867, 0.1720494320514834, 0.02553270612316033, 0.006801471162308195, 0.0525462686881069, 0.04743953849049879, 0.03150104463886835, 0.04743775000881329, 0.05690383460168147, 0.05430905604322599, 0.00642210548199632, 0.003435239996388588, 0.0482437528451973, 0.00154575811670619, 0.02457187100528674, 0.03831359945844669, 0.1731509339488618, 0.04840354849663284, 0.02274841056519558, 0.0413406022984955, 0.04762188278221636, 0.1217745221555855, 0.05019717788277623, 0.03660750376158997, 0.01027747309851492, 0.05532242267747688, 19.44640659617643, 0.03474407891036158, 0.0320867696856315, 0.07846531969560996, 0.02125383627210444, 0.02361248519625256, 0.03152092644667156, 0.02840429072956255, 38.73208459789364]"
1,39-532,FUBAR,FMO1,FMO1_PAN_PANISCUS_ENSPPAT00000062728_ENSPPAP00000039816_ALTERNATIVE,1e-06,"[20, 31, 32, 48, 59, 88, 97, 109, 117, 119, 130, 135, 140, 156, 166, 168, 176, 189, 190, 191, 204, 207, 210, 227, 228, 230, 245, 253, 263, 271, 280, 311, 312, 327, 337, 341, 348, 357, 369, 373, 387, 389, 426, 468, 473, 477, 478]","[4.827838812710351, 15.33947692895842, 5.591237357410443, 2.459867403653099, 6.54705908179896, 4.567624008355658, 7.022760972730953, 4.769233802336779, 2.94418162101573, 6.653286338280054, 4.331994893798173, 3.499194458494555, 3.716032456110102, 2.813443938007131, 8.372520787751442, 7.235367287257077, 4.325910710353609, 4.598585431189511, 8.336923393249338, 4.466343682840129, 6.368822823491291, 4.286850647198564, 7.87204490370601, 11.24808426743036, 4.54840830052572, 17.29129927758455, 4.735180523503381, 5.88302571929393, 3.027957660762411, 4.870107656985635, 10.05296389438003, 4.96084249852779, 5.027977987858181, 2.772475429789361, 4.51779988374981, 5.180810053087858, 6.14217848953842, 4.366207165718851, 0.9255705479514847, 5.77408003604016, 6.664144073429021, 3.948591402703608, 8.493103766722108, 6.300697719630503, 6.62752001797441, 7.73651729255798, 0.6907091857121891]","[0.3250778709333811, 0.3804714135613663, 0.3110218673911078, 0.3171041394805214, 0.324818381828677, 0.3860402104846948, 0.8534172452597403, 0.3683498598263802, 0.3542637205722974, 0.3817009686441051, 0.3465652248503545, 0.3748219401779477, 0.2933423604281719, 0.3682153667414569, 0.3827519404612954, 0.3835352166080206, 0.3598776221275464, 0.3669479951927143, 0.424577036591877, 0.3558292572988055, 0.5080285864220099, 0.3695115224887978, 0.3870211970568603, 0.4077606063781379, 0.3611367830740993, 0.4695876363782491, 0.4298397028207677, 0.3863814883563935, 0.3479140700181132, 0.3938289149270188, 0.4258985070103902, 0.3648029337211296, 0.3989705982656121, 0.4120051054698955, 0.3660603918015264, 0.3615901495718773, 0.3952895906849096, 0.3845083990560773, 5.179491150807232, 0.3682611554314912, 0.3917852200335362, 0.4298232712963232, 0.4049690848152185, 0.38911415012834, 0.3909244946043308, 0.3958537892316184, 6.107568171810311]","[-4.502760941776971, -14.95900551539705, -5.280215490019335, -2.142763264172578, -6.222240699970284, -4.181583797870963, -6.169343727471213, -4.400883942510399, -2.589917900443433, -6.271585369635949, -3.985429668947819, -3.124372518316608, -3.42269009568193, -2.445228571265674, -7.989768847290147, -6.851832070649056, -3.966033088226063, -4.231637435996796, -7.91234635665746, -4.110514425541323, -5.860794237069281, -3.917339124709767, -7.48502370664915, -10.84032366105223, -4.187271517451621, -16.8217116412063, -4.305340820682613, -5.496644230937537, -2.680043590744298, -4.476278742058616, -9.627065387369644, -4.59603956480666, -4.629007389592569, -2.360470324319465, -4.151739491948284, -4.819219903515981, -5.74688889885351, -3.981698766662774, 4.253920602855747, -5.405818880608669, -6.272358853395485, -3.518768131407285, -8.088134681906888, -5.911583569502163, -6.236595523370079, -7.340663503326361, 5.416858986098123]","[0.9878749946291778, 0.9997578696804336, 0.9772071954911388, 0.9003616634052157, 0.980182295865513, 0.9633479438866271, 0.9321097165816139, 0.9695103168298859, 0.9092796641397443, 0.9775869863749447, 0.9657496933060266, 0.950654265731284, 0.9700434315573195, 0.9011767579414239, 0.9820936970843349, 0.9938126898718609, 0.9646325798510359, 0.9676943792082922, 0.9773080316294318, 0.9679212805707065, 0.9629932128941049, 0.9632803780841583, 0.9941377436005367, 0.9966518062748271, 0.9673223867372739, 0.9980790613464857, 0.9777505532395218, 0.9734076062182643, 0.901186491180328, 0.9664564185961372, 0.9833702563918686, 0.9716681094097689, 0.9668794338707445, 0.922154711576705, 0.9659936753491217, 0.9747479222777593, 0.9905597509907772, 0.9622491104249721, 0.04888856601420098, 0.9760122896699114, 0.9773979195187201, 0.9466414973376985, 0.9845336177208517, 0.9827230059092195, 0.9777861714740014, 0.9798730635350906, 0.02221320606447481]","[0.007371329807933456, 4.670713825261187e-05, 0.01601991049391417, 0.07680785314739699, 0.01379824227505093, 0.02493774573226633, 0.04042852564402735, 0.02080434573137853, 0.06952045224900802, 0.01507819612936441, 0.02391433697562544, 0.03429000077487641, 0.02116887496050541, 0.07585859810997228, 0.01203514930405689, 0.003234513699068655, 0.02445690427913315, 0.02213265632148644, 0.0148067426776257, 0.02213184038211912, 0.02643146319649414, 0.02525664610682287, 0.003054653311929021, 0.001636285243847484, 0.02249941629357652, 0.0007369440366737696, 0.01158749606172284, 0.01795143058169253, 0.07630720338456758, 0.02257225794533017, 0.01073682911235808, 0.01934226809095004, 0.02221583811028244, 0.05490896045738886, 0.0233891262953024, 0.01716577940307576, 0.004879498226222945, 0.02571579726731507, 0.9027044293750803, 0.0163062411478048, 0.0150779055642679, 0.03608523382694267, 0.01003849895628018, 0.0111401131176746, 0.01481594945870028, 0.01337060751176584, 0.9486632845355952]","[0.01556488391600496, 9.790173807389635e-05, 0.03412405494489722, 0.174381489473308, 0.02932546126697648, 0.05360579062892887, 0.08830746801448629, 0.04453192233770936, 0.1566003091321101, 0.03208739749337877, 0.05135198889800652, 0.07442307749295869, 0.04532907585584867, 0.1720494320514834, 0.02553270612316033, 0.006801471162308195, 0.0525462686881069, 0.04743953849049879, 0.03150104463886835, 0.04743775000881329, 0.05690383460168147, 0.05430905604322599, 0.00642210548199632, 0.003435239996388588, 0.0482437528451973, 0.00154575811670619, 0.02457187100528674, 0.03831359945844669, 0.1731509339488618, 0.04840354849663284, 0.02274841056519558, 0.0413406022984955, 0.04762188278221636, 0.1217745221555855, 0.05019717788277623, 0.03660750376158997, 0.01027747309851492, 0.05532242267747688, 19.44640659617643, 0.03474407891036158, 0.0320867696856315, 0.07846531969560996, 0.02125383627210444, 0.02361248519625256, 0.03152092644667156, 0.02840429072956255, 38.73208459789364]"
1,39-532,FUBAR,FMO1,FMO1_PAN_PANISCUS_ENSPPAT00000062732_ENSPPAP00000039820_ALTERNATIVE,1e-06,"[20, 31, 32, 48, 59, 88, 97, 109, 117, 119, 130, 135, 140, 156, 166, 168, 176, 189, 190, 191, 204, 207, 210, 227, 228, 230, 245, 253, 263, 271, 280, 311, 312, 327, 337, 341, 348, 357, 369, 373, 387, 389, 426, 468, 473, 477, 478]","[4.827838812710351, 15.33947692895842, 5.591237357410443, 2.459867403653099, 6.54705908179896, 4.567624008355658, 7.022760972730953, 4.769233802336779, 2.94418162101573, 6.653286338280054, 4.331994893798173, 3.499194458494555, 3.716032456110102, 2.813443938007131, 8.372520787751442, 7.235367287257077, 4.325910710353609, 4.598585431189511, 8.336923393249338, 4.466343682840129, 6.368822823491291, 4.286850647198564, 7.87204490370601, 11.24808426743036, 4.54840830052572, 17.29129927758455, 4.735180523503381, 5.88302571929393, 3.027957660762411, 4.870107656985635, 10.05296389438003, 4.96084249852779, 5.027977987858181, 2.772475429789361, 4.51779988374981, 5.180810053087858, 6.14217848953842, 4.366207165718851, 0.9255705479514847, 5.77408003604016, 6.664144073429021, 3.948591402703608, 8.493103766722108, 6.300697719630503, 6.62752001797441, 7.73651729255798, 0.6907091857121891]","[0.3250778709333811, 0.3804714135613663, 0.3110218673911078, 0.3171041394805214, 0.324818381828677, 0.3860402104846948, 0.8534172452597403, 0.3683498598263802, 0.3542637205722974, 0.3817009686441051, 0.3465652248503545, 0.3748219401779477, 0.2933423604281719, 0.3682153667414569, 0.3827519404612954, 0.3835352166080206, 0.3598776221275464, 0.3669479951927143, 0.424577036591877, 0.3558292572988055, 0.5080285864220099, 0.3695115224887978, 0.3870211970568603, 0.4077606063781379, 0.3611367830740993, 0.4695876363782491, 0.4298397028207677, 0.3863814883563935, 0.3479140700181132, 0.3938289149270188, 0.4258985070103902, 0.3648029337211296, 0.3989705982656121, 0.4120051054698955, 0.3660603918015264, 0.3615901495718773, 0.3952895906849096, 0.3845083990560773, 5.179491150807232, 0.3682611554314912, 0.3917852200335362, 0.4298232712963232, 0.4049690848152185, 0.38911415012834, 0.3909244946043308, 0.3958537892316184, 6.107568171810311]","[-4.502760941776971, -14.95900551539705, -5.280215490019335, -2.142763264172578, -6.222240699970284, -4.181583797870963, -6.169343727471213, -4.400883942510399, -2.589917900443433, -6.271585369635949, -3.985429668947819, -3.124372518316608, -3.42269009568193, -2.445228571265674, -7.989768847290147, -6.851832070649056, -3.966033088226063, -4.231637435996796, -7.91234635665746, -4.110514425541323, -5.860794237069281, -3.917339124709767, -7.48502370664915, -10.84032366105223, -4.187271517451621, -16.8217116412063, -4.305340820682613, -5.496644230937537, -2.680043590744298, -4.476278742058616, -9.627065387369644, -4.59603956480666, -4.629007389592569, -2.360470324319465, -4.151739491948284, -4.819219903515981, -5.74688889885351, -3.981698766662774, 4.253920602855747, -5.405818880608669, -6.272358853395485, -3.518768131407285, -8.088134681906888, -5.911583569502163, -6.236595523370079, -7.340663503326361, 5.416858986098123]","[0.9878749946291778, 0.9997578696804336, 0.9772071954911388, 0.9003616634052157, 0.980182295865513, 0.9633479438866271, 0.9321097165816139, 0.9695103168298859, 0.9092796641397443, 0.9775869863749447, 0.9657496933060266, 0.950654265731284, 0.9700434315573195, 0.9011767579414239, 0.9820936970843349, 0.9938126898718609, 0.9646325798510359, 0.9676943792082922, 0.9773080316294318, 0.9679212805707065, 0.9629932128941049, 0.9632803780841583, 0.9941377436005367, 0.9966518062748271, 0.9673223867372739, 0.9980790613464857, 0.9777505532395218, 0.9734076062182643, 0.901186491180328, 0.9664564185961372, 0.9833702563918686, 0.9716681094097689, 0.9668794338707445, 0.922154711576705, 0.9659936753491217, 0.9747479222777593, 0.9905597509907772, 0.9622491104249721, 0.04888856601420098, 0.9760122896699114, 0.9773979195187201, 0.9466414973376985, 0.9845336177208517, 0.9827230059092195, 0.9777861714740014, 0.9798730635350906, 0.02221320606447481]","[0.007371329807933456, 4.670713825261187e-05, 0.01601991049391417, 0.07680785314739699, 0.01379824227505093, 0.02493774573226633, 0.04042852564402735, 0.02080434573137853, 0.06952045224900802, 0.01507819612936441, 0.02391433697562544, 0.03429000077487641, 0.02116887496050541, 0.07585859810997228, 0.01203514930405689, 0.003234513699068655, 0.02445690427913315, 0.02213265632148644, 0.0148067426776257, 0.02213184038211912, 0.02643146319649414, 0.02525664610682287, 0.003054653311929021, 0.001636285243847484, 0.02249941629357652, 0.0007369440366737696, 0.01158749606172284, 0.01795143058169253, 0.07630720338456758, 0.02257225794533017, 0.01073682911235808, 0.01934226809095004, 0.02221583811028244, 0.05490896045738886, 0.0233891262953024, 0.01716577940307576, 0.004879498226222945, 0.02571579726731507, 0.9027044293750803, 0.0163062411478048, 0.0150779055642679, 0.03608523382694267, 0.01003849895628018, 0.0111401131176746, 0.01481594945870028, 0.01337060751176584, 0.9486632845355952]","[0.01556488391600496, 9.790173807389635e-05, 0.03412405494489722, 0.174381489473308, 0.02932546126697648, 0.05360579062892887, 0.08830746801448629, 0.04453192233770936, 0.1566003091321101, 0.03208739749337877, 0.05135198889800652, 0.07442307749295869, 0.04532907585584867, 0.1720494320514834, 0.02553270612316033, 0.006801471162308195, 0.0525462686881069, 0.04743953849049879, 0.03150104463886835, 0.04743775000881329, 0.05690383460168147, 0.05430905604322599, 0.00642210548199632, 0.003435239996388588, 0.0482437528451973, 0.00154575811670619, 0.02457187100528674, 0.03831359945844669, 0.1731509339488618, 0.04840354849663284, 0.02274841056519558, 0.0413406022984955, 0.04762188278221636, 0.1217745221555855, 0.05019717788277623, 0.03660750376158997, 0.01027747309851492, 0.05532242267747688, 19.44640659617643, 0.03474407891036158, 0.0320867696856315, 0.07846531969560996, 0.02125383627210444, 0.02361248519625256, 0.03152092644667156, 0.02840429072956255, 38.73208459789364]"
1,39-532,FUBAR,FMO1,FMO1_PAN_PANISCUS_ENSPPAT00000062734_ENSPPAP00000039822_ALTERNATIVE,1e-06,"[20, 31, 32, 48, 59, 88, 97, 109, 117, 119, 130, 135, 140, 156, 166, 168, 176, 189, 190, 191, 204, 207, 210, 227, 228, 230, 245, 253, 263, 271, 280, 311, 312, 327, 337, 341, 348, 357, 369, 373, 387, 389, 426, 468, 473, 477, 478]","[4.827838812710351, 15.33947692895842, 5.591237357410443, 2.459867403653099, 6.54705908179896, 4.567624008355658, 7.022760972730953, 4.769233802336779, 2.94418162101573, 6.653286338280054, 4.331994893798173, 3.499194458494555, 3.716032456110102, 2.813443938007131, 8.372520787751442, 7.235367287257077, 4.325910710353609, 4.598585431189511, 8.336923393249338, 4.466343682840129, 6.368822823491291, 4.286850647198564, 7.87204490370601, 11.24808426743036, 4.54840830052572, 17.29129927758455, 4.735180523503381, 5.88302571929393, 3.027957660762411, 4.870107656985635, 10.05296389438003, 4.96084249852779, 5.027977987858181, 2.772475429789361, 4.51779988374981, 5.180810053087858, 6.14217848953842, 4.366207165718851, 0.9255705479514847, 5.77408003604016, 6.664144073429021, 3.948591402703608, 8.493103766722108, 6.300697719630503, 6.62752001797441, 7.73651729255798, 0.6907091857121891]","[0.3250778709333811, 0.3804714135613663, 0.3110218673911078, 0.3171041394805214, 0.324818381828677, 0.3860402104846948, 0.8534172452597403, 0.3683498598263802, 0.3542637205722974, 0.3817009686441051, 0.3465652248503545, 0.3748219401779477, 0.2933423604281719, 0.3682153667414569, 0.3827519404612954, 0.3835352166080206, 0.3598776221275464, 0.3669479951927143, 0.424577036591877, 0.3558292572988055, 0.5080285864220099, 0.3695115224887978, 0.3870211970568603, 0.4077606063781379, 0.3611367830740993, 0.4695876363782491, 0.4298397028207677, 0.3863814883563935, 0.3479140700181132, 0.3938289149270188, 0.4258985070103902, 0.3648029337211296, 0.3989705982656121, 0.4120051054698955, 0.3660603918015264, 0.3615901495718773, 0.3952895906849096, 0.3845083990560773, 5.179491150807232, 0.3682611554314912, 0.3917852200335362, 0.4298232712963232, 0.4049690848152185, 0.38911415012834, 0.3909244946043308, 0.3958537892316184, 6.107568171810311]","[-4.502760941776971, -14.95900551539705, -5.280215490019335, -2.142763264172578, -6.222240699970284, -4.181583797870963, -6.169343727471213, -4.400883942510399, -2.589917900443433, -6.271585369635949, -3.985429668947819, -3.124372518316608, -3.42269009568193, -2.445228571265674, -7.989768847290147, -6.851832070649056, -3.966033088226063, -4.231637435996796, -7.91234635665746, -4.110514425541323, -5.860794237069281, -3.917339124709767, -7.48502370664915, -10.84032366105223, -4.187271517451621, -16.8217116412063, -4.305340820682613, -5.496644230937537, -2.680043590744298, -4.476278742058616, -9.627065387369644, -4.59603956480666, -4.629007389592569, -2.360470324319465, -4.151739491948284, -4.819219903515981, -5.74688889885351, -3.981698766662774, 4.253920602855747, -5.405818880608669, -6.272358853395485, -3.518768131407285, -8.088134681906888, -5.911583569502163, -6.236595523370079, -7.340663503326361, 5.416858986098123]","[0.9878749946291778, 0.9997578696804336, 0.9772071954911388, 0.9003616634052157, 0.980182295865513, 0.9633479438866271, 0.9321097165816139, 0.9695103168298859, 0.9092796641397443, 0.9775869863749447, 0.9657496933060266, 0.950654265731284, 0.9700434315573195, 0.9011767579414239, 0.9820936970843349, 0.9938126898718609, 0.9646325798510359, 0.9676943792082922, 0.9773080316294318, 0.9679212805707065, 0.9629932128941049, 0.9632803780841583, 0.9941377436005367, 0.9966518062748271, 0.9673223867372739, 0.9980790613464857, 0.9777505532395218, 0.9734076062182643, 0.901186491180328, 0.9664564185961372, 0.9833702563918686, 0.9716681094097689, 0.9668794338707445, 0.922154711576705, 0.9659936753491217, 0.9747479222777593, 0.9905597509907772, 0.9622491104249721, 0.04888856601420098, 0.9760122896699114, 0.9773979195187201, 0.9466414973376985, 0.9845336177208517, 0.9827230059092195, 0.9777861714740014, 0.9798730635350906, 0.02221320606447481]","[0.007371329807933456, 4.670713825261187e-05, 0.01601991049391417, 0.07680785314739699, 0.01379824227505093, 0.02493774573226633, 0.04042852564402735, 0.02080434573137853, 0.06952045224900802, 0.01507819612936441, 0.02391433697562544, 0.03429000077487641, 0.02116887496050541, 0.07585859810997228, 0.01203514930405689, 0.003234513699068655, 0.02445690427913315, 0.02213265632148644, 0.0148067426776257, 0.02213184038211912, 0.02643146319649414, 0.02525664610682287, 0.003054653311929021, 0.001636285243847484, 0.02249941629357652, 0.0007369440366737696, 0.01158749606172284, 0.01795143058169253, 0.07630720338456758, 0.02257225794533017, 0.01073682911235808, 0.01934226809095004, 0.02221583811028244, 0.05490896045738886, 0.0233891262953024, 0.01716577940307576, 0.004879498226222945, 0.02571579726731507, 0.9027044293750803, 0.0163062411478048, 0.0150779055642679, 0.03608523382694267, 0.01003849895628018, 0.0111401131176746, 0.01481594945870028, 0.01337060751176584, 0.9486632845355952]","[0.01556488391600496, 9.790173807389635e-05, 0.03412405494489722, 0.174381489473308, 0.02932546126697648, 0.05360579062892887, 0.08830746801448629, 0.04453192233770936, 0.1566003091321101, 0.03208739749337877, 0.05135198889800652, 0.07442307749295869, 0.04532907585584867, 0.1720494320514834, 0.02553270612316033, 0.006801471162308195, 0.0525462686881069, 0.04743953849049879, 0.03150104463886835, 0.04743775000881329, 0.05690383460168147, 0.05430905604322599, 0.00642210548199632, 0.003435239996388588, 0.0482437528451973, 0.00154575811670619, 0.02457187100528674, 0.03831359945844669, 0.1731509339488618, 0.04840354849663284, 0.02274841056519558, 0.0413406022984955, 0.04762188278221636, 0.1217745221555855, 0.05019717788277623, 0.03660750376158997, 0.01027747309851492, 0.05532242267747688, 19.44640659617643, 0.03474407891036158, 0.0320867696856315, 0.07846531969560996, 0.02125383627210444, 0.02361248519625256, 0.03152092644667156, 0.02840429072956255, 38.73208459789364]"
1,39-532,FUBAR,FMO1,FMO1_PAN_TROGLODYTES_ENSPTRT00000003032_ENSPTRP00000002784_CANONICAL,1e-06,"[20, 31, 32, 48, 59, 88, 97, 109, 117, 119, 130, 135, 140, 156, 166, 168, 176, 189, 190, 191, 204, 207, 210, 227, 228, 230, 245, 253, 263, 271, 280, 311, 312, 327, 337, 341, 348, 357, 369, 373, 387, 389, 426, 468, 473, 477, 478]","[4.827838812710351, 15.33947692895842, 5.591237357410443, 2.459867403653099, 6.54705908179896, 4.567624008355658, 7.022760972730953, 4.769233802336779, 2.94418162101573, 6.653286338280054, 4.331994893798173, 3.499194458494555, 3.716032456110102, 2.813443938007131, 8.372520787751442, 7.235367287257077, 4.325910710353609, 4.598585431189511, 8.336923393249338, 4.466343682840129, 6.368822823491291, 4.286850647198564, 7.87204490370601, 11.24808426743036, 4.54840830052572, 17.29129927758455, 4.735180523503381, 5.88302571929393, 3.027957660762411, 4.870107656985635, 10.05296389438003, 4.96084249852779, 5.027977987858181, 2.772475429789361, 4.51779988374981, 5.180810053087858, 6.14217848953842, 4.366207165718851, 0.9255705479514847, 5.77408003604016, 6.664144073429021, 3.948591402703608, 8.493103766722108, 6.300697719630503, 6.62752001797441, 7.73651729255798, 0.6907091857121891]","[0.3250778709333811, 0.3804714135613663, 0.3110218673911078, 0.3171041394805214, 0.324818381828677, 0.3860402104846948, 0.8534172452597403, 0.3683498598263802, 0.3542637205722974, 0.3817009686441051, 0.3465652248503545, 0.3748219401779477, 0.2933423604281719, 0.3682153667414569, 0.3827519404612954, 0.3835352166080206, 0.3598776221275464, 0.3669479951927143, 0.424577036591877, 0.3558292572988055, 0.5080285864220099, 0.3695115224887978, 0.3870211970568603, 0.4077606063781379, 0.3611367830740993, 0.4695876363782491, 0.4298397028207677, 0.3863814883563935, 0.3479140700181132, 0.3938289149270188, 0.4258985070103902, 0.3648029337211296, 0.3989705982656121, 0.4120051054698955, 0.3660603918015264, 0.3615901495718773, 0.3952895906849096, 0.3845083990560773, 5.179491150807232, 0.3682611554314912, 0.3917852200335362, 0.4298232712963232, 0.4049690848152185, 0.38911415012834, 0.3909244946043308, 0.3958537892316184, 6.107568171810311]","[-4.502760941776971, -14.95900551539705, -5.280215490019335, -2.142763264172578, -6.222240699970284, -4.181583797870963, -6.169343727471213, -4.400883942510399, -2.589917900443433, -6.271585369635949, -3.985429668947819, -3.124372518316608, -3.42269009568193, -2.445228571265674, -7.989768847290147, -6.851832070649056, -3.966033088226063, -4.231637435996796, -7.91234635665746, -4.110514425541323, -5.860794237069281, -3.917339124709767, -7.48502370664915, -10.84032366105223, -4.187271517451621, -16.8217116412063, -4.305340820682613, -5.496644230937537, -2.680043590744298, -4.476278742058616, -9.627065387369644, -4.59603956480666, -4.629007389592569, -2.360470324319465, -4.151739491948284, -4.819219903515981, -5.74688889885351, -3.981698766662774, 4.253920602855747, -5.405818880608669, -6.272358853395485, -3.518768131407285, -8.088134681906888, -5.911583569502163, -6.236595523370079, -7.340663503326361, 5.416858986098123]","[0.9878749946291778, 0.9997578696804336, 0.9772071954911388, 0.9003616634052157, 0.980182295865513, 0.9633479438866271, 0.9321097165816139, 0.9695103168298859, 0.9092796641397443, 0.9775869863749447, 0.9657496933060266, 0.950654265731284, 0.9700434315573195, 0.9011767579414239, 0.9820936970843349, 0.9938126898718609, 0.9646325798510359, 0.9676943792082922, 0.9773080316294318, 0.9679212805707065, 0.9629932128941049, 0.9632803780841583, 0.9941377436005367, 0.9966518062748271, 0.9673223867372739, 0.9980790613464857, 0.9777505532395218, 0.9734076062182643, 0.901186491180328, 0.9664564185961372, 0.9833702563918686, 0.9716681094097689, 0.9668794338707445, 0.922154711576705, 0.9659936753491217, 0.9747479222777593, 0.9905597509907772, 0.9622491104249721, 0.04888856601420098, 0.9760122896699114, 0.9773979195187201, 0.9466414973376985, 0.9845336177208517, 0.9827230059092195, 0.9777861714740014, 0.9798730635350906, 0.02221320606447481]","[0.007371329807933456, 4.670713825261187e-05, 0.01601991049391417, 0.07680785314739699, 0.01379824227505093, 0.02493774573226633, 0.04042852564402735, 0.02080434573137853, 0.06952045224900802, 0.01507819612936441, 0.02391433697562544, 0.03429000077487641, 0.02116887496050541, 0.07585859810997228, 0.01203514930405689, 0.003234513699068655, 0.02445690427913315, 0.02213265632148644, 0.0148067426776257, 0.02213184038211912, 0.02643146319649414, 0.02525664610682287, 0.003054653311929021, 0.001636285243847484, 0.02249941629357652, 0.0007369440366737696, 0.01158749606172284, 0.01795143058169253, 0.07630720338456758, 0.02257225794533017, 0.01073682911235808, 0.01934226809095004, 0.02221583811028244, 0.05490896045738886, 0.0233891262953024, 0.01716577940307576, 0.004879498226222945, 0.02571579726731507, 0.9027044293750803, 0.0163062411478048, 0.0150779055642679, 0.03608523382694267, 0.01003849895628018, 0.0111401131176746, 0.01481594945870028, 0.01337060751176584, 0.9486632845355952]","[0.01556488391600496, 9.790173807389635e-05, 0.03412405494489722, 0.174381489473308, 0.02932546126697648, 0.05360579062892887, 0.08830746801448629, 0.04453192233770936, 0.1566003091321101, 0.03208739749337877, 0.05135198889800652, 0.07442307749295869, 0.04532907585584867, 0.1720494320514834, 0.02553270612316033, 0.006801471162308195, 0.0525462686881069, 0.04743953849049879, 0.03150104463886835, 0.04743775000881329, 0.05690383460168147, 0.05430905604322599, 0.00642210548199632, 0.003435239996388588, 0.0482437528451973, 0.00154575811670619, 0.02457187100528674, 0.03831359945844669, 0.1731509339488618, 0.04840354849663284, 0.02274841056519558, 0.0413406022984955, 0.04762188278221636, 0.1217745221555855, 0.05019717788277623, 0.03660750376158997, 0.01027747309851492, 0.05532242267747688, 19.44640659617643, 0.03474407891036158, 0.0320867696856315, 0.07846531969560996, 0.02125383627210444, 0.02361248519625256, 0.03152092644667156, 0.02840429072956255, 38.73208459789364]"
1,39-532,FUBAR,FMO1,FMO1_PAN_TROGLODYTES_ENSPTRT00000092692_ENSPTRP00000069506_ALTERNATIVE,1e-06,"[20, 31, 32, 48, 59, 88, 97, 109, 117, 119, 130, 135, 140, 156, 166, 168, 176, 189, 190, 191, 204, 207, 210, 227, 228, 230, 245, 253, 263, 271, 280, 311, 312, 327, 337, 341, 348, 357, 369, 373, 387, 389, 426, 468, 473, 477, 478]","[4.827838812710351, 15.33947692895842, 5.591237357410443, 2.459867403653099, 6.54705908179896, 4.567624008355658, 7.022760972730953, 4.769233802336779, 2.94418162101573, 6.653286338280054, 4.331994893798173, 3.499194458494555, 3.716032456110102, 2.813443938007131, 8.372520787751442, 7.235367287257077, 4.325910710353609, 4.598585431189511, 8.336923393249338, 4.466343682840129, 6.368822823491291, 4.286850647198564, 7.87204490370601, 11.24808426743036, 4.54840830052572, 17.29129927758455, 4.735180523503381, 5.88302571929393, 3.027957660762411, 4.870107656985635, 10.05296389438003, 4.96084249852779, 5.027977987858181, 2.772475429789361, 4.51779988374981, 5.180810053087858, 6.14217848953842, 4.366207165718851, 0.9255705479514847, 5.77408003604016, 6.664144073429021, 3.948591402703608, 8.493103766722108, 6.300697719630503, 6.62752001797441, 7.73651729255798, 0.6907091857121891]","[0.3250778709333811, 0.3804714135613663, 0.3110218673911078, 0.3171041394805214, 0.324818381828677, 0.3860402104846948, 0.8534172452597403, 0.3683498598263802, 0.3542637205722974, 0.3817009686441051, 0.3465652248503545, 0.3748219401779477, 0.2933423604281719, 0.3682153667414569, 0.3827519404612954, 0.3835352166080206, 0.3598776221275464, 0.3669479951927143, 0.424577036591877, 0.3558292572988055, 0.5080285864220099, 0.3695115224887978, 0.3870211970568603, 0.4077606063781379, 0.3611367830740993, 0.4695876363782491, 0.4298397028207677, 0.3863814883563935, 0.3479140700181132, 0.3938289149270188, 0.4258985070103902, 0.3648029337211296, 0.3989705982656121, 0.4120051054698955, 0.3660603918015264, 0.3615901495718773, 0.3952895906849096, 0.3845083990560773, 5.179491150807232, 0.3682611554314912, 0.3917852200335362, 0.4298232712963232, 0.4049690848152185, 0.38911415012834, 0.3909244946043308, 0.3958537892316184, 6.107568171810311]","[-4.502760941776971, -14.95900551539705, -5.280215490019335, -2.142763264172578, -6.222240699970284, -4.181583797870963, -6.169343727471213, -4.400883942510399, -2.589917900443433, -6.271585369635949, -3.985429668947819, -3.124372518316608, -3.42269009568193, -2.445228571265674, -7.989768847290147, -6.851832070649056, -3.966033088226063, -4.231637435996796, -7.91234635665746, -4.110514425541323, -5.860794237069281, -3.917339124709767, -7.48502370664915, -10.84032366105223, -4.187271517451621, -16.8217116412063, -4.305340820682613, -5.496644230937537, -2.680043590744298, -4.476278742058616, -9.627065387369644, -4.59603956480666, -4.629007389592569, -2.360470324319465, -4.151739491948284, -4.819219903515981, -5.74688889885351, -3.981698766662774, 4.253920602855747, -5.405818880608669, -6.272358853395485, -3.518768131407285, -8.088134681906888, -5.911583569502163, -6.236595523370079, -7.340663503326361, 5.416858986098123]","[0.9878749946291778, 0.9997578696804336, 0.9772071954911388, 0.9003616634052157, 0.980182295865513, 0.9633479438866271, 0.9321097165816139, 0.9695103168298859, 0.9092796641397443, 0.9775869863749447, 0.9657496933060266, 0.950654265731284, 0.9700434315573195, 0.9011767579414239, 0.9820936970843349, 0.9938126898718609, 0.9646325798510359, 0.9676943792082922, 0.9773080316294318, 0.9679212805707065, 0.9629932128941049, 0.9632803780841583, 0.9941377436005367, 0.9966518062748271, 0.9673223867372739, 0.9980790613464857, 0.9777505532395218, 0.9734076062182643, 0.901186491180328, 0.9664564185961372, 0.9833702563918686, 0.9716681094097689, 0.9668794338707445, 0.922154711576705, 0.9659936753491217, 0.9747479222777593, 0.9905597509907772, 0.9622491104249721, 0.04888856601420098, 0.9760122896699114, 0.9773979195187201, 0.9466414973376985, 0.9845336177208517, 0.9827230059092195, 0.9777861714740014, 0.9798730635350906, 0.02221320606447481]","[0.007371329807933456, 4.670713825261187e-05, 0.01601991049391417, 0.07680785314739699, 0.01379824227505093, 0.02493774573226633, 0.04042852564402735, 0.02080434573137853, 0.06952045224900802, 0.01507819612936441, 0.02391433697562544, 0.03429000077487641, 0.02116887496050541, 0.07585859810997228, 0.01203514930405689, 0.003234513699068655, 0.02445690427913315, 0.02213265632148644, 0.0148067426776257, 0.02213184038211912, 0.02643146319649414, 0.02525664610682287, 0.003054653311929021, 0.001636285243847484, 0.02249941629357652, 0.0007369440366737696, 0.01158749606172284, 0.01795143058169253, 0.07630720338456758, 0.02257225794533017, 0.01073682911235808, 0.01934226809095004, 0.02221583811028244, 0.05490896045738886, 0.0233891262953024, 0.01716577940307576, 0.004879498226222945, 0.02571579726731507, 0.9027044293750803, 0.0163062411478048, 0.0150779055642679, 0.03608523382694267, 0.01003849895628018, 0.0111401131176746, 0.01481594945870028, 0.01337060751176584, 0.9486632845355952]","[0.01556488391600496, 9.790173807389635e-05, 0.03412405494489722, 0.174381489473308, 0.02932546126697648, 0.05360579062892887, 0.08830746801448629, 0.04453192233770936, 0.1566003091321101, 0.03208739749337877, 0.05135198889800652, 0.07442307749295869, 0.04532907585584867, 0.1720494320514834, 0.02553270612316033, 0.006801471162308195, 0.0525462686881069, 0.04743953849049879, 0.03150104463886835, 0.04743775000881329, 0.05690383460168147, 0.05430905604322599, 0.00642210548199632, 0.003435239996388588, 0.0482437528451973, 0.00154575811670619, 0.02457187100528674, 0.03831359945844669, 0.1731509339488618, 0.04840354849663284, 0.02274841056519558, 0.0413406022984955, 0.04762188278221636, 0.1217745221555855, 0.05019717788277623, 0.03660750376158997, 0.01027747309851492, 0.05532242267747688, 19.44640659617643, 0.03474407891036158, 0.0320867696856315, 0.07846531969560996, 0.02125383627210444, 0.02361248519625256, 0.03152092644667156, 0.02840429072956255, 38.73208459789364]"
1,39-532,FUBAR,FMO1,FMO1_PAN_TROGLODYTES_ENSPTRT00000109976_ENSPTRP00000076531_ALTERNATIVE,1e-06,"[20, 31, 32, 48, 59, 88, 97, 109, 117, 119, 130, 135, 140, 156, 166, 168, 176, 189, 190, 191, 204, 207, 210, 227, 228, 230, 245, 253, 263, 271, 280, 311, 312, 327, 337, 341, 348, 357, 369, 373, 387, 389, 426, 468, 473, 477, 478]","[4.827838812710351, 15.33947692895842, 5.591237357410443, 2.459867403653099, 6.54705908179896, 4.567624008355658, 7.022760972730953, 4.769233802336779, 2.94418162101573, 6.653286338280054, 4.331994893798173, 3.499194458494555, 3.716032456110102, 2.813443938007131, 8.372520787751442, 7.235367287257077, 4.325910710353609, 4.598585431189511, 8.336923393249338, 4.466343682840129, 6.368822823491291, 4.286850647198564, 7.87204490370601, 11.24808426743036, 4.54840830052572, 17.29129927758455, 4.735180523503381, 5.88302571929393, 3.027957660762411, 4.870107656985635, 10.05296389438003, 4.96084249852779, 5.027977987858181, 2.772475429789361, 4.51779988374981, 5.180810053087858, 6.14217848953842, 4.366207165718851, 0.9255705479514847, 5.77408003604016, 6.664144073429021, 3.948591402703608, 8.493103766722108, 6.300697719630503, 6.62752001797441, 7.73651729255798, 0.6907091857121891]","[0.3250778709333811, 0.3804714135613663, 0.3110218673911078, 0.3171041394805214, 0.324818381828677, 0.3860402104846948, 0.8534172452597403, 0.3683498598263802, 0.3542637205722974, 0.3817009686441051, 0.3465652248503545, 0.3748219401779477, 0.2933423604281719, 0.3682153667414569, 0.3827519404612954, 0.3835352166080206, 0.3598776221275464, 0.3669479951927143, 0.424577036591877, 0.3558292572988055, 0.5080285864220099, 0.3695115224887978, 0.3870211970568603, 0.4077606063781379, 0.3611367830740993, 0.4695876363782491, 0.4298397028207677, 0.3863814883563935, 0.3479140700181132, 0.3938289149270188, 0.4258985070103902, 0.3648029337211296, 0.3989705982656121, 0.4120051054698955, 0.3660603918015264, 0.3615901495718773, 0.3952895906849096, 0.3845083990560773, 5.179491150807232, 0.3682611554314912, 0.3917852200335362, 0.4298232712963232, 0.4049690848152185, 0.38911415012834, 0.3909244946043308, 0.3958537892316184, 6.107568171810311]","[-4.502760941776971, -14.95900551539705, -5.280215490019335, -2.142763264172578, -6.222240699970284, -4.181583797870963, -6.169343727471213, -4.400883942510399, -2.589917900443433, -6.271585369635949, -3.985429668947819, -3.124372518316608, -3.42269009568193, -2.445228571265674, -7.989768847290147, -6.851832070649056, -3.966033088226063, -4.231637435996796, -7.91234635665746, -4.110514425541323, -5.860794237069281, -3.917339124709767, -7.48502370664915, -10.84032366105223, -4.187271517451621, -16.8217116412063, -4.305340820682613, -5.496644230937537, -2.680043590744298, -4.476278742058616, -9.627065387369644, -4.59603956480666, -4.629007389592569, -2.360470324319465, -4.151739491948284, -4.819219903515981, -5.74688889885351, -3.981698766662774, 4.253920602855747, -5.405818880608669, -6.272358853395485, -3.518768131407285, -8.088134681906888, -5.911583569502163, -6.236595523370079, -7.340663503326361, 5.416858986098123]","[0.9878749946291778, 0.9997578696804336, 0.9772071954911388, 0.9003616634052157, 0.980182295865513, 0.9633479438866271, 0.9321097165816139, 0.9695103168298859, 0.9092796641397443, 0.9775869863749447, 0.9657496933060266, 0.950654265731284, 0.9700434315573195, 0.9011767579414239, 0.9820936970843349, 0.9938126898718609, 0.9646325798510359, 0.9676943792082922, 0.9773080316294318, 0.9679212805707065, 0.9629932128941049, 0.9632803780841583, 0.9941377436005367, 0.9966518062748271, 0.9673223867372739, 0.9980790613464857, 0.9777505532395218, 0.9734076062182643, 0.901186491180328, 0.9664564185961372, 0.9833702563918686, 0.9716681094097689, 0.9668794338707445, 0.922154711576705, 0.9659936753491217, 0.9747479222777593, 0.9905597509907772, 0.9622491104249721, 0.04888856601420098, 0.9760122896699114, 0.9773979195187201, 0.9466414973376985, 0.9845336177208517, 0.9827230059092195, 0.9777861714740014, 0.9798730635350906, 0.02221320606447481]","[0.007371329807933456, 4.670713825261187e-05, 0.01601991049391417, 0.07680785314739699, 0.01379824227505093, 0.02493774573226633, 0.04042852564402735, 0.02080434573137853, 0.06952045224900802, 0.01507819612936441, 0.02391433697562544, 0.03429000077487641, 0.02116887496050541, 0.07585859810997228, 0.01203514930405689, 0.003234513699068655, 0.02445690427913315, 0.02213265632148644, 0.0148067426776257, 0.02213184038211912, 0.02643146319649414, 0.02525664610682287, 0.003054653311929021, 0.001636285243847484, 0.02249941629357652, 0.0007369440366737696, 0.01158749606172284, 0.01795143058169253, 0.07630720338456758, 0.02257225794533017, 0.01073682911235808, 0.01934226809095004, 0.02221583811028244, 0.05490896045738886, 0.0233891262953024, 0.01716577940307576, 0.004879498226222945, 0.02571579726731507, 0.9027044293750803, 0.0163062411478048, 0.0150779055642679, 0.03608523382694267, 0.01003849895628018, 0.0111401131176746, 0.01481594945870028, 0.01337060751176584, 0.9486632845355952]","[0.01556488391600496, 9.790173807389635e-05, 0.03412405494489722, 0.174381489473308, 0.02932546126697648, 0.05360579062892887, 0.08830746801448629, 0.04453192233770936, 0.1566003091321101, 0.03208739749337877, 0.05135198889800652, 0.07442307749295869, 0.04532907585584867, 0.1720494320514834, 0.02553270612316033, 0.006801471162308195, 0.0525462686881069, 0.04743953849049879, 0.03150104463886835, 0.04743775000881329, 0.05690383460168147, 0.05430905604322599, 0.00642210548199632, 0.003435239996388588, 0.0482437528451973, 0.00154575811670619, 0.02457187100528674, 0.03831359945844669, 0.1731509339488618, 0.04840354849663284, 0.02274841056519558, 0.0413406022984955, 0.04762188278221636, 0.1217745221555855, 0.05019717788277623, 0.03660750376158997, 0.01027747309851492, 0.05532242267747688, 19.44640659617643, 0.03474407891036158, 0.0320867696856315, 0.07846531969560996, 0.02125383627210444, 0.02361248519625256, 0.03152092644667156, 0.02840429072956255, 38.73208459789364]"
1,39-532,FUBAR,FMO1,FMO1_PONGO_ABELII_ENSPPYT00000000621_ENSPPYP00000000596_CANONICAL,1e-06,"[20, 31, 32, 48, 59, 88, 97, 109, 117, 119, 130, 135, 140, 156, 166, 168, 176, 189, 190, 191, 204, 207, 210, 227, 228, 230, 245, 253, 263, 271, 280, 311, 312, 327, 337, 341, 348, 357, 369, 373, 387, 389, 426, 468, 473, 477, 478]","[4.827838812710351, 15.33947692895842, 5.591237357410443, 2.459867403653099, 6.54705908179896, 4.567624008355658, 7.022760972730953, 4.769233802336779, 2.94418162101573, 6.653286338280054, 4.331994893798173, 3.499194458494555, 3.716032456110102, 2.813443938007131, 8.372520787751442, 7.235367287257077, 4.325910710353609, 4.598585431189511, 8.336923393249338, 4.466343682840129, 6.368822823491291, 4.286850647198564, 7.87204490370601, 11.24808426743036, 4.54840830052572, 17.29129927758455, 4.735180523503381, 5.88302571929393, 3.027957660762411, 4.870107656985635, 10.05296389438003, 4.96084249852779, 5.027977987858181, 2.772475429789361, 4.51779988374981, 5.180810053087858, 6.14217848953842, 4.366207165718851, 0.9255705479514847, 5.77408003604016, 6.664144073429021, 3.948591402703608, 8.493103766722108, 6.300697719630503, 6.62752001797441, 7.73651729255798, 0.6907091857121891]","[0.3250778709333811, 0.3804714135613663, 0.3110218673911078, 0.3171041394805214, 0.324818381828677, 0.3860402104846948, 0.8534172452597403, 0.3683498598263802, 0.3542637205722974, 0.3817009686441051, 0.3465652248503545, 0.3748219401779477, 0.2933423604281719, 0.3682153667414569, 0.3827519404612954, 0.3835352166080206, 0.3598776221275464, 0.3669479951927143, 0.424577036591877, 0.3558292572988055, 0.5080285864220099, 0.3695115224887978, 0.3870211970568603, 0.4077606063781379, 0.3611367830740993, 0.4695876363782491, 0.4298397028207677, 0.3863814883563935, 0.3479140700181132, 0.3938289149270188, 0.4258985070103902, 0.3648029337211296, 0.3989705982656121, 0.4120051054698955, 0.3660603918015264, 0.3615901495718773, 0.3952895906849096, 0.3845083990560773, 5.179491150807232, 0.3682611554314912, 0.3917852200335362, 0.4298232712963232, 0.4049690848152185, 0.38911415012834, 0.3909244946043308, 0.3958537892316184, 6.107568171810311]","[-4.502760941776971, -14.95900551539705, -5.280215490019335, -2.142763264172578, -6.222240699970284, -4.181583797870963, -6.169343727471213, -4.400883942510399, -2.589917900443433, -6.271585369635949, -3.985429668947819, -3.124372518316608, -3.42269009568193, -2.445228571265674, -7.989768847290147, -6.851832070649056, -3.966033088226063, -4.231637435996796, -7.91234635665746, -4.110514425541323, -5.860794237069281, -3.917339124709767, -7.48502370664915, -10.84032366105223, -4.187271517451621, -16.8217116412063, -4.305340820682613, -5.496644230937537, -2.680043590744298, -4.476278742058616, -9.627065387369644, -4.59603956480666, -4.629007389592569, -2.360470324319465, -4.151739491948284, -4.819219903515981, -5.74688889885351, -3.981698766662774, 4.253920602855747, -5.405818880608669, -6.272358853395485, -3.518768131407285, -8.088134681906888, -5.911583569502163, -6.236595523370079, -7.340663503326361, 5.416858986098123]","[0.9878749946291778, 0.9997578696804336, 0.9772071954911388, 0.9003616634052157, 0.980182295865513, 0.9633479438866271, 0.9321097165816139, 0.9695103168298859, 0.9092796641397443, 0.9775869863749447, 0.9657496933060266, 0.950654265731284, 0.9700434315573195, 0.9011767579414239, 0.9820936970843349, 0.9938126898718609, 0.9646325798510359, 0.9676943792082922, 0.9773080316294318, 0.9679212805707065, 0.9629932128941049, 0.9632803780841583, 0.9941377436005367, 0.9966518062748271, 0.9673223867372739, 0.9980790613464857, 0.9777505532395218, 0.9734076062182643, 0.901186491180328, 0.9664564185961372, 0.9833702563918686, 0.9716681094097689, 0.9668794338707445, 0.922154711576705, 0.9659936753491217, 0.9747479222777593, 0.9905597509907772, 0.9622491104249721, 0.04888856601420098, 0.9760122896699114, 0.9773979195187201, 0.9466414973376985, 0.9845336177208517, 0.9827230059092195, 0.9777861714740014, 0.9798730635350906, 0.02221320606447481]","[0.007371329807933456, 4.670713825261187e-05, 0.01601991049391417, 0.07680785314739699, 0.01379824227505093, 0.02493774573226633, 0.04042852564402735, 0.02080434573137853, 0.06952045224900802, 0.01507819612936441, 0.02391433697562544, 0.03429000077487641, 0.02116887496050541, 0.07585859810997228, 0.01203514930405689, 0.003234513699068655, 0.02445690427913315, 0.02213265632148644, 0.0148067426776257, 0.02213184038211912, 0.02643146319649414, 0.02525664610682287, 0.003054653311929021, 0.001636285243847484, 0.02249941629357652, 0.0007369440366737696, 0.01158749606172284, 0.01795143058169253, 0.07630720338456758, 0.02257225794533017, 0.01073682911235808, 0.01934226809095004, 0.02221583811028244, 0.05490896045738886, 0.0233891262953024, 0.01716577940307576, 0.004879498226222945, 0.02571579726731507, 0.9027044293750803, 0.0163062411478048, 0.0150779055642679, 0.03608523382694267, 0.01003849895628018, 0.0111401131176746, 0.01481594945870028, 0.01337060751176584, 0.9486632845355952]","[0.01556488391600496, 9.790173807389635e-05, 0.03412405494489722, 0.174381489473308, 0.02932546126697648, 0.05360579062892887, 0.08830746801448629, 0.04453192233770936, 0.1566003091321101, 0.03208739749337877, 0.05135198889800652, 0.07442307749295869, 0.04532907585584867, 0.1720494320514834, 0.02553270612316033, 0.006801471162308195, 0.0525462686881069, 0.04743953849049879, 0.03150104463886835, 0.04743775000881329, 0.05690383460168147, 0.05430905604322599, 0.00642210548199632, 0.003435239996388588, 0.0482437528451973, 0.00154575811670619, 0.02457187100528674, 0.03831359945844669, 0.1731509339488618, 0.04840354849663284, 0.02274841056519558, 0.0413406022984955, 0.04762188278221636, 0.1217745221555855, 0.05019717788277623, 0.03660750376158997, 0.01027747309851492, 0.05532242267747688, 19.44640659617643, 0.03474407891036158, 0.0320867696856315, 0.07846531969560996, 0.02125383627210444, 0.02361248519625256, 0.03152092644667156, 0.02840429072956255, 38.73208459789364]"
1,39-532,FUBAR,FMO1,FMO1_PONGO_ABELII_ENSPPYT00000033489_ENSPPYP00000024227_ALTERNATIVE,1e-06,"[20, 31, 32, 48, 59, 88, 97, 109, 117, 119, 130, 135, 140, 156, 166, 168, 176, 189, 190, 191, 204, 207, 210, 227, 228, 230, 245, 253, 263, 271, 280, 311, 312, 327, 337, 341, 348, 357, 369, 373, 387, 389, 426, 468, 473, 477, 478]","[4.827838812710351, 15.33947692895842, 5.591237357410443, 2.459867403653099, 6.54705908179896, 4.567624008355658, 7.022760972730953, 4.769233802336779, 2.94418162101573, 6.653286338280054, 4.331994893798173, 3.499194458494555, 3.716032456110102, 2.813443938007131, 8.372520787751442, 7.235367287257077, 4.325910710353609, 4.598585431189511, 8.336923393249338, 4.466343682840129, 6.368822823491291, 4.286850647198564, 7.87204490370601, 11.24808426743036, 4.54840830052572, 17.29129927758455, 4.735180523503381, 5.88302571929393, 3.027957660762411, 4.870107656985635, 10.05296389438003, 4.96084249852779, 5.027977987858181, 2.772475429789361, 4.51779988374981, 5.180810053087858, 6.14217848953842, 4.366207165718851, 0.9255705479514847, 5.77408003604016, 6.664144073429021, 3.948591402703608, 8.493103766722108, 6.300697719630503, 6.62752001797441, 7.73651729255798, 0.6907091857121891]","[0.3250778709333811, 0.3804714135613663, 0.3110218673911078, 0.3171041394805214, 0.324818381828677, 0.3860402104846948, 0.8534172452597403, 0.3683498598263802, 0.3542637205722974, 0.3817009686441051, 0.3465652248503545, 0.3748219401779477, 0.2933423604281719, 0.3682153667414569, 0.3827519404612954, 0.3835352166080206, 0.3598776221275464, 0.3669479951927143, 0.424577036591877, 0.3558292572988055, 0.5080285864220099, 0.3695115224887978, 0.3870211970568603, 0.4077606063781379, 0.3611367830740993, 0.4695876363782491, 0.4298397028207677, 0.3863814883563935, 0.3479140700181132, 0.3938289149270188, 0.4258985070103902, 0.3648029337211296, 0.3989705982656121, 0.4120051054698955, 0.3660603918015264, 0.3615901495718773, 0.3952895906849096, 0.3845083990560773, 5.179491150807232, 0.3682611554314912, 0.3917852200335362, 0.4298232712963232, 0.4049690848152185, 0.38911415012834, 0.3909244946043308, 0.3958537892316184, 6.107568171810311]","[-4.502760941776971, -14.95900551539705, -5.280215490019335, -2.142763264172578, -6.222240699970284, -4.181583797870963, -6.169343727471213, -4.400883942510399, -2.589917900443433, -6.271585369635949, -3.985429668947819, -3.124372518316608, -3.42269009568193, -2.445228571265674, -7.989768847290147, -6.851832070649056, -3.966033088226063, -4.231637435996796, -7.91234635665746, -4.110514425541323, -5.860794237069281, -3.917339124709767, -7.48502370664915, -10.84032366105223, -4.187271517451621, -16.8217116412063, -4.305340820682613, -5.496644230937537, -2.680043590744298, -4.476278742058616, -9.627065387369644, -4.59603956480666, -4.629007389592569, -2.360470324319465, -4.151739491948284, -4.819219903515981, -5.74688889885351, -3.981698766662774, 4.253920602855747, -5.405818880608669, -6.272358853395485, -3.518768131407285, -8.088134681906888, -5.911583569502163, -6.236595523370079, -7.340663503326361, 5.416858986098123]","[0.9878749946291778, 0.9997578696804336, 0.9772071954911388, 0.9003616634052157, 0.980182295865513, 0.9633479438866271, 0.9321097165816139, 0.9695103168298859, 0.9092796641397443, 0.9775869863749447, 0.9657496933060266, 0.950654265731284, 0.9700434315573195, 0.9011767579414239, 0.9820936970843349, 0.9938126898718609, 0.9646325798510359, 0.9676943792082922, 0.9773080316294318, 0.9679212805707065, 0.9629932128941049, 0.9632803780841583, 0.9941377436005367, 0.9966518062748271, 0.9673223867372739, 0.9980790613464857, 0.9777505532395218, 0.9734076062182643, 0.901186491180328, 0.9664564185961372, 0.9833702563918686, 0.9716681094097689, 0.9668794338707445, 0.922154711576705, 0.9659936753491217, 0.9747479222777593, 0.9905597509907772, 0.9622491104249721, 0.04888856601420098, 0.9760122896699114, 0.9773979195187201, 0.9466414973376985, 0.9845336177208517, 0.9827230059092195, 0.9777861714740014, 0.9798730635350906, 0.02221320606447481]","[0.007371329807933456, 4.670713825261187e-05, 0.01601991049391417, 0.07680785314739699, 0.01379824227505093, 0.02493774573226633, 0.04042852564402735, 0.02080434573137853, 0.06952045224900802, 0.01507819612936441, 0.02391433697562544, 0.03429000077487641, 0.02116887496050541, 0.07585859810997228, 0.01203514930405689, 0.003234513699068655, 0.02445690427913315, 0.02213265632148644, 0.0148067426776257, 0.02213184038211912, 0.02643146319649414, 0.02525664610682287, 0.003054653311929021, 0.001636285243847484, 0.02249941629357652, 0.0007369440366737696, 0.01158749606172284, 0.01795143058169253, 0.07630720338456758, 0.02257225794533017, 0.01073682911235808, 0.01934226809095004, 0.02221583811028244, 0.05490896045738886, 0.0233891262953024, 0.01716577940307576, 0.004879498226222945, 0.02571579726731507, 0.9027044293750803, 0.0163062411478048, 0.0150779055642679, 0.03608523382694267, 0.01003849895628018, 0.0111401131176746, 0.01481594945870028, 0.01337060751176584, 0.9486632845355952]","[0.01556488391600496, 9.790173807389635e-05, 0.03412405494489722, 0.174381489473308, 0.02932546126697648, 0.05360579062892887, 0.08830746801448629, 0.04453192233770936, 0.1566003091321101, 0.03208739749337877, 0.05135198889800652, 0.07442307749295869, 0.04532907585584867, 0.1720494320514834, 0.02553270612316033, 0.006801471162308195, 0.0525462686881069, 0.04743953849049879, 0.03150104463886835, 0.04743775000881329, 0.05690383460168147, 0.05430905604322599, 0.00642210548199632, 0.003435239996388588, 0.0482437528451973, 0.00154575811670619, 0.02457187100528674, 0.03831359945844669, 0.1731509339488618, 0.04840354849663284, 0.02274841056519558, 0.0413406022984955, 0.04762188278221636, 0.1217745221555855, 0.05019717788277623, 0.03660750376158997, 0.01027747309851492, 0.05532242267747688, 19.44640659617643, 0.03474407891036158, 0.0320867696856315, 0.07846531969560996, 0.02125383627210444, 0.02361248519625256, 0.03152092644667156, 0.02840429072956255, 38.73208459789364]"
1,39-532,FUBAR,FMO1,FMO1_PROLEMUR_SIMUS_ENSPSMT00000042706_ENSPSMP00000037072_CANONICAL,1e-06,"[20, 31, 32, 48, 59, 88, 97, 109, 117, 119, 130, 135, 140, 156, 166, 168, 176, 189, 190, 191, 204, 207, 210, 227, 228, 230, 245, 253, 263, 271, 280, 311, 312, 327, 337, 341, 348, 357, 369, 373, 387, 389, 426, 468, 473, 477, 478]","[4.827838812710351, 15.33947692895842, 5.591237357410443, 2.459867403653099, 6.54705908179896, 4.567624008355658, 7.022760972730953, 4.769233802336779, 2.94418162101573, 6.653286338280054, 4.331994893798173, 3.499194458494555, 3.716032456110102, 2.813443938007131, 8.372520787751442, 7.235367287257077, 4.325910710353609, 4.598585431189511, 8.336923393249338, 4.466343682840129, 6.368822823491291, 4.286850647198564, 7.87204490370601, 11.24808426743036, 4.54840830052572, 17.29129927758455, 4.735180523503381, 5.88302571929393, 3.027957660762411, 4.870107656985635, 10.05296389438003, 4.96084249852779, 5.027977987858181, 2.772475429789361, 4.51779988374981, 5.180810053087858, 6.14217848953842, 4.366207165718851, 0.9255705479514847, 5.77408003604016, 6.664144073429021, 3.948591402703608, 8.493103766722108, 6.300697719630503, 6.62752001797441, 7.73651729255798, 0.6907091857121891]","[0.3250778709333811, 0.3804714135613663, 0.3110218673911078, 0.3171041394805214, 0.324818381828677, 0.3860402104846948, 0.8534172452597403, 0.3683498598263802, 0.3542637205722974, 0.3817009686441051, 0.3465652248503545, 0.3748219401779477, 0.2933423604281719, 0.3682153667414569, 0.3827519404612954, 0.3835352166080206, 0.3598776221275464, 0.3669479951927143, 0.424577036591877, 0.3558292572988055, 0.5080285864220099, 0.3695115224887978, 0.3870211970568603, 0.4077606063781379, 0.3611367830740993, 0.4695876363782491, 0.4298397028207677, 0.3863814883563935, 0.3479140700181132, 0.3938289149270188, 0.4258985070103902, 0.3648029337211296, 0.3989705982656121, 0.4120051054698955, 0.3660603918015264, 0.3615901495718773, 0.3952895906849096, 0.3845083990560773, 5.179491150807232, 0.3682611554314912, 0.3917852200335362, 0.4298232712963232, 0.4049690848152185, 0.38911415012834, 0.3909244946043308, 0.3958537892316184, 6.107568171810311]","[-4.502760941776971, -14.95900551539705, -5.280215490019335, -2.142763264172578, -6.222240699970284, -4.181583797870963, -6.169343727471213, -4.400883942510399, -2.589917900443433, -6.271585369635949, -3.985429668947819, -3.124372518316608, -3.42269009568193, -2.445228571265674, -7.989768847290147, -6.851832070649056, -3.966033088226063, -4.231637435996796, -7.91234635665746, -4.110514425541323, -5.860794237069281, -3.917339124709767, -7.48502370664915, -10.84032366105223, -4.187271517451621, -16.8217116412063, -4.305340820682613, -5.496644230937537, -2.680043590744298, -4.476278742058616, -9.627065387369644, -4.59603956480666, -4.629007389592569, -2.360470324319465, -4.151739491948284, -4.819219903515981, -5.74688889885351, -3.981698766662774, 4.253920602855747, -5.405818880608669, -6.272358853395485, -3.518768131407285, -8.088134681906888, -5.911583569502163, -6.236595523370079, -7.340663503326361, 5.416858986098123]","[0.9878749946291778, 0.9997578696804336, 0.9772071954911388, 0.9003616634052157, 0.980182295865513, 0.9633479438866271, 0.9321097165816139, 0.9695103168298859, 0.9092796641397443, 0.9775869863749447, 0.9657496933060266, 0.950654265731284, 0.9700434315573195, 0.9011767579414239, 0.9820936970843349, 0.9938126898718609, 0.9646325798510359, 0.9676943792082922, 0.9773080316294318, 0.9679212805707065, 0.9629932128941049, 0.9632803780841583, 0.9941377436005367, 0.9966518062748271, 0.9673223867372739, 0.9980790613464857, 0.9777505532395218, 0.9734076062182643, 0.901186491180328, 0.9664564185961372, 0.9833702563918686, 0.9716681094097689, 0.9668794338707445, 0.922154711576705, 0.9659936753491217, 0.9747479222777593, 0.9905597509907772, 0.9622491104249721, 0.04888856601420098, 0.9760122896699114, 0.9773979195187201, 0.9466414973376985, 0.9845336177208517, 0.9827230059092195, 0.9777861714740014, 0.9798730635350906, 0.02221320606447481]","[0.007371329807933456, 4.670713825261187e-05, 0.01601991049391417, 0.07680785314739699, 0.01379824227505093, 0.02493774573226633, 0.04042852564402735, 0.02080434573137853, 0.06952045224900802, 0.01507819612936441, 0.02391433697562544, 0.03429000077487641, 0.02116887496050541, 0.07585859810997228, 0.01203514930405689, 0.003234513699068655, 0.02445690427913315, 0.02213265632148644, 0.0148067426776257, 0.02213184038211912, 0.02643146319649414, 0.02525664610682287, 0.003054653311929021, 0.001636285243847484, 0.02249941629357652, 0.0007369440366737696, 0.01158749606172284, 0.01795143058169253, 0.07630720338456758, 0.02257225794533017, 0.01073682911235808, 0.01934226809095004, 0.02221583811028244, 0.05490896045738886, 0.0233891262953024, 0.01716577940307576, 0.004879498226222945, 0.02571579726731507, 0.9027044293750803, 0.0163062411478048, 0.0150779055642679, 0.03608523382694267, 0.01003849895628018, 0.0111401131176746, 0.01481594945870028, 0.01337060751176584, 0.9486632845355952]","[0.01556488391600496, 9.790173807389635e-05, 0.03412405494489722, 0.174381489473308, 0.02932546126697648, 0.05360579062892887, 0.08830746801448629, 0.04453192233770936, 0.1566003091321101, 0.03208739749337877, 0.05135198889800652, 0.07442307749295869, 0.04532907585584867, 0.1720494320514834, 0.02553270612316033, 0.006801471162308195, 0.0525462686881069, 0.04743953849049879, 0.03150104463886835, 0.04743775000881329, 0.05690383460168147, 0.05430905604322599, 0.00642210548199632, 0.003435239996388588, 0.0482437528451973, 0.00154575811670619, 0.02457187100528674, 0.03831359945844669, 0.1731509339488618, 0.04840354849663284, 0.02274841056519558, 0.0413406022984955, 0.04762188278221636, 0.1217745221555855, 0.05019717788277623, 0.03660750376158997, 0.01027747309851492, 0.05532242267747688, 19.44640659617643, 0.03474407891036158, 0.0320867696856315, 0.07846531969560996, 0.02125383627210444, 0.02361248519625256, 0.03152092644667156, 0.02840429072956255, 38.73208459789364]"
1,39-532,FUBAR,FMO1,FMO1_PROLEMUR_SIMUS_ENSPSMT00000042707_ENSPSMP00000037073_ALTERNATIVE,1e-06,"[20, 31, 32, 48, 59, 88, 97, 109, 117, 119, 130, 135, 140, 156, 166, 168, 176, 189, 190, 191, 204, 207, 210, 227, 228, 230, 245, 253, 263, 271, 280, 311, 312, 327, 337, 341, 348, 357, 369, 373, 387, 389, 426, 468, 473, 477, 478]","[4.827838812710351, 15.33947692895842, 5.591237357410443, 2.459867403653099, 6.54705908179896, 4.567624008355658, 7.022760972730953, 4.769233802336779, 2.94418162101573, 6.653286338280054, 4.331994893798173, 3.499194458494555, 3.716032456110102, 2.813443938007131, 8.372520787751442, 7.235367287257077, 4.325910710353609, 4.598585431189511, 8.336923393249338, 4.466343682840129, 6.368822823491291, 4.286850647198564, 7.87204490370601, 11.24808426743036, 4.54840830052572, 17.29129927758455, 4.735180523503381, 5.88302571929393, 3.027957660762411, 4.870107656985635, 10.05296389438003, 4.96084249852779, 5.027977987858181, 2.772475429789361, 4.51779988374981, 5.180810053087858, 6.14217848953842, 4.366207165718851, 0.9255705479514847, 5.77408003604016, 6.664144073429021, 3.948591402703608, 8.493103766722108, 6.300697719630503, 6.62752001797441, 7.73651729255798, 0.6907091857121891]","[0.3250778709333811, 0.3804714135613663, 0.3110218673911078, 0.3171041394805214, 0.324818381828677, 0.3860402104846948, 0.8534172452597403, 0.3683498598263802, 0.3542637205722974, 0.3817009686441051, 0.3465652248503545, 0.3748219401779477, 0.2933423604281719, 0.3682153667414569, 0.3827519404612954, 0.3835352166080206, 0.3598776221275464, 0.3669479951927143, 0.424577036591877, 0.3558292572988055, 0.5080285864220099, 0.3695115224887978, 0.3870211970568603, 0.4077606063781379, 0.3611367830740993, 0.4695876363782491, 0.4298397028207677, 0.3863814883563935, 0.3479140700181132, 0.3938289149270188, 0.4258985070103902, 0.3648029337211296, 0.3989705982656121, 0.4120051054698955, 0.3660603918015264, 0.3615901495718773, 0.3952895906849096, 0.3845083990560773, 5.179491150807232, 0.3682611554314912, 0.3917852200335362, 0.4298232712963232, 0.4049690848152185, 0.38911415012834, 0.3909244946043308, 0.3958537892316184, 6.107568171810311]","[-4.502760941776971, -14.95900551539705, -5.280215490019335, -2.142763264172578, -6.222240699970284, -4.181583797870963, -6.169343727471213, -4.400883942510399, -2.589917900443433, -6.271585369635949, -3.985429668947819, -3.124372518316608, -3.42269009568193, -2.445228571265674, -7.989768847290147, -6.851832070649056, -3.966033088226063, -4.231637435996796, -7.91234635665746, -4.110514425541323, -5.860794237069281, -3.917339124709767, -7.48502370664915, -10.84032366105223, -4.187271517451621, -16.8217116412063, -4.305340820682613, -5.496644230937537, -2.680043590744298, -4.476278742058616, -9.627065387369644, -4.59603956480666, -4.629007389592569, -2.360470324319465, -4.151739491948284, -4.819219903515981, -5.74688889885351, -3.981698766662774, 4.253920602855747, -5.405818880608669, -6.272358853395485, -3.518768131407285, -8.088134681906888, -5.911583569502163, -6.236595523370079, -7.340663503326361, 5.416858986098123]","[0.9878749946291778, 0.9997578696804336, 0.9772071954911388, 0.9003616634052157, 0.980182295865513, 0.9633479438866271, 0.9321097165816139, 0.9695103168298859, 0.9092796641397443, 0.9775869863749447, 0.9657496933060266, 0.950654265731284, 0.9700434315573195, 0.9011767579414239, 0.9820936970843349, 0.9938126898718609, 0.9646325798510359, 0.9676943792082922, 0.9773080316294318, 0.9679212805707065, 0.9629932128941049, 0.9632803780841583, 0.9941377436005367, 0.9966518062748271, 0.9673223867372739, 0.9980790613464857, 0.9777505532395218, 0.9734076062182643, 0.901186491180328, 0.9664564185961372, 0.9833702563918686, 0.9716681094097689, 0.9668794338707445, 0.922154711576705, 0.9659936753491217, 0.9747479222777593, 0.9905597509907772, 0.9622491104249721, 0.04888856601420098, 0.9760122896699114, 0.9773979195187201, 0.9466414973376985, 0.9845336177208517, 0.9827230059092195, 0.9777861714740014, 0.9798730635350906, 0.02221320606447481]","[0.007371329807933456, 4.670713825261187e-05, 0.01601991049391417, 0.07680785314739699, 0.01379824227505093, 0.02493774573226633, 0.04042852564402735, 0.02080434573137853, 0.06952045224900802, 0.01507819612936441, 0.02391433697562544, 0.03429000077487641, 0.02116887496050541, 0.07585859810997228, 0.01203514930405689, 0.003234513699068655, 0.02445690427913315, 0.02213265632148644, 0.0148067426776257, 0.02213184038211912, 0.02643146319649414, 0.02525664610682287, 0.003054653311929021, 0.001636285243847484, 0.02249941629357652, 0.0007369440366737696, 0.01158749606172284, 0.01795143058169253, 0.07630720338456758, 0.02257225794533017, 0.01073682911235808, 0.01934226809095004, 0.02221583811028244, 0.05490896045738886, 0.0233891262953024, 0.01716577940307576, 0.004879498226222945, 0.02571579726731507, 0.9027044293750803, 0.0163062411478048, 0.0150779055642679, 0.03608523382694267, 0.01003849895628018, 0.0111401131176746, 0.01481594945870028, 0.01337060751176584, 0.9486632845355952]","[0.01556488391600496, 9.790173807389635e-05, 0.03412405494489722, 0.174381489473308, 0.02932546126697648, 0.05360579062892887, 0.08830746801448629, 0.04453192233770936, 0.1566003091321101, 0.03208739749337877, 0.05135198889800652, 0.07442307749295869, 0.04532907585584867, 0.1720494320514834, 0.02553270612316033, 0.006801471162308195, 0.0525462686881069, 0.04743953849049879, 0.03150104463886835, 0.04743775000881329, 0.05690383460168147, 0.05430905604322599, 0.00642210548199632, 0.003435239996388588, 0.0482437528451973, 0.00154575811670619, 0.02457187100528674, 0.03831359945844669, 0.1731509339488618, 0.04840354849663284, 0.02274841056519558, 0.0413406022984955, 0.04762188278221636, 0.1217745221555855, 0.05019717788277623, 0.03660750376158997, 0.01027747309851492, 0.05532242267747688, 19.44640659617643, 0.03474407891036158, 0.0320867696856315, 0.07846531969560996, 0.02125383627210444, 0.02361248519625256, 0.03152092644667156, 0.02840429072956255, 38.73208459789364]"
1,39-532,FUBAR,FMO1,FMO1_PROPITHECUS_COQUERELI_ENSPCOT00000037088_ENSPCOP00000026351_CANONICAL,1e-06,"[20, 31, 32, 48, 59, 88, 97, 109, 117, 119, 130, 135, 140, 156, 166, 168, 176, 189, 190, 191, 204, 207, 210, 227, 228, 230, 245, 253, 263, 271, 280, 311, 312, 327, 337, 341, 348, 357, 369, 373, 387, 389, 426, 468, 473, 477, 478]","[4.827838812710351, 15.33947692895842, 5.591237357410443, 2.459867403653099, 6.54705908179896, 4.567624008355658, 7.022760972730953, 4.769233802336779, 2.94418162101573, 6.653286338280054, 4.331994893798173, 3.499194458494555, 3.716032456110102, 2.813443938007131, 8.372520787751442, 7.235367287257077, 4.325910710353609, 4.598585431189511, 8.336923393249338, 4.466343682840129, 6.368822823491291, 4.286850647198564, 7.87204490370601, 11.24808426743036, 4.54840830052572, 17.29129927758455, 4.735180523503381, 5.88302571929393, 3.027957660762411, 4.870107656985635, 10.05296389438003, 4.96084249852779, 5.027977987858181, 2.772475429789361, 4.51779988374981, 5.180810053087858, 6.14217848953842, 4.366207165718851, 0.9255705479514847, 5.77408003604016, 6.664144073429021, 3.948591402703608, 8.493103766722108, 6.300697719630503, 6.62752001797441, 7.73651729255798, 0.6907091857121891]","[0.3250778709333811, 0.3804714135613663, 0.3110218673911078, 0.3171041394805214, 0.324818381828677, 0.3860402104846948, 0.8534172452597403, 0.3683498598263802, 0.3542637205722974, 0.3817009686441051, 0.3465652248503545, 0.3748219401779477, 0.2933423604281719, 0.3682153667414569, 0.3827519404612954, 0.3835352166080206, 0.3598776221275464, 0.3669479951927143, 0.424577036591877, 0.3558292572988055, 0.5080285864220099, 0.3695115224887978, 0.3870211970568603, 0.4077606063781379, 0.3611367830740993, 0.4695876363782491, 0.4298397028207677, 0.3863814883563935, 0.3479140700181132, 0.3938289149270188, 0.4258985070103902, 0.3648029337211296, 0.3989705982656121, 0.4120051054698955, 0.3660603918015264, 0.3615901495718773, 0.3952895906849096, 0.3845083990560773, 5.179491150807232, 0.3682611554314912, 0.3917852200335362, 0.4298232712963232, 0.4049690848152185, 0.38911415012834, 0.3909244946043308, 0.3958537892316184, 6.107568171810311]","[-4.502760941776971, -14.95900551539705, -5.280215490019335, -2.142763264172578, -6.222240699970284, -4.181583797870963, -6.169343727471213, -4.400883942510399, -2.589917900443433, -6.271585369635949, -3.985429668947819, -3.124372518316608, -3.42269009568193, -2.445228571265674, -7.989768847290147, -6.851832070649056, -3.966033088226063, -4.231637435996796, -7.91234635665746, -4.110514425541323, -5.860794237069281, -3.917339124709767, -7.48502370664915, -10.84032366105223, -4.187271517451621, -16.8217116412063, -4.305340820682613, -5.496644230937537, -2.680043590744298, -4.476278742058616, -9.627065387369644, -4.59603956480666, -4.629007389592569, -2.360470324319465, -4.151739491948284, -4.819219903515981, -5.74688889885351, -3.981698766662774, 4.253920602855747, -5.405818880608669, -6.272358853395485, -3.518768131407285, -8.088134681906888, -5.911583569502163, -6.236595523370079, -7.340663503326361, 5.416858986098123]","[0.9878749946291778, 0.9997578696804336, 0.9772071954911388, 0.9003616634052157, 0.980182295865513, 0.9633479438866271, 0.9321097165816139, 0.9695103168298859, 0.9092796641397443, 0.9775869863749447, 0.9657496933060266, 0.950654265731284, 0.9700434315573195, 0.9011767579414239, 0.9820936970843349, 0.9938126898718609, 0.9646325798510359, 0.9676943792082922, 0.9773080316294318, 0.9679212805707065, 0.9629932128941049, 0.9632803780841583, 0.9941377436005367, 0.9966518062748271, 0.9673223867372739, 0.9980790613464857, 0.9777505532395218, 0.9734076062182643, 0.901186491180328, 0.9664564185961372, 0.9833702563918686, 0.9716681094097689, 0.9668794338707445, 0.922154711576705, 0.9659936753491217, 0.9747479222777593, 0.9905597509907772, 0.9622491104249721, 0.04888856601420098, 0.9760122896699114, 0.9773979195187201, 0.9466414973376985, 0.9845336177208517, 0.9827230059092195, 0.9777861714740014, 0.9798730635350906, 0.02221320606447481]","[0.007371329807933456, 4.670713825261187e-05, 0.01601991049391417, 0.07680785314739699, 0.01379824227505093, 0.02493774573226633, 0.04042852564402735, 0.02080434573137853, 0.06952045224900802, 0.01507819612936441, 0.02391433697562544, 0.03429000077487641, 0.02116887496050541, 0.07585859810997228, 0.01203514930405689, 0.003234513699068655, 0.02445690427913315, 0.02213265632148644, 0.0148067426776257, 0.02213184038211912, 0.02643146319649414, 0.02525664610682287, 0.003054653311929021, 0.001636285243847484, 0.02249941629357652, 0.0007369440366737696, 0.01158749606172284, 0.01795143058169253, 0.07630720338456758, 0.02257225794533017, 0.01073682911235808, 0.01934226809095004, 0.02221583811028244, 0.05490896045738886, 0.0233891262953024, 0.01716577940307576, 0.004879498226222945, 0.02571579726731507, 0.9027044293750803, 0.0163062411478048, 0.0150779055642679, 0.03608523382694267, 0.01003849895628018, 0.0111401131176746, 0.01481594945870028, 0.01337060751176584, 0.9486632845355952]","[0.01556488391600496, 9.790173807389635e-05, 0.03412405494489722, 0.174381489473308, 0.02932546126697648, 0.05360579062892887, 0.08830746801448629, 0.04453192233770936, 0.1566003091321101, 0.03208739749337877, 0.05135198889800652, 0.07442307749295869, 0.04532907585584867, 0.1720494320514834, 0.02553270612316033, 0.006801471162308195, 0.0525462686881069, 0.04743953849049879, 0.03150104463886835, 0.04743775000881329, 0.05690383460168147, 0.05430905604322599, 0.00642210548199632, 0.003435239996388588, 0.0482437528451973, 0.00154575811670619, 0.02457187100528674, 0.03831359945844669, 0.1731509339488618, 0.04840354849663284, 0.02274841056519558, 0.0413406022984955, 0.04762188278221636, 0.1217745221555855, 0.05019717788277623, 0.03660750376158997, 0.01027747309851492, 0.05532242267747688, 19.44640659617643, 0.03474407891036158, 0.0320867696856315, 0.07846531969560996, 0.02125383627210444, 0.02361248519625256, 0.03152092644667156, 0.02840429072956255, 38.73208459789364]"
1,39-532,FUBAR,FMO1,FMO1_PROPITHECUS_COQUERELI_ENSPCOT00000037089_ENSPCOP00000026352_ALTERNATIVE,1e-06,"[20, 31, 32, 48, 59, 88, 97, 109, 117, 119, 130, 135, 140, 156, 166, 168, 176, 189, 190, 191, 204, 207, 210, 227, 228, 230, 245, 253, 263, 271, 280, 311, 312, 327, 337, 341, 348, 357, 369, 373, 387, 389, 426, 468, 473, 477, 478]","[4.827838812710351, 15.33947692895842, 5.591237357410443, 2.459867403653099, 6.54705908179896, 4.567624008355658, 7.022760972730953, 4.769233802336779, 2.94418162101573, 6.653286338280054, 4.331994893798173, 3.499194458494555, 3.716032456110102, 2.813443938007131, 8.372520787751442, 7.235367287257077, 4.325910710353609, 4.598585431189511, 8.336923393249338, 4.466343682840129, 6.368822823491291, 4.286850647198564, 7.87204490370601, 11.24808426743036, 4.54840830052572, 17.29129927758455, 4.735180523503381, 5.88302571929393, 3.027957660762411, 4.870107656985635, 10.05296389438003, 4.96084249852779, 5.027977987858181, 2.772475429789361, 4.51779988374981, 5.180810053087858, 6.14217848953842, 4.366207165718851, 0.9255705479514847, 5.77408003604016, 6.664144073429021, 3.948591402703608, 8.493103766722108, 6.300697719630503, 6.62752001797441, 7.73651729255798, 0.6907091857121891]","[0.3250778709333811, 0.3804714135613663, 0.3110218673911078, 0.3171041394805214, 0.324818381828677, 0.3860402104846948, 0.8534172452597403, 0.3683498598263802, 0.3542637205722974, 0.3817009686441051, 0.3465652248503545, 0.3748219401779477, 0.2933423604281719, 0.3682153667414569, 0.3827519404612954, 0.3835352166080206, 0.3598776221275464, 0.3669479951927143, 0.424577036591877, 0.3558292572988055, 0.5080285864220099, 0.3695115224887978, 0.3870211970568603, 0.4077606063781379, 0.3611367830740993, 0.4695876363782491, 0.4298397028207677, 0.3863814883563935, 0.3479140700181132, 0.3938289149270188, 0.4258985070103902, 0.3648029337211296, 0.3989705982656121, 0.4120051054698955, 0.3660603918015264, 0.3615901495718773, 0.3952895906849096, 0.3845083990560773, 5.179491150807232, 0.3682611554314912, 0.3917852200335362, 0.4298232712963232, 0.4049690848152185, 0.38911415012834, 0.3909244946043308, 0.3958537892316184, 6.107568171810311]","[-4.502760941776971, -14.95900551539705, -5.280215490019335, -2.142763264172578, -6.222240699970284, -4.181583797870963, -6.169343727471213, -4.400883942510399, -2.589917900443433, -6.271585369635949, -3.985429668947819, -3.124372518316608, -3.42269009568193, -2.445228571265674, -7.989768847290147, -6.851832070649056, -3.966033088226063, -4.231637435996796, -7.91234635665746, -4.110514425541323, -5.860794237069281, -3.917339124709767, -7.48502370664915, -10.84032366105223, -4.187271517451621, -16.8217116412063, -4.305340820682613, -5.496644230937537, -2.680043590744298, -4.476278742058616, -9.627065387369644, -4.59603956480666, -4.629007389592569, -2.360470324319465, -4.151739491948284, -4.819219903515981, -5.74688889885351, -3.981698766662774, 4.253920602855747, -5.405818880608669, -6.272358853395485, -3.518768131407285, -8.088134681906888, -5.911583569502163, -6.236595523370079, -7.340663503326361, 5.416858986098123]","[0.9878749946291778, 0.9997578696804336, 0.9772071954911388, 0.9003616634052157, 0.980182295865513, 0.9633479438866271, 0.9321097165816139, 0.9695103168298859, 0.9092796641397443, 0.9775869863749447, 0.9657496933060266, 0.950654265731284, 0.9700434315573195, 0.9011767579414239, 0.9820936970843349, 0.9938126898718609, 0.9646325798510359, 0.9676943792082922, 0.9773080316294318, 0.9679212805707065, 0.9629932128941049, 0.9632803780841583, 0.9941377436005367, 0.9966518062748271, 0.9673223867372739, 0.9980790613464857, 0.9777505532395218, 0.9734076062182643, 0.901186491180328, 0.9664564185961372, 0.9833702563918686, 0.9716681094097689, 0.9668794338707445, 0.922154711576705, 0.9659936753491217, 0.9747479222777593, 0.9905597509907772, 0.9622491104249721, 0.04888856601420098, 0.9760122896699114, 0.9773979195187201, 0.9466414973376985, 0.9845336177208517, 0.9827230059092195, 0.9777861714740014, 0.9798730635350906, 0.02221320606447481]","[0.007371329807933456, 4.670713825261187e-05, 0.01601991049391417, 0.07680785314739699, 0.01379824227505093, 0.02493774573226633, 0.04042852564402735, 0.02080434573137853, 0.06952045224900802, 0.01507819612936441, 0.02391433697562544, 0.03429000077487641, 0.02116887496050541, 0.07585859810997228, 0.01203514930405689, 0.003234513699068655, 0.02445690427913315, 0.02213265632148644, 0.0148067426776257, 0.02213184038211912, 0.02643146319649414, 0.02525664610682287, 0.003054653311929021, 0.001636285243847484, 0.02249941629357652, 0.0007369440366737696, 0.01158749606172284, 0.01795143058169253, 0.07630720338456758, 0.02257225794533017, 0.01073682911235808, 0.01934226809095004, 0.02221583811028244, 0.05490896045738886, 0.0233891262953024, 0.01716577940307576, 0.004879498226222945, 0.02571579726731507, 0.9027044293750803, 0.0163062411478048, 0.0150779055642679, 0.03608523382694267, 0.01003849895628018, 0.0111401131176746, 0.01481594945870028, 0.01337060751176584, 0.9486632845355952]","[0.01556488391600496, 9.790173807389635e-05, 0.03412405494489722, 0.174381489473308, 0.02932546126697648, 0.05360579062892887, 0.08830746801448629, 0.04453192233770936, 0.1566003091321101, 0.03208739749337877, 0.05135198889800652, 0.07442307749295869, 0.04532907585584867, 0.1720494320514834, 0.02553270612316033, 0.006801471162308195, 0.0525462686881069, 0.04743953849049879, 0.03150104463886835, 0.04743775000881329, 0.05690383460168147, 0.05430905604322599, 0.00642210548199632, 0.003435239996388588, 0.0482437528451973, 0.00154575811670619, 0.02457187100528674, 0.03831359945844669, 0.1731509339488618, 0.04840354849663284, 0.02274841056519558, 0.0413406022984955, 0.04762188278221636, 0.1217745221555855, 0.05019717788277623, 0.03660750376158997, 0.01027747309851492, 0.05532242267747688, 19.44640659617643, 0.03474407891036158, 0.0320867696856315, 0.07846531969560996, 0.02125383627210444, 0.02361248519625256, 0.03152092644667156, 0.02840429072956255, 38.73208459789364]"
1,39-532,FUBAR,FMO1,FMO1_SAIMIRI_BOLIVIENSIS_BOLIVIENSIS_ENSSBOT00000008553_ENSSBOP00000001524_CANONICAL,1e-06,"[20, 31, 32, 48, 59, 88, 97, 109, 117, 119, 130, 135, 140, 156, 166, 168, 176, 189, 190, 191, 204, 207, 210, 227, 228, 230, 245, 253, 263, 271, 280, 311, 312, 327, 337, 341, 348, 357, 369, 373, 387, 389, 426, 468, 473, 477, 478]","[4.827838812710351, 15.33947692895842, 5.591237357410443, 2.459867403653099, 6.54705908179896, 4.567624008355658, 7.022760972730953, 4.769233802336779, 2.94418162101573, 6.653286338280054, 4.331994893798173, 3.499194458494555, 3.716032456110102, 2.813443938007131, 8.372520787751442, 7.235367287257077, 4.325910710353609, 4.598585431189511, 8.336923393249338, 4.466343682840129, 6.368822823491291, 4.286850647198564, 7.87204490370601, 11.24808426743036, 4.54840830052572, 17.29129927758455, 4.735180523503381, 5.88302571929393, 3.027957660762411, 4.870107656985635, 10.05296389438003, 4.96084249852779, 5.027977987858181, 2.772475429789361, 4.51779988374981, 5.180810053087858, 6.14217848953842, 4.366207165718851, 0.9255705479514847, 5.77408003604016, 6.664144073429021, 3.948591402703608, 8.493103766722108, 6.300697719630503, 6.62752001797441, 7.73651729255798, 0.6907091857121891]","[0.3250778709333811, 0.3804714135613663, 0.3110218673911078, 0.3171041394805214, 0.324818381828677, 0.3860402104846948, 0.8534172452597403, 0.3683498598263802, 0.3542637205722974, 0.3817009686441051, 0.3465652248503545, 0.3748219401779477, 0.2933423604281719, 0.3682153667414569, 0.3827519404612954, 0.3835352166080206, 0.3598776221275464, 0.3669479951927143, 0.424577036591877, 0.3558292572988055, 0.5080285864220099, 0.3695115224887978, 0.3870211970568603, 0.4077606063781379, 0.3611367830740993, 0.4695876363782491, 0.4298397028207677, 0.3863814883563935, 0.3479140700181132, 0.3938289149270188, 0.4258985070103902, 0.3648029337211296, 0.3989705982656121, 0.4120051054698955, 0.3660603918015264, 0.3615901495718773, 0.3952895906849096, 0.3845083990560773, 5.179491150807232, 0.3682611554314912, 0.3917852200335362, 0.4298232712963232, 0.4049690848152185, 0.38911415012834, 0.3909244946043308, 0.3958537892316184, 6.107568171810311]","[-4.502760941776971, -14.95900551539705, -5.280215490019335, -2.142763264172578, -6.222240699970284, -4.181583797870963, -6.169343727471213, -4.400883942510399, -2.589917900443433, -6.271585369635949, -3.985429668947819, -3.124372518316608, -3.42269009568193, -2.445228571265674, -7.989768847290147, -6.851832070649056, -3.966033088226063, -4.231637435996796, -7.91234635665746, -4.110514425541323, -5.860794237069281, -3.917339124709767, -7.48502370664915, -10.84032366105223, -4.187271517451621, -16.8217116412063, -4.305340820682613, -5.496644230937537, -2.680043590744298, -4.476278742058616, -9.627065387369644, -4.59603956480666, -4.629007389592569, -2.360470324319465, -4.151739491948284, -4.819219903515981, -5.74688889885351, -3.981698766662774, 4.253920602855747, -5.405818880608669, -6.272358853395485, -3.518768131407285, -8.088134681906888, -5.911583569502163, -6.236595523370079, -7.340663503326361, 5.416858986098123]","[0.9878749946291778, 0.9997578696804336, 0.9772071954911388, 0.9003616634052157, 0.980182295865513, 0.9633479438866271, 0.9321097165816139, 0.9695103168298859, 0.9092796641397443, 0.9775869863749447, 0.9657496933060266, 0.950654265731284, 0.9700434315573195, 0.9011767579414239, 0.9820936970843349, 0.9938126898718609, 0.9646325798510359, 0.9676943792082922, 0.9773080316294318, 0.9679212805707065, 0.9629932128941049, 0.9632803780841583, 0.9941377436005367, 0.9966518062748271, 0.9673223867372739, 0.9980790613464857, 0.9777505532395218, 0.9734076062182643, 0.901186491180328, 0.9664564185961372, 0.9833702563918686, 0.9716681094097689, 0.9668794338707445, 0.922154711576705, 0.9659936753491217, 0.9747479222777593, 0.9905597509907772, 0.9622491104249721, 0.04888856601420098, 0.9760122896699114, 0.9773979195187201, 0.9466414973376985, 0.9845336177208517, 0.9827230059092195, 0.9777861714740014, 0.9798730635350906, 0.02221320606447481]","[0.007371329807933456, 4.670713825261187e-05, 0.01601991049391417, 0.07680785314739699, 0.01379824227505093, 0.02493774573226633, 0.04042852564402735, 0.02080434573137853, 0.06952045224900802, 0.01507819612936441, 0.02391433697562544, 0.03429000077487641, 0.02116887496050541, 0.07585859810997228, 0.01203514930405689, 0.003234513699068655, 0.02445690427913315, 0.02213265632148644, 0.0148067426776257, 0.02213184038211912, 0.02643146319649414, 0.02525664610682287, 0.003054653311929021, 0.001636285243847484, 0.02249941629357652, 0.0007369440366737696, 0.01158749606172284, 0.01795143058169253, 0.07630720338456758, 0.02257225794533017, 0.01073682911235808, 0.01934226809095004, 0.02221583811028244, 0.05490896045738886, 0.0233891262953024, 0.01716577940307576, 0.004879498226222945, 0.02571579726731507, 0.9027044293750803, 0.0163062411478048, 0.0150779055642679, 0.03608523382694267, 0.01003849895628018, 0.0111401131176746, 0.01481594945870028, 0.01337060751176584, 0.9486632845355952]","[0.01556488391600496, 9.790173807389635e-05, 0.03412405494489722, 0.174381489473308, 0.02932546126697648, 0.05360579062892887, 0.08830746801448629, 0.04453192233770936, 0.1566003091321101, 0.03208739749337877, 0.05135198889800652, 0.07442307749295869, 0.04532907585584867, 0.1720494320514834, 0.02553270612316033, 0.006801471162308195, 0.0525462686881069, 0.04743953849049879, 0.03150104463886835, 0.04743775000881329, 0.05690383460168147, 0.05430905604322599, 0.00642210548199632, 0.003435239996388588, 0.0482437528451973, 0.00154575811670619, 0.02457187100528674, 0.03831359945844669, 0.1731509339488618, 0.04840354849663284, 0.02274841056519558, 0.0413406022984955, 0.04762188278221636, 0.1217745221555855, 0.05019717788277623, 0.03660750376158997, 0.01027747309851492, 0.05532242267747688, 19.44640659617643, 0.03474407891036158, 0.0320867696856315, 0.07846531969560996, 0.02125383627210444, 0.02361248519625256, 0.03152092644667156, 0.02840429072956255, 38.73208459789364]"
1,39-532,FUBAR,FMO1,FMO1_SAIMIRI_BOLIVIENSIS_BOLIVIENSIS_ENSSBOT00000008635_ENSSBOP00000001530_ALTERNATIVE,1e-06,"[20, 31, 32, 48, 59, 88, 97, 109, 117, 119, 130, 135, 140, 156, 166, 168, 176, 189, 190, 191, 204, 207, 210, 227, 228, 230, 245, 253, 263, 271, 280, 311, 312, 327, 337, 341, 348, 357, 369, 373, 387, 389, 426, 468, 473, 477, 478]","[4.827838812710351, 15.33947692895842, 5.591237357410443, 2.459867403653099, 6.54705908179896, 4.567624008355658, 7.022760972730953, 4.769233802336779, 2.94418162101573, 6.653286338280054, 4.331994893798173, 3.499194458494555, 3.716032456110102, 2.813443938007131, 8.372520787751442, 7.235367287257077, 4.325910710353609, 4.598585431189511, 8.336923393249338, 4.466343682840129, 6.368822823491291, 4.286850647198564, 7.87204490370601, 11.24808426743036, 4.54840830052572, 17.29129927758455, 4.735180523503381, 5.88302571929393, 3.027957660762411, 4.870107656985635, 10.05296389438003, 4.96084249852779, 5.027977987858181, 2.772475429789361, 4.51779988374981, 5.180810053087858, 6.14217848953842, 4.366207165718851, 0.9255705479514847, 5.77408003604016, 6.664144073429021, 3.948591402703608, 8.493103766722108, 6.300697719630503, 6.62752001797441, 7.73651729255798, 0.6907091857121891]","[0.3250778709333811, 0.3804714135613663, 0.3110218673911078, 0.3171041394805214, 0.324818381828677, 0.3860402104846948, 0.8534172452597403, 0.3683498598263802, 0.3542637205722974, 0.3817009686441051, 0.3465652248503545, 0.3748219401779477, 0.2933423604281719, 0.3682153667414569, 0.3827519404612954, 0.3835352166080206, 0.3598776221275464, 0.3669479951927143, 0.424577036591877, 0.3558292572988055, 0.5080285864220099, 0.3695115224887978, 0.3870211970568603, 0.4077606063781379, 0.3611367830740993, 0.4695876363782491, 0.4298397028207677, 0.3863814883563935, 0.3479140700181132, 0.3938289149270188, 0.4258985070103902, 0.3648029337211296, 0.3989705982656121, 0.4120051054698955, 0.3660603918015264, 0.3615901495718773, 0.3952895906849096, 0.3845083990560773, 5.179491150807232, 0.3682611554314912, 0.3917852200335362, 0.4298232712963232, 0.4049690848152185, 0.38911415012834, 0.3909244946043308, 0.3958537892316184, 6.107568171810311]","[-4.502760941776971, -14.95900551539705, -5.280215490019335, -2.142763264172578, -6.222240699970284, -4.181583797870963, -6.169343727471213, -4.400883942510399, -2.589917900443433, -6.271585369635949, -3.985429668947819, -3.124372518316608, -3.42269009568193, -2.445228571265674, -7.989768847290147, -6.851832070649056, -3.966033088226063, -4.231637435996796, -7.91234635665746, -4.110514425541323, -5.860794237069281, -3.917339124709767, -7.48502370664915, -10.84032366105223, -4.187271517451621, -16.8217116412063, -4.305340820682613, -5.496644230937537, -2.680043590744298, -4.476278742058616, -9.627065387369644, -4.59603956480666, -4.629007389592569, -2.360470324319465, -4.151739491948284, -4.819219903515981, -5.74688889885351, -3.981698766662774, 4.253920602855747, -5.405818880608669, -6.272358853395485, -3.518768131407285, -8.088134681906888, -5.911583569502163, -6.236595523370079, -7.340663503326361, 5.416858986098123]","[0.9878749946291778, 0.9997578696804336, 0.9772071954911388, 0.9003616634052157, 0.980182295865513, 0.9633479438866271, 0.9321097165816139, 0.9695103168298859, 0.9092796641397443, 0.9775869863749447, 0.9657496933060266, 0.950654265731284, 0.9700434315573195, 0.9011767579414239, 0.9820936970843349, 0.9938126898718609, 0.9646325798510359, 0.9676943792082922, 0.9773080316294318, 0.9679212805707065, 0.9629932128941049, 0.9632803780841583, 0.9941377436005367, 0.9966518062748271, 0.9673223867372739, 0.9980790613464857, 0.9777505532395218, 0.9734076062182643, 0.901186491180328, 0.9664564185961372, 0.9833702563918686, 0.9716681094097689, 0.9668794338707445, 0.922154711576705, 0.9659936753491217, 0.9747479222777593, 0.9905597509907772, 0.9622491104249721, 0.04888856601420098, 0.9760122896699114, 0.9773979195187201, 0.9466414973376985, 0.9845336177208517, 0.9827230059092195, 0.9777861714740014, 0.9798730635350906, 0.02221320606447481]","[0.007371329807933456, 4.670713825261187e-05, 0.01601991049391417, 0.07680785314739699, 0.01379824227505093, 0.02493774573226633, 0.04042852564402735, 0.02080434573137853, 0.06952045224900802, 0.01507819612936441, 0.02391433697562544, 0.03429000077487641, 0.02116887496050541, 0.07585859810997228, 0.01203514930405689, 0.003234513699068655, 0.02445690427913315, 0.02213265632148644, 0.0148067426776257, 0.02213184038211912, 0.02643146319649414, 0.02525664610682287, 0.003054653311929021, 0.001636285243847484, 0.02249941629357652, 0.0007369440366737696, 0.01158749606172284, 0.01795143058169253, 0.07630720338456758, 0.02257225794533017, 0.01073682911235808, 0.01934226809095004, 0.02221583811028244, 0.05490896045738886, 0.0233891262953024, 0.01716577940307576, 0.004879498226222945, 0.02571579726731507, 0.9027044293750803, 0.0163062411478048, 0.0150779055642679, 0.03608523382694267, 0.01003849895628018, 0.0111401131176746, 0.01481594945870028, 0.01337060751176584, 0.9486632845355952]","[0.01556488391600496, 9.790173807389635e-05, 0.03412405494489722, 0.174381489473308, 0.02932546126697648, 0.05360579062892887, 0.08830746801448629, 0.04453192233770936, 0.1566003091321101, 0.03208739749337877, 0.05135198889800652, 0.07442307749295869, 0.04532907585584867, 0.1720494320514834, 0.02553270612316033, 0.006801471162308195, 0.0525462686881069, 0.04743953849049879, 0.03150104463886835, 0.04743775000881329, 0.05690383460168147, 0.05430905604322599, 0.00642210548199632, 0.003435239996388588, 0.0482437528451973, 0.00154575811670619, 0.02457187100528674, 0.03831359945844669, 0.1731509339488618, 0.04840354849663284, 0.02274841056519558, 0.0413406022984955, 0.04762188278221636, 0.1217745221555855, 0.05019717788277623, 0.03660750376158997, 0.01027747309851492, 0.05532242267747688, 19.44640659617643, 0.03474407891036158, 0.0320867696856315, 0.07846531969560996, 0.02125383627210444, 0.02361248519625256, 0.03152092644667156, 0.02840429072956255, 38.73208459789364]"
1,39-532,FUBAR,FMO1,FMO1_SAIMIRI_BOLIVIENSIS_BOLIVIENSIS_ENSSBOT00000008813_ENSSBOP00000001546_ALTERNATIVE,1e-06,"[20, 31, 32, 48, 59, 88, 97, 109, 117, 119, 130, 135, 140, 156, 166, 168, 176, 189, 190, 191, 204, 207, 210, 227, 228, 230, 245, 253, 263, 271, 280, 311, 312, 327, 337, 341, 348, 357, 369, 373, 387, 389, 426, 468, 473, 477, 478]","[4.827838812710351, 15.33947692895842, 5.591237357410443, 2.459867403653099, 6.54705908179896, 4.567624008355658, 7.022760972730953, 4.769233802336779, 2.94418162101573, 6.653286338280054, 4.331994893798173, 3.499194458494555, 3.716032456110102, 2.813443938007131, 8.372520787751442, 7.235367287257077, 4.325910710353609, 4.598585431189511, 8.336923393249338, 4.466343682840129, 6.368822823491291, 4.286850647198564, 7.87204490370601, 11.24808426743036, 4.54840830052572, 17.29129927758455, 4.735180523503381, 5.88302571929393, 3.027957660762411, 4.870107656985635, 10.05296389438003, 4.96084249852779, 5.027977987858181, 2.772475429789361, 4.51779988374981, 5.180810053087858, 6.14217848953842, 4.366207165718851, 0.9255705479514847, 5.77408003604016, 6.664144073429021, 3.948591402703608, 8.493103766722108, 6.300697719630503, 6.62752001797441, 7.73651729255798, 0.6907091857121891]","[0.3250778709333811, 0.3804714135613663, 0.3110218673911078, 0.3171041394805214, 0.324818381828677, 0.3860402104846948, 0.8534172452597403, 0.3683498598263802, 0.3542637205722974, 0.3817009686441051, 0.3465652248503545, 0.3748219401779477, 0.2933423604281719, 0.3682153667414569, 0.3827519404612954, 0.3835352166080206, 0.3598776221275464, 0.3669479951927143, 0.424577036591877, 0.3558292572988055, 0.5080285864220099, 0.3695115224887978, 0.3870211970568603, 0.4077606063781379, 0.3611367830740993, 0.4695876363782491, 0.4298397028207677, 0.3863814883563935, 0.3479140700181132, 0.3938289149270188, 0.4258985070103902, 0.3648029337211296, 0.3989705982656121, 0.4120051054698955, 0.3660603918015264, 0.3615901495718773, 0.3952895906849096, 0.3845083990560773, 5.179491150807232, 0.3682611554314912, 0.3917852200335362, 0.4298232712963232, 0.4049690848152185, 0.38911415012834, 0.3909244946043308, 0.3958537892316184, 6.107568171810311]","[-4.502760941776971, -14.95900551539705, -5.280215490019335, -2.142763264172578, -6.222240699970284, -4.181583797870963, -6.169343727471213, -4.400883942510399, -2.589917900443433, -6.271585369635949, -3.985429668947819, -3.124372518316608, -3.42269009568193, -2.445228571265674, -7.989768847290147, -6.851832070649056, -3.966033088226063, -4.231637435996796, -7.91234635665746, -4.110514425541323, -5.860794237069281, -3.917339124709767, -7.48502370664915, -10.84032366105223, -4.187271517451621, -16.8217116412063, -4.305340820682613, -5.496644230937537, -2.680043590744298, -4.476278742058616, -9.627065387369644, -4.59603956480666, -4.629007389592569, -2.360470324319465, -4.151739491948284, -4.819219903515981, -5.74688889885351, -3.981698766662774, 4.253920602855747, -5.405818880608669, -6.272358853395485, -3.518768131407285, -8.088134681906888, -5.911583569502163, -6.236595523370079, -7.340663503326361, 5.416858986098123]","[0.9878749946291778, 0.9997578696804336, 0.9772071954911388, 0.9003616634052157, 0.980182295865513, 0.9633479438866271, 0.9321097165816139, 0.9695103168298859, 0.9092796641397443, 0.9775869863749447, 0.9657496933060266, 0.950654265731284, 0.9700434315573195, 0.9011767579414239, 0.9820936970843349, 0.9938126898718609, 0.9646325798510359, 0.9676943792082922, 0.9773080316294318, 0.9679212805707065, 0.9629932128941049, 0.9632803780841583, 0.9941377436005367, 0.9966518062748271, 0.9673223867372739, 0.9980790613464857, 0.9777505532395218, 0.9734076062182643, 0.901186491180328, 0.9664564185961372, 0.9833702563918686, 0.9716681094097689, 0.9668794338707445, 0.922154711576705, 0.9659936753491217, 0.9747479222777593, 0.9905597509907772, 0.9622491104249721, 0.04888856601420098, 0.9760122896699114, 0.9773979195187201, 0.9466414973376985, 0.9845336177208517, 0.9827230059092195, 0.9777861714740014, 0.9798730635350906, 0.02221320606447481]","[0.007371329807933456, 4.670713825261187e-05, 0.01601991049391417, 0.07680785314739699, 0.01379824227505093, 0.02493774573226633, 0.04042852564402735, 0.02080434573137853, 0.06952045224900802, 0.01507819612936441, 0.02391433697562544, 0.03429000077487641, 0.02116887496050541, 0.07585859810997228, 0.01203514930405689, 0.003234513699068655, 0.02445690427913315, 0.02213265632148644, 0.0148067426776257, 0.02213184038211912, 0.02643146319649414, 0.02525664610682287, 0.003054653311929021, 0.001636285243847484, 0.02249941629357652, 0.0007369440366737696, 0.01158749606172284, 0.01795143058169253, 0.07630720338456758, 0.02257225794533017, 0.01073682911235808, 0.01934226809095004, 0.02221583811028244, 0.05490896045738886, 0.0233891262953024, 0.01716577940307576, 0.004879498226222945, 0.02571579726731507, 0.9027044293750803, 0.0163062411478048, 0.0150779055642679, 0.03608523382694267, 0.01003849895628018, 0.0111401131176746, 0.01481594945870028, 0.01337060751176584, 0.9486632845355952]","[0.01556488391600496, 9.790173807389635e-05, 0.03412405494489722, 0.174381489473308, 0.02932546126697648, 0.05360579062892887, 0.08830746801448629, 0.04453192233770936, 0.1566003091321101, 0.03208739749337877, 0.05135198889800652, 0.07442307749295869, 0.04532907585584867, 0.1720494320514834, 0.02553270612316033, 0.006801471162308195, 0.0525462686881069, 0.04743953849049879, 0.03150104463886835, 0.04743775000881329, 0.05690383460168147, 0.05430905604322599, 0.00642210548199632, 0.003435239996388588, 0.0482437528451973, 0.00154575811670619, 0.02457187100528674, 0.03831359945844669, 0.1731509339488618, 0.04840354849663284, 0.02274841056519558, 0.0413406022984955, 0.04762188278221636, 0.1217745221555855, 0.05019717788277623, 0.03660750376158997, 0.01027747309851492, 0.05532242267747688, 19.44640659617643, 0.03474407891036158, 0.0320867696856315, 0.07846531969560996, 0.02125383627210444, 0.02361248519625256, 0.03152092644667156, 0.02840429072956255, 38.73208459789364]"
1,39-532,FUBAR,FMO1,NODE12,0.002036168319137103,"[20, 31, 32, 48, 59, 88, 97, 109, 117, 119, 130, 135, 140, 156, 166, 168, 176, 189, 190, 191, 204, 207, 210, 227, 228, 230, 245, 253, 263, 271, 280, 311, 312, 327, 337, 341, 348, 357, 369, 373, 387, 389, 426, 468, 473, 477, 478]","[4.827838812710351, 15.33947692895842, 5.591237357410443, 2.459867403653099, 6.54705908179896, 4.567624008355658, 7.022760972730953, 4.769233802336779, 2.94418162101573, 6.653286338280054, 4.331994893798173, 3.499194458494555, 3.716032456110102, 2.813443938007131, 8.372520787751442, 7.235367287257077, 4.325910710353609, 4.598585431189511, 8.336923393249338, 4.466343682840129, 6.368822823491291, 4.286850647198564, 7.87204490370601, 11.24808426743036, 4.54840830052572, 17.29129927758455, 4.735180523503381, 5.88302571929393, 3.027957660762411, 4.870107656985635, 10.05296389438003, 4.96084249852779, 5.027977987858181, 2.772475429789361, 4.51779988374981, 5.180810053087858, 6.14217848953842, 4.366207165718851, 0.9255705479514847, 5.77408003604016, 6.664144073429021, 3.948591402703608, 8.493103766722108, 6.300697719630503, 6.62752001797441, 7.73651729255798, 0.6907091857121891]","[0.3250778709333811, 0.3804714135613663, 0.3110218673911078, 0.3171041394805214, 0.324818381828677, 0.3860402104846948, 0.8534172452597403, 0.3683498598263802, 0.3542637205722974, 0.3817009686441051, 0.3465652248503545, 0.3748219401779477, 0.2933423604281719, 0.3682153667414569, 0.3827519404612954, 0.3835352166080206, 0.3598776221275464, 0.3669479951927143, 0.424577036591877, 0.3558292572988055, 0.5080285864220099, 0.3695115224887978, 0.3870211970568603, 0.4077606063781379, 0.3611367830740993, 0.4695876363782491, 0.4298397028207677, 0.3863814883563935, 0.3479140700181132, 0.3938289149270188, 0.4258985070103902, 0.3648029337211296, 0.3989705982656121, 0.4120051054698955, 0.3660603918015264, 0.3615901495718773, 0.3952895906849096, 0.3845083990560773, 5.179491150807232, 0.3682611554314912, 0.3917852200335362, 0.4298232712963232, 0.4049690848152185, 0.38911415012834, 0.3909244946043308, 0.3958537892316184, 6.107568171810311]","[-4.502760941776971, -14.95900551539705, -5.280215490019335, -2.142763264172578, -6.222240699970284, -4.181583797870963, -6.169343727471213, -4.400883942510399, -2.589917900443433, -6.271585369635949, -3.985429668947819, -3.124372518316608, -3.42269009568193, -2.445228571265674, -7.989768847290147, -6.851832070649056, -3.966033088226063, -4.231637435996796, -7.91234635665746, -4.110514425541323, -5.860794237069281, -3.917339124709767, -7.48502370664915, -10.84032366105223, -4.187271517451621, -16.8217116412063, -4.305340820682613, -5.496644230937537, -2.680043590744298, -4.476278742058616, -9.627065387369644, -4.59603956480666, -4.629007389592569, -2.360470324319465, -4.151739491948284, -4.819219903515981, -5.74688889885351, -3.981698766662774, 4.253920602855747, -5.405818880608669, -6.272358853395485, -3.518768131407285, -8.088134681906888, -5.911583569502163, -6.236595523370079, -7.340663503326361, 5.416858986098123]","[0.9878749946291778, 0.9997578696804336, 0.9772071954911388, 0.9003616634052157, 0.980182295865513, 0.9633479438866271, 0.9321097165816139, 0.9695103168298859, 0.9092796641397443, 0.9775869863749447, 0.9657496933060266, 0.950654265731284, 0.9700434315573195, 0.9011767579414239, 0.9820936970843349, 0.9938126898718609, 0.9646325798510359, 0.9676943792082922, 0.9773080316294318, 0.9679212805707065, 0.9629932128941049, 0.9632803780841583, 0.9941377436005367, 0.9966518062748271, 0.9673223867372739, 0.9980790613464857, 0.9777505532395218, 0.9734076062182643, 0.901186491180328, 0.9664564185961372, 0.9833702563918686, 0.9716681094097689, 0.9668794338707445, 0.922154711576705, 0.9659936753491217, 0.9747479222777593, 0.9905597509907772, 0.9622491104249721, 0.04888856601420098, 0.9760122896699114, 0.9773979195187201, 0.9466414973376985, 0.9845336177208517, 0.9827230059092195, 0.9777861714740014, 0.9798730635350906, 0.02221320606447481]","[0.007371329807933456, 4.670713825261187e-05, 0.01601991049391417, 0.07680785314739699, 0.01379824227505093, 0.02493774573226633, 0.04042852564402735, 0.02080434573137853, 0.06952045224900802, 0.01507819612936441, 0.02391433697562544, 0.03429000077487641, 0.02116887496050541, 0.07585859810997228, 0.01203514930405689, 0.003234513699068655, 0.02445690427913315, 0.02213265632148644, 0.0148067426776257, 0.02213184038211912, 0.02643146319649414, 0.02525664610682287, 0.003054653311929021, 0.001636285243847484, 0.02249941629357652, 0.0007369440366737696, 0.01158749606172284, 0.01795143058169253, 0.07630720338456758, 0.02257225794533017, 0.01073682911235808, 0.01934226809095004, 0.02221583811028244, 0.05490896045738886, 0.0233891262953024, 0.01716577940307576, 0.004879498226222945, 0.02571579726731507, 0.9027044293750803, 0.0163062411478048, 0.0150779055642679, 0.03608523382694267, 0.01003849895628018, 0.0111401131176746, 0.01481594945870028, 0.01337060751176584, 0.9486632845355952]","[0.01556488391600496, 9.790173807389635e-05, 0.03412405494489722, 0.174381489473308, 0.02932546126697648, 0.05360579062892887, 0.08830746801448629, 0.04453192233770936, 0.1566003091321101, 0.03208739749337877, 0.05135198889800652, 0.07442307749295869, 0.04532907585584867, 0.1720494320514834, 0.02553270612316033, 0.006801471162308195, 0.0525462686881069, 0.04743953849049879, 0.03150104463886835, 0.04743775000881329, 0.05690383460168147, 0.05430905604322599, 0.00642210548199632, 0.003435239996388588, 0.0482437528451973, 0.00154575811670619, 0.02457187100528674, 0.03831359945844669, 0.1731509339488618, 0.04840354849663284, 0.02274841056519558, 0.0413406022984955, 0.04762188278221636, 0.1217745221555855, 0.05019717788277623, 0.03660750376158997, 0.01027747309851492, 0.05532242267747688, 19.44640659617643, 0.03474407891036158, 0.0320867696856315, 0.07846531969560996, 0.02125383627210444, 0.02361248519625256, 0.03152092644667156, 0.02840429072956255, 38.73208459789364]"
1,39-532,FUBAR,FMO1,NODE13,0.002722846803066856,"[20, 31, 32, 48, 59, 88, 97, 109, 117, 119, 130, 135, 140, 156, 166, 168, 176, 189, 190, 191, 204, 207, 210, 227, 228, 230, 245, 253, 263, 271, 280, 311, 312, 327, 337, 341, 348, 357, 369, 373, 387, 389, 426, 468, 473, 477, 478]","[4.827838812710351, 15.33947692895842, 5.591237357410443, 2.459867403653099, 6.54705908179896, 4.567624008355658, 7.022760972730953, 4.769233802336779, 2.94418162101573, 6.653286338280054, 4.331994893798173, 3.499194458494555, 3.716032456110102, 2.813443938007131, 8.372520787751442, 7.235367287257077, 4.325910710353609, 4.598585431189511, 8.336923393249338, 4.466343682840129, 6.368822823491291, 4.286850647198564, 7.87204490370601, 11.24808426743036, 4.54840830052572, 17.29129927758455, 4.735180523503381, 5.88302571929393, 3.027957660762411, 4.870107656985635, 10.05296389438003, 4.96084249852779, 5.027977987858181, 2.772475429789361, 4.51779988374981, 5.180810053087858, 6.14217848953842, 4.366207165718851, 0.9255705479514847, 5.77408003604016, 6.664144073429021, 3.948591402703608, 8.493103766722108, 6.300697719630503, 6.62752001797441, 7.73651729255798, 0.6907091857121891]","[0.3250778709333811, 0.3804714135613663, 0.3110218673911078, 0.3171041394805214, 0.324818381828677, 0.3860402104846948, 0.8534172452597403, 0.3683498598263802, 0.3542637205722974, 0.3817009686441051, 0.3465652248503545, 0.3748219401779477, 0.2933423604281719, 0.3682153667414569, 0.3827519404612954, 0.3835352166080206, 0.3598776221275464, 0.3669479951927143, 0.424577036591877, 0.3558292572988055, 0.5080285864220099, 0.3695115224887978, 0.3870211970568603, 0.4077606063781379, 0.3611367830740993, 0.4695876363782491, 0.4298397028207677, 0.3863814883563935, 0.3479140700181132, 0.3938289149270188, 0.4258985070103902, 0.3648029337211296, 0.3989705982656121, 0.4120051054698955, 0.3660603918015264, 0.3615901495718773, 0.3952895906849096, 0.3845083990560773, 5.179491150807232, 0.3682611554314912, 0.3917852200335362, 0.4298232712963232, 0.4049690848152185, 0.38911415012834, 0.3909244946043308, 0.3958537892316184, 6.107568171810311]","[-4.502760941776971, -14.95900551539705, -5.280215490019335, -2.142763264172578, -6.222240699970284, -4.181583797870963, -6.169343727471213, -4.400883942510399, -2.589917900443433, -6.271585369635949, -3.985429668947819, -3.124372518316608, -3.42269009568193, -2.445228571265674, -7.989768847290147, -6.851832070649056, -3.966033088226063, -4.231637435996796, -7.91234635665746, -4.110514425541323, -5.860794237069281, -3.917339124709767, -7.48502370664915, -10.84032366105223, -4.187271517451621, -16.8217116412063, -4.305340820682613, -5.496644230937537, -2.680043590744298, -4.476278742058616, -9.627065387369644, -4.59603956480666, -4.629007389592569, -2.360470324319465, -4.151739491948284, -4.819219903515981, -5.74688889885351, -3.981698766662774, 4.253920602855747, -5.405818880608669, -6.272358853395485, -3.518768131407285, -8.088134681906888, -5.911583569502163, -6.236595523370079, -7.340663503326361, 5.416858986098123]","[0.9878749946291778, 0.9997578696804336, 0.9772071954911388, 0.9003616634052157, 0.980182295865513, 0.9633479438866271, 0.9321097165816139, 0.9695103168298859, 0.9092796641397443, 0.9775869863749447, 0.9657496933060266, 0.950654265731284, 0.9700434315573195, 0.9011767579414239, 0.9820936970843349, 0.9938126898718609, 0.9646325798510359, 0.9676943792082922, 0.9773080316294318, 0.9679212805707065, 0.9629932128941049, 0.9632803780841583, 0.9941377436005367, 0.9966518062748271, 0.9673223867372739, 0.9980790613464857, 0.9777505532395218, 0.9734076062182643, 0.901186491180328, 0.9664564185961372, 0.9833702563918686, 0.9716681094097689, 0.9668794338707445, 0.922154711576705, 0.9659936753491217, 0.9747479222777593, 0.9905597509907772, 0.9622491104249721, 0.04888856601420098, 0.9760122896699114, 0.9773979195187201, 0.9466414973376985, 0.9845336177208517, 0.9827230059092195, 0.9777861714740014, 0.9798730635350906, 0.02221320606447481]","[0.007371329807933456, 4.670713825261187e-05, 0.01601991049391417, 0.07680785314739699, 0.01379824227505093, 0.02493774573226633, 0.04042852564402735, 0.02080434573137853, 0.06952045224900802, 0.01507819612936441, 0.02391433697562544, 0.03429000077487641, 0.02116887496050541, 0.07585859810997228, 0.01203514930405689, 0.003234513699068655, 0.02445690427913315, 0.02213265632148644, 0.0148067426776257, 0.02213184038211912, 0.02643146319649414, 0.02525664610682287, 0.003054653311929021, 0.001636285243847484, 0.02249941629357652, 0.0007369440366737696, 0.01158749606172284, 0.01795143058169253, 0.07630720338456758, 0.02257225794533017, 0.01073682911235808, 0.01934226809095004, 0.02221583811028244, 0.05490896045738886, 0.0233891262953024, 0.01716577940307576, 0.004879498226222945, 0.02571579726731507, 0.9027044293750803, 0.0163062411478048, 0.0150779055642679, 0.03608523382694267, 0.01003849895628018, 0.0111401131176746, 0.01481594945870028, 0.01337060751176584, 0.9486632845355952]","[0.01556488391600496, 9.790173807389635e-05, 0.03412405494489722, 0.174381489473308, 0.02932546126697648, 0.05360579062892887, 0.08830746801448629, 0.04453192233770936, 0.1566003091321101, 0.03208739749337877, 0.05135198889800652, 0.07442307749295869, 0.04532907585584867, 0.1720494320514834, 0.02553270612316033, 0.006801471162308195, 0.0525462686881069, 0.04743953849049879, 0.03150104463886835, 0.04743775000881329, 0.05690383460168147, 0.05430905604322599, 0.00642210548199632, 0.003435239996388588, 0.0482437528451973, 0.00154575811670619, 0.02457187100528674, 0.03831359945844669, 0.1731509339488618, 0.04840354849663284, 0.02274841056519558, 0.0413406022984955, 0.04762188278221636, 0.1217745221555855, 0.05019717788277623, 0.03660750376158997, 0.01027747309851492, 0.05532242267747688, 19.44640659617643, 0.03474407891036158, 0.0320867696856315, 0.07846531969560996, 0.02125383627210444, 0.02361248519625256, 0.03152092644667156, 0.02840429072956255, 38.73208459789364]"
1,39-532,FUBAR,FMO1,NODE15,0.004517466685849605,"[20, 31, 32, 48, 59, 88, 97, 109, 117, 119, 130, 135, 140, 156, 166, 168, 176, 189, 190, 191, 204, 207, 210, 227, 228, 230, 245, 253, 263, 271, 280, 311, 312, 327, 337, 341, 348, 357, 369, 373, 387, 389, 426, 468, 473, 477, 478]","[4.827838812710351, 15.33947692895842, 5.591237357410443, 2.459867403653099, 6.54705908179896, 4.567624008355658, 7.022760972730953, 4.769233802336779, 2.94418162101573, 6.653286338280054, 4.331994893798173, 3.499194458494555, 3.716032456110102, 2.813443938007131, 8.372520787751442, 7.235367287257077, 4.325910710353609, 4.598585431189511, 8.336923393249338, 4.466343682840129, 6.368822823491291, 4.286850647198564, 7.87204490370601, 11.24808426743036, 4.54840830052572, 17.29129927758455, 4.735180523503381, 5.88302571929393, 3.027957660762411, 4.870107656985635, 10.05296389438003, 4.96084249852779, 5.027977987858181, 2.772475429789361, 4.51779988374981, 5.180810053087858, 6.14217848953842, 4.366207165718851, 0.9255705479514847, 5.77408003604016, 6.664144073429021, 3.948591402703608, 8.493103766722108, 6.300697719630503, 6.62752001797441, 7.73651729255798, 0.6907091857121891]","[0.3250778709333811, 0.3804714135613663, 0.3110218673911078, 0.3171041394805214, 0.324818381828677, 0.3860402104846948, 0.8534172452597403, 0.3683498598263802, 0.3542637205722974, 0.3817009686441051, 0.3465652248503545, 0.3748219401779477, 0.2933423604281719, 0.3682153667414569, 0.3827519404612954, 0.3835352166080206, 0.3598776221275464, 0.3669479951927143, 0.424577036591877, 0.3558292572988055, 0.5080285864220099, 0.3695115224887978, 0.3870211970568603, 0.4077606063781379, 0.3611367830740993, 0.4695876363782491, 0.4298397028207677, 0.3863814883563935, 0.3479140700181132, 0.3938289149270188, 0.4258985070103902, 0.3648029337211296, 0.3989705982656121, 0.4120051054698955, 0.3660603918015264, 0.3615901495718773, 0.3952895906849096, 0.3845083990560773, 5.179491150807232, 0.3682611554314912, 0.3917852200335362, 0.4298232712963232, 0.4049690848152185, 0.38911415012834, 0.3909244946043308, 0.3958537892316184, 6.107568171810311]","[-4.502760941776971, -14.95900551539705, -5.280215490019335, -2.142763264172578, -6.222240699970284, -4.181583797870963, -6.169343727471213, -4.400883942510399, -2.589917900443433, -6.271585369635949, -3.985429668947819, -3.124372518316608, -3.42269009568193, -2.445228571265674, -7.989768847290147, -6.851832070649056, -3.966033088226063, -4.231637435996796, -7.91234635665746, -4.110514425541323, -5.860794237069281, -3.917339124709767, -7.48502370664915, -10.84032366105223, -4.187271517451621, -16.8217116412063, -4.305340820682613, -5.496644230937537, -2.680043590744298, -4.476278742058616, -9.627065387369644, -4.59603956480666, -4.629007389592569, -2.360470324319465, -4.151739491948284, -4.819219903515981, -5.74688889885351, -3.981698766662774, 4.253920602855747, -5.405818880608669, -6.272358853395485, -3.518768131407285, -8.088134681906888, -5.911583569502163, -6.236595523370079, -7.340663503326361, 5.416858986098123]","[0.9878749946291778, 0.9997578696804336, 0.9772071954911388, 0.9003616634052157, 0.980182295865513, 0.9633479438866271, 0.9321097165816139, 0.9695103168298859, 0.9092796641397443, 0.9775869863749447, 0.9657496933060266, 0.950654265731284, 0.9700434315573195, 0.9011767579414239, 0.9820936970843349, 0.9938126898718609, 0.9646325798510359, 0.9676943792082922, 0.9773080316294318, 0.9679212805707065, 0.9629932128941049, 0.9632803780841583, 0.9941377436005367, 0.9966518062748271, 0.9673223867372739, 0.9980790613464857, 0.9777505532395218, 0.9734076062182643, 0.901186491180328, 0.9664564185961372, 0.9833702563918686, 0.9716681094097689, 0.9668794338707445, 0.922154711576705, 0.9659936753491217, 0.9747479222777593, 0.9905597509907772, 0.9622491104249721, 0.04888856601420098, 0.9760122896699114, 0.9773979195187201, 0.9466414973376985, 0.9845336177208517, 0.9827230059092195, 0.9777861714740014, 0.9798730635350906, 0.02221320606447481]","[0.007371329807933456, 4.670713825261187e-05, 0.01601991049391417, 0.07680785314739699, 0.01379824227505093, 0.02493774573226633, 0.04042852564402735, 0.02080434573137853, 0.06952045224900802, 0.01507819612936441, 0.02391433697562544, 0.03429000077487641, 0.02116887496050541, 0.07585859810997228, 0.01203514930405689, 0.003234513699068655, 0.02445690427913315, 0.02213265632148644, 0.0148067426776257, 0.02213184038211912, 0.02643146319649414, 0.02525664610682287, 0.003054653311929021, 0.001636285243847484, 0.02249941629357652, 0.0007369440366737696, 0.01158749606172284, 0.01795143058169253, 0.07630720338456758, 0.02257225794533017, 0.01073682911235808, 0.01934226809095004, 0.02221583811028244, 0.05490896045738886, 0.0233891262953024, 0.01716577940307576, 0.004879498226222945, 0.02571579726731507, 0.9027044293750803, 0.0163062411478048, 0.0150779055642679, 0.03608523382694267, 0.01003849895628018, 0.0111401131176746, 0.01481594945870028, 0.01337060751176584, 0.9486632845355952]","[0.01556488391600496, 9.790173807389635e-05, 0.03412405494489722, 0.174381489473308, 0.02932546126697648, 0.05360579062892887, 0.08830746801448629, 0.04453192233770936, 0.1566003091321101, 0.03208739749337877, 0.05135198889800652, 0.07442307749295869, 0.04532907585584867, 0.1720494320514834, 0.02553270612316033, 0.006801471162308195, 0.0525462686881069, 0.04743953849049879, 0.03150104463886835, 0.04743775000881329, 0.05690383460168147, 0.05430905604322599, 0.00642210548199632, 0.003435239996388588, 0.0482437528451973, 0.00154575811670619, 0.02457187100528674, 0.03831359945844669, 0.1731509339488618, 0.04840354849663284, 0.02274841056519558, 0.0413406022984955, 0.04762188278221636, 0.1217745221555855, 0.05019717788277623, 0.03660750376158997, 0.01027747309851492, 0.05532242267747688, 19.44640659617643, 0.03474407891036158, 0.0320867696856315, 0.07846531969560996, 0.02125383627210444, 0.02361248519625256, 0.03152092644667156, 0.02840429072956255, 38.73208459789364]"
1,39-532,FUBAR,FMO1,NODE16,0.007540240290235907,"[20, 31, 32, 48, 59, 88, 97, 109, 117, 119, 130, 135, 140, 156, 166, 168, 176, 189, 190, 191, 204, 207, 210, 227, 228, 230, 245, 253, 263, 271, 280, 311, 312, 327, 337, 341, 348, 357, 369, 373, 387, 389, 426, 468, 473, 477, 478]","[4.827838812710351, 15.33947692895842, 5.591237357410443, 2.459867403653099, 6.54705908179896, 4.567624008355658, 7.022760972730953, 4.769233802336779, 2.94418162101573, 6.653286338280054, 4.331994893798173, 3.499194458494555, 3.716032456110102, 2.813443938007131, 8.372520787751442, 7.235367287257077, 4.325910710353609, 4.598585431189511, 8.336923393249338, 4.466343682840129, 6.368822823491291, 4.286850647198564, 7.87204490370601, 11.24808426743036, 4.54840830052572, 17.29129927758455, 4.735180523503381, 5.88302571929393, 3.027957660762411, 4.870107656985635, 10.05296389438003, 4.96084249852779, 5.027977987858181, 2.772475429789361, 4.51779988374981, 5.180810053087858, 6.14217848953842, 4.366207165718851, 0.9255705479514847, 5.77408003604016, 6.664144073429021, 3.948591402703608, 8.493103766722108, 6.300697719630503, 6.62752001797441, 7.73651729255798, 0.6907091857121891]","[0.3250778709333811, 0.3804714135613663, 0.3110218673911078, 0.3171041394805214, 0.324818381828677, 0.3860402104846948, 0.8534172452597403, 0.3683498598263802, 0.3542637205722974, 0.3817009686441051, 0.3465652248503545, 0.3748219401779477, 0.2933423604281719, 0.3682153667414569, 0.3827519404612954, 0.3835352166080206, 0.3598776221275464, 0.3669479951927143, 0.424577036591877, 0.3558292572988055, 0.5080285864220099, 0.3695115224887978, 0.3870211970568603, 0.4077606063781379, 0.3611367830740993, 0.4695876363782491, 0.4298397028207677, 0.3863814883563935, 0.3479140700181132, 0.3938289149270188, 0.4258985070103902, 0.3648029337211296, 0.3989705982656121, 0.4120051054698955, 0.3660603918015264, 0.3615901495718773, 0.3952895906849096, 0.3845083990560773, 5.179491150807232, 0.3682611554314912, 0.3917852200335362, 0.4298232712963232, 0.4049690848152185, 0.38911415012834, 0.3909244946043308, 0.3958537892316184, 6.107568171810311]","[-4.502760941776971, -14.95900551539705, -5.280215490019335, -2.142763264172578, -6.222240699970284, -4.181583797870963, -6.169343727471213, -4.400883942510399, -2.589917900443433, -6.271585369635949, -3.985429668947819, -3.124372518316608, -3.42269009568193, -2.445228571265674, -7.989768847290147, -6.851832070649056, -3.966033088226063, -4.231637435996796, -7.91234635665746, -4.110514425541323, -5.860794237069281, -3.917339124709767, -7.48502370664915, -10.84032366105223, -4.187271517451621, -16.8217116412063, -4.305340820682613, -5.496644230937537, -2.680043590744298, -4.476278742058616, -9.627065387369644, -4.59603956480666, -4.629007389592569, -2.360470324319465, -4.151739491948284, -4.819219903515981, -5.74688889885351, -3.981698766662774, 4.253920602855747, -5.405818880608669, -6.272358853395485, -3.518768131407285, -8.088134681906888, -5.911583569502163, -6.236595523370079, -7.340663503326361, 5.416858986098123]","[0.9878749946291778, 0.9997578696804336, 0.9772071954911388, 0.9003616634052157, 0.980182295865513, 0.9633479438866271, 0.9321097165816139, 0.9695103168298859, 0.9092796641397443, 0.9775869863749447, 0.9657496933060266, 0.950654265731284, 0.9700434315573195, 0.9011767579414239, 0.9820936970843349, 0.9938126898718609, 0.9646325798510359, 0.9676943792082922, 0.9773080316294318, 0.9679212805707065, 0.9629932128941049, 0.9632803780841583, 0.9941377436005367, 0.9966518062748271, 0.9673223867372739, 0.9980790613464857, 0.9777505532395218, 0.9734076062182643, 0.901186491180328, 0.9664564185961372, 0.9833702563918686, 0.9716681094097689, 0.9668794338707445, 0.922154711576705, 0.9659936753491217, 0.9747479222777593, 0.9905597509907772, 0.9622491104249721, 0.04888856601420098, 0.9760122896699114, 0.9773979195187201, 0.9466414973376985, 0.9845336177208517, 0.9827230059092195, 0.9777861714740014, 0.9798730635350906, 0.02221320606447481]","[0.007371329807933456, 4.670713825261187e-05, 0.01601991049391417, 0.07680785314739699, 0.01379824227505093, 0.02493774573226633, 0.04042852564402735, 0.02080434573137853, 0.06952045224900802, 0.01507819612936441, 0.02391433697562544, 0.03429000077487641, 0.02116887496050541, 0.07585859810997228, 0.01203514930405689, 0.003234513699068655, 0.02445690427913315, 0.02213265632148644, 0.0148067426776257, 0.02213184038211912, 0.02643146319649414, 0.02525664610682287, 0.003054653311929021, 0.001636285243847484, 0.02249941629357652, 0.0007369440366737696, 0.01158749606172284, 0.01795143058169253, 0.07630720338456758, 0.02257225794533017, 0.01073682911235808, 0.01934226809095004, 0.02221583811028244, 0.05490896045738886, 0.0233891262953024, 0.01716577940307576, 0.004879498226222945, 0.02571579726731507, 0.9027044293750803, 0.0163062411478048, 0.0150779055642679, 0.03608523382694267, 0.01003849895628018, 0.0111401131176746, 0.01481594945870028, 0.01337060751176584, 0.9486632845355952]","[0.01556488391600496, 9.790173807389635e-05, 0.03412405494489722, 0.174381489473308, 0.02932546126697648, 0.05360579062892887, 0.08830746801448629, 0.04453192233770936, 0.1566003091321101, 0.03208739749337877, 0.05135198889800652, 0.07442307749295869, 0.04532907585584867, 0.1720494320514834, 0.02553270612316033, 0.006801471162308195, 0.0525462686881069, 0.04743953849049879, 0.03150104463886835, 0.04743775000881329, 0.05690383460168147, 0.05430905604322599, 0.00642210548199632, 0.003435239996388588, 0.0482437528451973, 0.00154575811670619, 0.02457187100528674, 0.03831359945844669, 0.1731509339488618, 0.04840354849663284, 0.02274841056519558, 0.0413406022984955, 0.04762188278221636, 0.1217745221555855, 0.05019717788277623, 0.03660750376158997, 0.01027747309851492, 0.05532242267747688, 19.44640659617643, 0.03474407891036158, 0.0320867696856315, 0.07846531969560996, 0.02125383627210444, 0.02361248519625256, 0.03152092644667156, 0.02840429072956255, 38.73208459789364]"
1,39-532,FUBAR,FMO1,NODE17,0.002879848450387225,"[20, 31, 32, 48, 59, 88, 97, 109, 117, 119, 130, 135, 140, 156, 166, 168, 176, 189, 190, 191, 204, 207, 210, 227, 228, 230, 245, 253, 263, 271, 280, 311, 312, 327, 337, 341, 348, 357, 369, 373, 387, 389, 426, 468, 473, 477, 478]","[4.827838812710351, 15.33947692895842, 5.591237357410443, 2.459867403653099, 6.54705908179896, 4.567624008355658, 7.022760972730953, 4.769233802336779, 2.94418162101573, 6.653286338280054, 4.331994893798173, 3.499194458494555, 3.716032456110102, 2.813443938007131, 8.372520787751442, 7.235367287257077, 4.325910710353609, 4.598585431189511, 8.336923393249338, 4.466343682840129, 6.368822823491291, 4.286850647198564, 7.87204490370601, 11.24808426743036, 4.54840830052572, 17.29129927758455, 4.735180523503381, 5.88302571929393, 3.027957660762411, 4.870107656985635, 10.05296389438003, 4.96084249852779, 5.027977987858181, 2.772475429789361, 4.51779988374981, 5.180810053087858, 6.14217848953842, 4.366207165718851, 0.9255705479514847, 5.77408003604016, 6.664144073429021, 3.948591402703608, 8.493103766722108, 6.300697719630503, 6.62752001797441, 7.73651729255798, 0.6907091857121891]","[0.3250778709333811, 0.3804714135613663, 0.3110218673911078, 0.3171041394805214, 0.324818381828677, 0.3860402104846948, 0.8534172452597403, 0.3683498598263802, 0.3542637205722974, 0.3817009686441051, 0.3465652248503545, 0.3748219401779477, 0.2933423604281719, 0.3682153667414569, 0.3827519404612954, 0.3835352166080206, 0.3598776221275464, 0.3669479951927143, 0.424577036591877, 0.3558292572988055, 0.5080285864220099, 0.3695115224887978, 0.3870211970568603, 0.4077606063781379, 0.3611367830740993, 0.4695876363782491, 0.4298397028207677, 0.3863814883563935, 0.3479140700181132, 0.3938289149270188, 0.4258985070103902, 0.3648029337211296, 0.3989705982656121, 0.4120051054698955, 0.3660603918015264, 0.3615901495718773, 0.3952895906849096, 0.3845083990560773, 5.179491150807232, 0.3682611554314912, 0.3917852200335362, 0.4298232712963232, 0.4049690848152185, 0.38911415012834, 0.3909244946043308, 0.3958537892316184, 6.107568171810311]","[-4.502760941776971, -14.95900551539705, -5.280215490019335, -2.142763264172578, -6.222240699970284, -4.181583797870963, -6.169343727471213, -4.400883942510399, -2.589917900443433, -6.271585369635949, -3.985429668947819, -3.124372518316608, -3.42269009568193, -2.445228571265674, -7.989768847290147, -6.851832070649056, -3.966033088226063, -4.231637435996796, -7.91234635665746, -4.110514425541323, -5.860794237069281, -3.917339124709767, -7.48502370664915, -10.84032366105223, -4.187271517451621, -16.8217116412063, -4.305340820682613, -5.496644230937537, -2.680043590744298, -4.476278742058616, -9.627065387369644, -4.59603956480666, -4.629007389592569, -2.360470324319465, -4.151739491948284, -4.819219903515981, -5.74688889885351, -3.981698766662774, 4.253920602855747, -5.405818880608669, -6.272358853395485, -3.518768131407285, -8.088134681906888, -5.911583569502163, -6.236595523370079, -7.340663503326361, 5.416858986098123]","[0.9878749946291778, 0.9997578696804336, 0.9772071954911388, 0.9003616634052157, 0.980182295865513, 0.9633479438866271, 0.9321097165816139, 0.9695103168298859, 0.9092796641397443, 0.9775869863749447, 0.9657496933060266, 0.950654265731284, 0.9700434315573195, 0.9011767579414239, 0.9820936970843349, 0.9938126898718609, 0.9646325798510359, 0.9676943792082922, 0.9773080316294318, 0.9679212805707065, 0.9629932128941049, 0.9632803780841583, 0.9941377436005367, 0.9966518062748271, 0.9673223867372739, 0.9980790613464857, 0.9777505532395218, 0.9734076062182643, 0.901186491180328, 0.9664564185961372, 0.9833702563918686, 0.9716681094097689, 0.9668794338707445, 0.922154711576705, 0.9659936753491217, 0.9747479222777593, 0.9905597509907772, 0.9622491104249721, 0.04888856601420098, 0.9760122896699114, 0.9773979195187201, 0.9466414973376985, 0.9845336177208517, 0.9827230059092195, 0.9777861714740014, 0.9798730635350906, 0.02221320606447481]","[0.007371329807933456, 4.670713825261187e-05, 0.01601991049391417, 0.07680785314739699, 0.01379824227505093, 0.02493774573226633, 0.04042852564402735, 0.02080434573137853, 0.06952045224900802, 0.01507819612936441, 0.02391433697562544, 0.03429000077487641, 0.02116887496050541, 0.07585859810997228, 0.01203514930405689, 0.003234513699068655, 0.02445690427913315, 0.02213265632148644, 0.0148067426776257, 0.02213184038211912, 0.02643146319649414, 0.02525664610682287, 0.003054653311929021, 0.001636285243847484, 0.02249941629357652, 0.0007369440366737696, 0.01158749606172284, 0.01795143058169253, 0.07630720338456758, 0.02257225794533017, 0.01073682911235808, 0.01934226809095004, 0.02221583811028244, 0.05490896045738886, 0.0233891262953024, 0.01716577940307576, 0.004879498226222945, 0.02571579726731507, 0.9027044293750803, 0.0163062411478048, 0.0150779055642679, 0.03608523382694267, 0.01003849895628018, 0.0111401131176746, 0.01481594945870028, 0.01337060751176584, 0.9486632845355952]","[0.01556488391600496, 9.790173807389635e-05, 0.03412405494489722, 0.174381489473308, 0.02932546126697648, 0.05360579062892887, 0.08830746801448629, 0.04453192233770936, 0.1566003091321101, 0.03208739749337877, 0.05135198889800652, 0.07442307749295869, 0.04532907585584867, 0.1720494320514834, 0.02553270612316033, 0.006801471162308195, 0.0525462686881069, 0.04743953849049879, 0.03150104463886835, 0.04743775000881329, 0.05690383460168147, 0.05430905604322599, 0.00642210548199632, 0.003435239996388588, 0.0482437528451973, 0.00154575811670619, 0.02457187100528674, 0.03831359945844669, 0.1731509339488618, 0.04840354849663284, 0.02274841056519558, 0.0413406022984955, 0.04762188278221636, 0.1217745221555855, 0.05019717788277623, 0.03660750376158997, 0.01027747309851492, 0.05532242267747688, 19.44640659617643, 0.03474407891036158, 0.0320867696856315, 0.07846531969560996, 0.02125383627210444, 0.02361248519625256, 0.03152092644667156, 0.02840429072956255, 38.73208459789364]"
1,39-532,FUBAR,FMO1,NODE18,0.003193454391405163,"[20, 31, 32, 48, 59, 88, 97, 109, 117, 119, 130, 135, 140, 156, 166, 168, 176, 189, 190, 191, 204, 207, 210, 227, 228, 230, 245, 253, 263, 271, 280, 311, 312, 327, 337, 341, 348, 357, 369, 373, 387, 389, 426, 468, 473, 477, 478]","[4.827838812710351, 15.33947692895842, 5.591237357410443, 2.459867403653099, 6.54705908179896, 4.567624008355658, 7.022760972730953, 4.769233802336779, 2.94418162101573, 6.653286338280054, 4.331994893798173, 3.499194458494555, 3.716032456110102, 2.813443938007131, 8.372520787751442, 7.235367287257077, 4.325910710353609, 4.598585431189511, 8.336923393249338, 4.466343682840129, 6.368822823491291, 4.286850647198564, 7.87204490370601, 11.24808426743036, 4.54840830052572, 17.29129927758455, 4.735180523503381, 5.88302571929393, 3.027957660762411, 4.870107656985635, 10.05296389438003, 4.96084249852779, 5.027977987858181, 2.772475429789361, 4.51779988374981, 5.180810053087858, 6.14217848953842, 4.366207165718851, 0.9255705479514847, 5.77408003604016, 6.664144073429021, 3.948591402703608, 8.493103766722108, 6.300697719630503, 6.62752001797441, 7.73651729255798, 0.6907091857121891]","[0.3250778709333811, 0.3804714135613663, 0.3110218673911078, 0.3171041394805214, 0.324818381828677, 0.3860402104846948, 0.8534172452597403, 0.3683498598263802, 0.3542637205722974, 0.3817009686441051, 0.3465652248503545, 0.3748219401779477, 0.2933423604281719, 0.3682153667414569, 0.3827519404612954, 0.3835352166080206, 0.3598776221275464, 0.3669479951927143, 0.424577036591877, 0.3558292572988055, 0.5080285864220099, 0.3695115224887978, 0.3870211970568603, 0.4077606063781379, 0.3611367830740993, 0.4695876363782491, 0.4298397028207677, 0.3863814883563935, 0.3479140700181132, 0.3938289149270188, 0.4258985070103902, 0.3648029337211296, 0.3989705982656121, 0.4120051054698955, 0.3660603918015264, 0.3615901495718773, 0.3952895906849096, 0.3845083990560773, 5.179491150807232, 0.3682611554314912, 0.3917852200335362, 0.4298232712963232, 0.4049690848152185, 0.38911415012834, 0.3909244946043308, 0.3958537892316184, 6.107568171810311]","[-4.502760941776971, -14.95900551539705, -5.280215490019335, -2.142763264172578, -6.222240699970284, -4.181583797870963, -6.169343727471213, -4.400883942510399, -2.589917900443433, -6.271585369635949, -3.985429668947819, -3.124372518316608, -3.42269009568193, -2.445228571265674, -7.989768847290147, -6.851832070649056, -3.966033088226063, -4.231637435996796, -7.91234635665746, -4.110514425541323, -5.860794237069281, -3.917339124709767, -7.48502370664915, -10.84032366105223, -4.187271517451621, -16.8217116412063, -4.305340820682613, -5.496644230937537, -2.680043590744298, -4.476278742058616, -9.627065387369644, -4.59603956480666, -4.629007389592569, -2.360470324319465, -4.151739491948284, -4.819219903515981, -5.74688889885351, -3.981698766662774, 4.253920602855747, -5.405818880608669, -6.272358853395485, -3.518768131407285, -8.088134681906888, -5.911583569502163, -6.236595523370079, -7.340663503326361, 5.416858986098123]","[0.9878749946291778, 0.9997578696804336, 0.9772071954911388, 0.9003616634052157, 0.980182295865513, 0.9633479438866271, 0.9321097165816139, 0.9695103168298859, 0.9092796641397443, 0.9775869863749447, 0.9657496933060266, 0.950654265731284, 0.9700434315573195, 0.9011767579414239, 0.9820936970843349, 0.9938126898718609, 0.9646325798510359, 0.9676943792082922, 0.9773080316294318, 0.9679212805707065, 0.9629932128941049, 0.9632803780841583, 0.9941377436005367, 0.9966518062748271, 0.9673223867372739, 0.9980790613464857, 0.9777505532395218, 0.9734076062182643, 0.901186491180328, 0.9664564185961372, 0.9833702563918686, 0.9716681094097689, 0.9668794338707445, 0.922154711576705, 0.9659936753491217, 0.9747479222777593, 0.9905597509907772, 0.9622491104249721, 0.04888856601420098, 0.9760122896699114, 0.9773979195187201, 0.9466414973376985, 0.9845336177208517, 0.9827230059092195, 0.9777861714740014, 0.9798730635350906, 0.02221320606447481]","[0.007371329807933456, 4.670713825261187e-05, 0.01601991049391417, 0.07680785314739699, 0.01379824227505093, 0.02493774573226633, 0.04042852564402735, 0.02080434573137853, 0.06952045224900802, 0.01507819612936441, 0.02391433697562544, 0.03429000077487641, 0.02116887496050541, 0.07585859810997228, 0.01203514930405689, 0.003234513699068655, 0.02445690427913315, 0.02213265632148644, 0.0148067426776257, 0.02213184038211912, 0.02643146319649414, 0.02525664610682287, 0.003054653311929021, 0.001636285243847484, 0.02249941629357652, 0.0007369440366737696, 0.01158749606172284, 0.01795143058169253, 0.07630720338456758, 0.02257225794533017, 0.01073682911235808, 0.01934226809095004, 0.02221583811028244, 0.05490896045738886, 0.0233891262953024, 0.01716577940307576, 0.004879498226222945, 0.02571579726731507, 0.9027044293750803, 0.0163062411478048, 0.0150779055642679, 0.03608523382694267, 0.01003849895628018, 0.0111401131176746, 0.01481594945870028, 0.01337060751176584, 0.9486632845355952]","[0.01556488391600496, 9.790173807389635e-05, 0.03412405494489722, 0.174381489473308, 0.02932546126697648, 0.05360579062892887, 0.08830746801448629, 0.04453192233770936, 0.1566003091321101, 0.03208739749337877, 0.05135198889800652, 0.07442307749295869, 0.04532907585584867, 0.1720494320514834, 0.02553270612316033, 0.006801471162308195, 0.0525462686881069, 0.04743953849049879, 0.03150104463886835, 0.04743775000881329, 0.05690383460168147, 0.05430905604322599, 0.00642210548199632, 0.003435239996388588, 0.0482437528451973, 0.00154575811670619, 0.02457187100528674, 0.03831359945844669, 0.1731509339488618, 0.04840354849663284, 0.02274841056519558, 0.0413406022984955, 0.04762188278221636, 0.1217745221555855, 0.05019717788277623, 0.03660750376158997, 0.01027747309851492, 0.05532242267747688, 19.44640659617643, 0.03474407891036158, 0.0320867696856315, 0.07846531969560996, 0.02125383627210444, 0.02361248519625256, 0.03152092644667156, 0.02840429072956255, 38.73208459789364]"
1,39-532,FUBAR,FMO1,NODE2,0.002035435601919565,"[20, 31, 32, 48, 59, 88, 97, 109, 117, 119, 130, 135, 140, 156, 166, 168, 176, 189, 190, 191, 204, 207, 210, 227, 228, 230, 245, 253, 263, 271, 280, 311, 312, 327, 337, 341, 348, 357, 369, 373, 387, 389, 426, 468, 473, 477, 478]","[4.827838812710351, 15.33947692895842, 5.591237357410443, 2.459867403653099, 6.54705908179896, 4.567624008355658, 7.022760972730953, 4.769233802336779, 2.94418162101573, 6.653286338280054, 4.331994893798173, 3.499194458494555, 3.716032456110102, 2.813443938007131, 8.372520787751442, 7.235367287257077, 4.325910710353609, 4.598585431189511, 8.336923393249338, 4.466343682840129, 6.368822823491291, 4.286850647198564, 7.87204490370601, 11.24808426743036, 4.54840830052572, 17.29129927758455, 4.735180523503381, 5.88302571929393, 3.027957660762411, 4.870107656985635, 10.05296389438003, 4.96084249852779, 5.027977987858181, 2.772475429789361, 4.51779988374981, 5.180810053087858, 6.14217848953842, 4.366207165718851, 0.9255705479514847, 5.77408003604016, 6.664144073429021, 3.948591402703608, 8.493103766722108, 6.300697719630503, 6.62752001797441, 7.73651729255798, 0.6907091857121891]","[0.3250778709333811, 0.3804714135613663, 0.3110218673911078, 0.3171041394805214, 0.324818381828677, 0.3860402104846948, 0.8534172452597403, 0.3683498598263802, 0.3542637205722974, 0.3817009686441051, 0.3465652248503545, 0.3748219401779477, 0.2933423604281719, 0.3682153667414569, 0.3827519404612954, 0.3835352166080206, 0.3598776221275464, 0.3669479951927143, 0.424577036591877, 0.3558292572988055, 0.5080285864220099, 0.3695115224887978, 0.3870211970568603, 0.4077606063781379, 0.3611367830740993, 0.4695876363782491, 0.4298397028207677, 0.3863814883563935, 0.3479140700181132, 0.3938289149270188, 0.4258985070103902, 0.3648029337211296, 0.3989705982656121, 0.4120051054698955, 0.3660603918015264, 0.3615901495718773, 0.3952895906849096, 0.3845083990560773, 5.179491150807232, 0.3682611554314912, 0.3917852200335362, 0.4298232712963232, 0.4049690848152185, 0.38911415012834, 0.3909244946043308, 0.3958537892316184, 6.107568171810311]","[-4.502760941776971, -14.95900551539705, -5.280215490019335, -2.142763264172578, -6.222240699970284, -4.181583797870963, -6.169343727471213, -4.400883942510399, -2.589917900443433, -6.271585369635949, -3.985429668947819, -3.124372518316608, -3.42269009568193, -2.445228571265674, -7.989768847290147, -6.851832070649056, -3.966033088226063, -4.231637435996796, -7.91234635665746, -4.110514425541323, -5.860794237069281, -3.917339124709767, -7.48502370664915, -10.84032366105223, -4.187271517451621, -16.8217116412063, -4.305340820682613, -5.496644230937537, -2.680043590744298, -4.476278742058616, -9.627065387369644, -4.59603956480666, -4.629007389592569, -2.360470324319465, -4.151739491948284, -4.819219903515981, -5.74688889885351, -3.981698766662774, 4.253920602855747, -5.405818880608669, -6.272358853395485, -3.518768131407285, -8.088134681906888, -5.911583569502163, -6.236595523370079, -7.340663503326361, 5.416858986098123]","[0.9878749946291778, 0.9997578696804336, 0.9772071954911388, 0.9003616634052157, 0.980182295865513, 0.9633479438866271, 0.9321097165816139, 0.9695103168298859, 0.9092796641397443, 0.9775869863749447, 0.9657496933060266, 0.950654265731284, 0.9700434315573195, 0.9011767579414239, 0.9820936970843349, 0.9938126898718609, 0.9646325798510359, 0.9676943792082922, 0.9773080316294318, 0.9679212805707065, 0.9629932128941049, 0.9632803780841583, 0.9941377436005367, 0.9966518062748271, 0.9673223867372739, 0.9980790613464857, 0.9777505532395218, 0.9734076062182643, 0.901186491180328, 0.9664564185961372, 0.9833702563918686, 0.9716681094097689, 0.9668794338707445, 0.922154711576705, 0.9659936753491217, 0.9747479222777593, 0.9905597509907772, 0.9622491104249721, 0.04888856601420098, 0.9760122896699114, 0.9773979195187201, 0.9466414973376985, 0.9845336177208517, 0.9827230059092195, 0.9777861714740014, 0.9798730635350906, 0.02221320606447481]","[0.007371329807933456, 4.670713825261187e-05, 0.01601991049391417, 0.07680785314739699, 0.01379824227505093, 0.02493774573226633, 0.04042852564402735, 0.02080434573137853, 0.06952045224900802, 0.01507819612936441, 0.02391433697562544, 0.03429000077487641, 0.02116887496050541, 0.07585859810997228, 0.01203514930405689, 0.003234513699068655, 0.02445690427913315, 0.02213265632148644, 0.0148067426776257, 0.02213184038211912, 0.02643146319649414, 0.02525664610682287, 0.003054653311929021, 0.001636285243847484, 0.02249941629357652, 0.0007369440366737696, 0.01158749606172284, 0.01795143058169253, 0.07630720338456758, 0.02257225794533017, 0.01073682911235808, 0.01934226809095004, 0.02221583811028244, 0.05490896045738886, 0.0233891262953024, 0.01716577940307576, 0.004879498226222945, 0.02571579726731507, 0.9027044293750803, 0.0163062411478048, 0.0150779055642679, 0.03608523382694267, 0.01003849895628018, 0.0111401131176746, 0.01481594945870028, 0.01337060751176584, 0.9486632845355952]","[0.01556488391600496, 9.790173807389635e-05, 0.03412405494489722, 0.174381489473308, 0.02932546126697648, 0.05360579062892887, 0.08830746801448629, 0.04453192233770936, 0.1566003091321101, 0.03208739749337877, 0.05135198889800652, 0.07442307749295869, 0.04532907585584867, 0.1720494320514834, 0.02553270612316033, 0.006801471162308195, 0.0525462686881069, 0.04743953849049879, 0.03150104463886835, 0.04743775000881329, 0.05690383460168147, 0.05430905604322599, 0.00642210548199632, 0.003435239996388588, 0.0482437528451973, 0.00154575811670619, 0.02457187100528674, 0.03831359945844669, 0.1731509339488618, 0.04840354849663284, 0.02274841056519558, 0.0413406022984955, 0.04762188278221636, 0.1217745221555855, 0.05019717788277623, 0.03660750376158997, 0.01027747309851492, 0.05532242267747688, 19.44640659617643, 0.03474407891036158, 0.0320867696856315, 0.07846531969560996, 0.02125383627210444, 0.02361248519625256, 0.03152092644667156, 0.02840429072956255, 38.73208459789364]"
1,39-532,FUBAR,FMO1,NODE21,0.0006781933053825428,"[20, 31, 32, 48, 59, 88, 97, 109, 117, 119, 130, 135, 140, 156, 166, 168, 176, 189, 190, 191, 204, 207, 210, 227, 228, 230, 245, 253, 263, 271, 280, 311, 312, 327, 337, 341, 348, 357, 369, 373, 387, 389, 426, 468, 473, 477, 478]","[4.827838812710351, 15.33947692895842, 5.591237357410443, 2.459867403653099, 6.54705908179896, 4.567624008355658, 7.022760972730953, 4.769233802336779, 2.94418162101573, 6.653286338280054, 4.331994893798173, 3.499194458494555, 3.716032456110102, 2.813443938007131, 8.372520787751442, 7.235367287257077, 4.325910710353609, 4.598585431189511, 8.336923393249338, 4.466343682840129, 6.368822823491291, 4.286850647198564, 7.87204490370601, 11.24808426743036, 4.54840830052572, 17.29129927758455, 4.735180523503381, 5.88302571929393, 3.027957660762411, 4.870107656985635, 10.05296389438003, 4.96084249852779, 5.027977987858181, 2.772475429789361, 4.51779988374981, 5.180810053087858, 6.14217848953842, 4.366207165718851, 0.9255705479514847, 5.77408003604016, 6.664144073429021, 3.948591402703608, 8.493103766722108, 6.300697719630503, 6.62752001797441, 7.73651729255798, 0.6907091857121891]","[0.3250778709333811, 0.3804714135613663, 0.3110218673911078, 0.3171041394805214, 0.324818381828677, 0.3860402104846948, 0.8534172452597403, 0.3683498598263802, 0.3542637205722974, 0.3817009686441051, 0.3465652248503545, 0.3748219401779477, 0.2933423604281719, 0.3682153667414569, 0.3827519404612954, 0.3835352166080206, 0.3598776221275464, 0.3669479951927143, 0.424577036591877, 0.3558292572988055, 0.5080285864220099, 0.3695115224887978, 0.3870211970568603, 0.4077606063781379, 0.3611367830740993, 0.4695876363782491, 0.4298397028207677, 0.3863814883563935, 0.3479140700181132, 0.3938289149270188, 0.4258985070103902, 0.3648029337211296, 0.3989705982656121, 0.4120051054698955, 0.3660603918015264, 0.3615901495718773, 0.3952895906849096, 0.3845083990560773, 5.179491150807232, 0.3682611554314912, 0.3917852200335362, 0.4298232712963232, 0.4049690848152185, 0.38911415012834, 0.3909244946043308, 0.3958537892316184, 6.107568171810311]","[-4.502760941776971, -14.95900551539705, -5.280215490019335, -2.142763264172578, -6.222240699970284, -4.181583797870963, -6.169343727471213, -4.400883942510399, -2.589917900443433, -6.271585369635949, -3.985429668947819, -3.124372518316608, -3.42269009568193, -2.445228571265674, -7.989768847290147, -6.851832070649056, -3.966033088226063, -4.231637435996796, -7.91234635665746, -4.110514425541323, -5.860794237069281, -3.917339124709767, -7.48502370664915, -10.84032366105223, -4.187271517451621, -16.8217116412063, -4.305340820682613, -5.496644230937537, -2.680043590744298, -4.476278742058616, -9.627065387369644, -4.59603956480666, -4.629007389592569, -2.360470324319465, -4.151739491948284, -4.819219903515981, -5.74688889885351, -3.981698766662774, 4.253920602855747, -5.405818880608669, -6.272358853395485, -3.518768131407285, -8.088134681906888, -5.911583569502163, -6.236595523370079, -7.340663503326361, 5.416858986098123]","[0.9878749946291778, 0.9997578696804336, 0.9772071954911388, 0.9003616634052157, 0.980182295865513, 0.9633479438866271, 0.9321097165816139, 0.9695103168298859, 0.9092796641397443, 0.9775869863749447, 0.9657496933060266, 0.950654265731284, 0.9700434315573195, 0.9011767579414239, 0.9820936970843349, 0.9938126898718609, 0.9646325798510359, 0.9676943792082922, 0.9773080316294318, 0.9679212805707065, 0.9629932128941049, 0.9632803780841583, 0.9941377436005367, 0.9966518062748271, 0.9673223867372739, 0.9980790613464857, 0.9777505532395218, 0.9734076062182643, 0.901186491180328, 0.9664564185961372, 0.9833702563918686, 0.9716681094097689, 0.9668794338707445, 0.922154711576705, 0.9659936753491217, 0.9747479222777593, 0.9905597509907772, 0.9622491104249721, 0.04888856601420098, 0.9760122896699114, 0.9773979195187201, 0.9466414973376985, 0.9845336177208517, 0.9827230059092195, 0.9777861714740014, 0.9798730635350906, 0.02221320606447481]","[0.007371329807933456, 4.670713825261187e-05, 0.01601991049391417, 0.07680785314739699, 0.01379824227505093, 0.02493774573226633, 0.04042852564402735, 0.02080434573137853, 0.06952045224900802, 0.01507819612936441, 0.02391433697562544, 0.03429000077487641, 0.02116887496050541, 0.07585859810997228, 0.01203514930405689, 0.003234513699068655, 0.02445690427913315, 0.02213265632148644, 0.0148067426776257, 0.02213184038211912, 0.02643146319649414, 0.02525664610682287, 0.003054653311929021, 0.001636285243847484, 0.02249941629357652, 0.0007369440366737696, 0.01158749606172284, 0.01795143058169253, 0.07630720338456758, 0.02257225794533017, 0.01073682911235808, 0.01934226809095004, 0.02221583811028244, 0.05490896045738886, 0.0233891262953024, 0.01716577940307576, 0.004879498226222945, 0.02571579726731507, 0.9027044293750803, 0.0163062411478048, 0.0150779055642679, 0.03608523382694267, 0.01003849895628018, 0.0111401131176746, 0.01481594945870028, 0.01337060751176584, 0.9486632845355952]","[0.01556488391600496, 9.790173807389635e-05, 0.03412405494489722, 0.174381489473308, 0.02932546126697648, 0.05360579062892887, 0.08830746801448629, 0.04453192233770936, 0.1566003091321101, 0.03208739749337877, 0.05135198889800652, 0.07442307749295869, 0.04532907585584867, 0.1720494320514834, 0.02553270612316033, 0.006801471162308195, 0.0525462686881069, 0.04743953849049879, 0.03150104463886835, 0.04743775000881329, 0.05690383460168147, 0.05430905604322599, 0.00642210548199632, 0.003435239996388588, 0.0482437528451973, 0.00154575811670619, 0.02457187100528674, 0.03831359945844669, 0.1731509339488618, 0.04840354849663284, 0.02274841056519558, 0.0413406022984955, 0.04762188278221636, 0.1217745221555855, 0.05019717788277623, 0.03660750376158997, 0.01027747309851492, 0.05532242267747688, 19.44640659617643, 0.03474407891036158, 0.0320867696856315, 0.07846531969560996, 0.02125383627210444, 0.02361248519625256, 0.03152092644667156, 0.02840429072956255, 38.73208459789364]"
1,39-532,FUBAR,FMO1,NODE22,0.001356592605164439,"[20, 31, 32, 48, 59, 88, 97, 109, 117, 119, 130, 135, 140, 156, 166, 168, 176, 189, 190, 191, 204, 207, 210, 227, 228, 230, 245, 253, 263, 271, 280, 311, 312, 327, 337, 341, 348, 357, 369, 373, 387, 389, 426, 468, 473, 477, 478]","[4.827838812710351, 15.33947692895842, 5.591237357410443, 2.459867403653099, 6.54705908179896, 4.567624008355658, 7.022760972730953, 4.769233802336779, 2.94418162101573, 6.653286338280054, 4.331994893798173, 3.499194458494555, 3.716032456110102, 2.813443938007131, 8.372520787751442, 7.235367287257077, 4.325910710353609, 4.598585431189511, 8.336923393249338, 4.466343682840129, 6.368822823491291, 4.286850647198564, 7.87204490370601, 11.24808426743036, 4.54840830052572, 17.29129927758455, 4.735180523503381, 5.88302571929393, 3.027957660762411, 4.870107656985635, 10.05296389438003, 4.96084249852779, 5.027977987858181, 2.772475429789361, 4.51779988374981, 5.180810053087858, 6.14217848953842, 4.366207165718851, 0.9255705479514847, 5.77408003604016, 6.664144073429021, 3.948591402703608, 8.493103766722108, 6.300697719630503, 6.62752001797441, 7.73651729255798, 0.6907091857121891]","[0.3250778709333811, 0.3804714135613663, 0.3110218673911078, 0.3171041394805214, 0.324818381828677, 0.3860402104846948, 0.8534172452597403, 0.3683498598263802, 0.3542637205722974, 0.3817009686441051, 0.3465652248503545, 0.3748219401779477, 0.2933423604281719, 0.3682153667414569, 0.3827519404612954, 0.3835352166080206, 0.3598776221275464, 0.3669479951927143, 0.424577036591877, 0.3558292572988055, 0.5080285864220099, 0.3695115224887978, 0.3870211970568603, 0.4077606063781379, 0.3611367830740993, 0.4695876363782491, 0.4298397028207677, 0.3863814883563935, 0.3479140700181132, 0.3938289149270188, 0.4258985070103902, 0.3648029337211296, 0.3989705982656121, 0.4120051054698955, 0.3660603918015264, 0.3615901495718773, 0.3952895906849096, 0.3845083990560773, 5.179491150807232, 0.3682611554314912, 0.3917852200335362, 0.4298232712963232, 0.4049690848152185, 0.38911415012834, 0.3909244946043308, 0.3958537892316184, 6.107568171810311]","[-4.502760941776971, -14.95900551539705, -5.280215490019335, -2.142763264172578, -6.222240699970284, -4.181583797870963, -6.169343727471213, -4.400883942510399, -2.589917900443433, -6.271585369635949, -3.985429668947819, -3.124372518316608, -3.42269009568193, -2.445228571265674, -7.989768847290147, -6.851832070649056, -3.966033088226063, -4.231637435996796, -7.91234635665746, -4.110514425541323, -5.860794237069281, -3.917339124709767, -7.48502370664915, -10.84032366105223, -4.187271517451621, -16.8217116412063, -4.305340820682613, -5.496644230937537, -2.680043590744298, -4.476278742058616, -9.627065387369644, -4.59603956480666, -4.629007389592569, -2.360470324319465, -4.151739491948284, -4.819219903515981, -5.74688889885351, -3.981698766662774, 4.253920602855747, -5.405818880608669, -6.272358853395485, -3.518768131407285, -8.088134681906888, -5.911583569502163, -6.236595523370079, -7.340663503326361, 5.416858986098123]","[0.9878749946291778, 0.9997578696804336, 0.9772071954911388, 0.9003616634052157, 0.980182295865513, 0.9633479438866271, 0.9321097165816139, 0.9695103168298859, 0.9092796641397443, 0.9775869863749447, 0.9657496933060266, 0.950654265731284, 0.9700434315573195, 0.9011767579414239, 0.9820936970843349, 0.9938126898718609, 0.9646325798510359, 0.9676943792082922, 0.9773080316294318, 0.9679212805707065, 0.9629932128941049, 0.9632803780841583, 0.9941377436005367, 0.9966518062748271, 0.9673223867372739, 0.9980790613464857, 0.9777505532395218, 0.9734076062182643, 0.901186491180328, 0.9664564185961372, 0.9833702563918686, 0.9716681094097689, 0.9668794338707445, 0.922154711576705, 0.9659936753491217, 0.9747479222777593, 0.9905597509907772, 0.9622491104249721, 0.04888856601420098, 0.9760122896699114, 0.9773979195187201, 0.9466414973376985, 0.9845336177208517, 0.9827230059092195, 0.9777861714740014, 0.9798730635350906, 0.02221320606447481]","[0.007371329807933456, 4.670713825261187e-05, 0.01601991049391417, 0.07680785314739699, 0.01379824227505093, 0.02493774573226633, 0.04042852564402735, 0.02080434573137853, 0.06952045224900802, 0.01507819612936441, 0.02391433697562544, 0.03429000077487641, 0.02116887496050541, 0.07585859810997228, 0.01203514930405689, 0.003234513699068655, 0.02445690427913315, 0.02213265632148644, 0.0148067426776257, 0.02213184038211912, 0.02643146319649414, 0.02525664610682287, 0.003054653311929021, 0.001636285243847484, 0.02249941629357652, 0.0007369440366737696, 0.01158749606172284, 0.01795143058169253, 0.07630720338456758, 0.02257225794533017, 0.01073682911235808, 0.01934226809095004, 0.02221583811028244, 0.05490896045738886, 0.0233891262953024, 0.01716577940307576, 0.004879498226222945, 0.02571579726731507, 0.9027044293750803, 0.0163062411478048, 0.0150779055642679, 0.03608523382694267, 0.01003849895628018, 0.0111401131176746, 0.01481594945870028, 0.01337060751176584, 0.9486632845355952]","[0.01556488391600496, 9.790173807389635e-05, 0.03412405494489722, 0.174381489473308, 0.02932546126697648, 0.05360579062892887, 0.08830746801448629, 0.04453192233770936, 0.1566003091321101, 0.03208739749337877, 0.05135198889800652, 0.07442307749295869, 0.04532907585584867, 0.1720494320514834, 0.02553270612316033, 0.006801471162308195, 0.0525462686881069, 0.04743953849049879, 0.03150104463886835, 0.04743775000881329, 0.05690383460168147, 0.05430905604322599, 0.00642210548199632, 0.003435239996388588, 0.0482437528451973, 0.00154575811670619, 0.02457187100528674, 0.03831359945844669, 0.1731509339488618, 0.04840354849663284, 0.02274841056519558, 0.0413406022984955, 0.04762188278221636, 0.1217745221555855, 0.05019717788277623, 0.03660750376158997, 0.01027747309851492, 0.05532242267747688, 19.44640659617643, 0.03474407891036158, 0.0320867696856315, 0.07846531969560996, 0.02125383627210444, 0.02361248519625256, 0.03152092644667156, 0.02840429072956255, 38.73208459789364]"
1,39-532,FUBAR,FMO1,NODE23,0.03785123184289192,"[20, 31, 32, 48, 59, 88, 97, 109, 117, 119, 130, 135, 140, 156, 166, 168, 176, 189, 190, 191, 204, 207, 210, 227, 228, 230, 245, 253, 263, 271, 280, 311, 312, 327, 337, 341, 348, 357, 369, 373, 387, 389, 426, 468, 473, 477, 478]","[4.827838812710351, 15.33947692895842, 5.591237357410443, 2.459867403653099, 6.54705908179896, 4.567624008355658, 7.022760972730953, 4.769233802336779, 2.94418162101573, 6.653286338280054, 4.331994893798173, 3.499194458494555, 3.716032456110102, 2.813443938007131, 8.372520787751442, 7.235367287257077, 4.325910710353609, 4.598585431189511, 8.336923393249338, 4.466343682840129, 6.368822823491291, 4.286850647198564, 7.87204490370601, 11.24808426743036, 4.54840830052572, 17.29129927758455, 4.735180523503381, 5.88302571929393, 3.027957660762411, 4.870107656985635, 10.05296389438003, 4.96084249852779, 5.027977987858181, 2.772475429789361, 4.51779988374981, 5.180810053087858, 6.14217848953842, 4.366207165718851, 0.9255705479514847, 5.77408003604016, 6.664144073429021, 3.948591402703608, 8.493103766722108, 6.300697719630503, 6.62752001797441, 7.73651729255798, 0.6907091857121891]","[0.3250778709333811, 0.3804714135613663, 0.3110218673911078, 0.3171041394805214, 0.324818381828677, 0.3860402104846948, 0.8534172452597403, 0.3683498598263802, 0.3542637205722974, 0.3817009686441051, 0.3465652248503545, 0.3748219401779477, 0.2933423604281719, 0.3682153667414569, 0.3827519404612954, 0.3835352166080206, 0.3598776221275464, 0.3669479951927143, 0.424577036591877, 0.3558292572988055, 0.5080285864220099, 0.3695115224887978, 0.3870211970568603, 0.4077606063781379, 0.3611367830740993, 0.4695876363782491, 0.4298397028207677, 0.3863814883563935, 0.3479140700181132, 0.3938289149270188, 0.4258985070103902, 0.3648029337211296, 0.3989705982656121, 0.4120051054698955, 0.3660603918015264, 0.3615901495718773, 0.3952895906849096, 0.3845083990560773, 5.179491150807232, 0.3682611554314912, 0.3917852200335362, 0.4298232712963232, 0.4049690848152185, 0.38911415012834, 0.3909244946043308, 0.3958537892316184, 6.107568171810311]","[-4.502760941776971, -14.95900551539705, -5.280215490019335, -2.142763264172578, -6.222240699970284, -4.181583797870963, -6.169343727471213, -4.400883942510399, -2.589917900443433, -6.271585369635949, -3.985429668947819, -3.124372518316608, -3.42269009568193, -2.445228571265674, -7.989768847290147, -6.851832070649056, -3.966033088226063, -4.231637435996796, -7.91234635665746, -4.110514425541323, -5.860794237069281, -3.917339124709767, -7.48502370664915, -10.84032366105223, -4.187271517451621, -16.8217116412063, -4.305340820682613, -5.496644230937537, -2.680043590744298, -4.476278742058616, -9.627065387369644, -4.59603956480666, -4.629007389592569, -2.360470324319465, -4.151739491948284, -4.819219903515981, -5.74688889885351, -3.981698766662774, 4.253920602855747, -5.405818880608669, -6.272358853395485, -3.518768131407285, -8.088134681906888, -5.911583569502163, -6.236595523370079, -7.340663503326361, 5.416858986098123]","[0.9878749946291778, 0.9997578696804336, 0.9772071954911388, 0.9003616634052157, 0.980182295865513, 0.9633479438866271, 0.9321097165816139, 0.9695103168298859, 0.9092796641397443, 0.9775869863749447, 0.9657496933060266, 0.950654265731284, 0.9700434315573195, 0.9011767579414239, 0.9820936970843349, 0.9938126898718609, 0.9646325798510359, 0.9676943792082922, 0.9773080316294318, 0.9679212805707065, 0.9629932128941049, 0.9632803780841583, 0.9941377436005367, 0.9966518062748271, 0.9673223867372739, 0.9980790613464857, 0.9777505532395218, 0.9734076062182643, 0.901186491180328, 0.9664564185961372, 0.9833702563918686, 0.9716681094097689, 0.9668794338707445, 0.922154711576705, 0.9659936753491217, 0.9747479222777593, 0.9905597509907772, 0.9622491104249721, 0.04888856601420098, 0.9760122896699114, 0.9773979195187201, 0.9466414973376985, 0.9845336177208517, 0.9827230059092195, 0.9777861714740014, 0.9798730635350906, 0.02221320606447481]","[0.007371329807933456, 4.670713825261187e-05, 0.01601991049391417, 0.07680785314739699, 0.01379824227505093, 0.02493774573226633, 0.04042852564402735, 0.02080434573137853, 0.06952045224900802, 0.01507819612936441, 0.02391433697562544, 0.03429000077487641, 0.02116887496050541, 0.07585859810997228, 0.01203514930405689, 0.003234513699068655, 0.02445690427913315, 0.02213265632148644, 0.0148067426776257, 0.02213184038211912, 0.02643146319649414, 0.02525664610682287, 0.003054653311929021, 0.001636285243847484, 0.02249941629357652, 0.0007369440366737696, 0.01158749606172284, 0.01795143058169253, 0.07630720338456758, 0.02257225794533017, 0.01073682911235808, 0.01934226809095004, 0.02221583811028244, 0.05490896045738886, 0.0233891262953024, 0.01716577940307576, 0.004879498226222945, 0.02571579726731507, 0.9027044293750803, 0.0163062411478048, 0.0150779055642679, 0.03608523382694267, 0.01003849895628018, 0.0111401131176746, 0.01481594945870028, 0.01337060751176584, 0.9486632845355952]","[0.01556488391600496, 9.790173807389635e-05, 0.03412405494489722, 0.174381489473308, 0.02932546126697648, 0.05360579062892887, 0.08830746801448629, 0.04453192233770936, 0.1566003091321101, 0.03208739749337877, 0.05135198889800652, 0.07442307749295869, 0.04532907585584867, 0.1720494320514834, 0.02553270612316033, 0.006801471162308195, 0.0525462686881069, 0.04743953849049879, 0.03150104463886835, 0.04743775000881329, 0.05690383460168147, 0.05430905604322599, 0.00642210548199632, 0.003435239996388588, 0.0482437528451973, 0.00154575811670619, 0.02457187100528674, 0.03831359945844669, 0.1731509339488618, 0.04840354849663284, 0.02274841056519558, 0.0413406022984955, 0.04762188278221636, 0.1217745221555855, 0.05019717788277623, 0.03660750376158997, 0.01027747309851492, 0.05532242267747688, 19.44640659617643, 0.03474407891036158, 0.0320867696856315, 0.07846531969560996, 0.02125383627210444, 0.02361248519625256, 0.03152092644667156, 0.02840429072956255, 38.73208459789364]"
1,39-532,FUBAR,FMO1,NODE24,0.001461818822162558,"[20, 31, 32, 48, 59, 88, 97, 109, 117, 119, 130, 135, 140, 156, 166, 168, 176, 189, 190, 191, 204, 207, 210, 227, 228, 230, 245, 253, 263, 271, 280, 311, 312, 327, 337, 341, 348, 357, 369, 373, 387, 389, 426, 468, 473, 477, 478]","[4.827838812710351, 15.33947692895842, 5.591237357410443, 2.459867403653099, 6.54705908179896, 4.567624008355658, 7.022760972730953, 4.769233802336779, 2.94418162101573, 6.653286338280054, 4.331994893798173, 3.499194458494555, 3.716032456110102, 2.813443938007131, 8.372520787751442, 7.235367287257077, 4.325910710353609, 4.598585431189511, 8.336923393249338, 4.466343682840129, 6.368822823491291, 4.286850647198564, 7.87204490370601, 11.24808426743036, 4.54840830052572, 17.29129927758455, 4.735180523503381, 5.88302571929393, 3.027957660762411, 4.870107656985635, 10.05296389438003, 4.96084249852779, 5.027977987858181, 2.772475429789361, 4.51779988374981, 5.180810053087858, 6.14217848953842, 4.366207165718851, 0.9255705479514847, 5.77408003604016, 6.664144073429021, 3.948591402703608, 8.493103766722108, 6.300697719630503, 6.62752001797441, 7.73651729255798, 0.6907091857121891]","[0.3250778709333811, 0.3804714135613663, 0.3110218673911078, 0.3171041394805214, 0.324818381828677, 0.3860402104846948, 0.8534172452597403, 0.3683498598263802, 0.3542637205722974, 0.3817009686441051, 0.3465652248503545, 0.3748219401779477, 0.2933423604281719, 0.3682153667414569, 0.3827519404612954, 0.3835352166080206, 0.3598776221275464, 0.3669479951927143, 0.424577036591877, 0.3558292572988055, 0.5080285864220099, 0.3695115224887978, 0.3870211970568603, 0.4077606063781379, 0.3611367830740993, 0.4695876363782491, 0.4298397028207677, 0.3863814883563935, 0.3479140700181132, 0.3938289149270188, 0.4258985070103902, 0.3648029337211296, 0.3989705982656121, 0.4120051054698955, 0.3660603918015264, 0.3615901495718773, 0.3952895906849096, 0.3845083990560773, 5.179491150807232, 0.3682611554314912, 0.3917852200335362, 0.4298232712963232, 0.4049690848152185, 0.38911415012834, 0.3909244946043308, 0.3958537892316184, 6.107568171810311]","[-4.502760941776971, -14.95900551539705, -5.280215490019335, -2.142763264172578, -6.222240699970284, -4.181583797870963, -6.169343727471213, -4.400883942510399, -2.589917900443433, -6.271585369635949, -3.985429668947819, -3.124372518316608, -3.42269009568193, -2.445228571265674, -7.989768847290147, -6.851832070649056, -3.966033088226063, -4.231637435996796, -7.91234635665746, -4.110514425541323, -5.860794237069281, -3.917339124709767, -7.48502370664915, -10.84032366105223, -4.187271517451621, -16.8217116412063, -4.305340820682613, -5.496644230937537, -2.680043590744298, -4.476278742058616, -9.627065387369644, -4.59603956480666, -4.629007389592569, -2.360470324319465, -4.151739491948284, -4.819219903515981, -5.74688889885351, -3.981698766662774, 4.253920602855747, -5.405818880608669, -6.272358853395485, -3.518768131407285, -8.088134681906888, -5.911583569502163, -6.236595523370079, -7.340663503326361, 5.416858986098123]","[0.9878749946291778, 0.9997578696804336, 0.9772071954911388, 0.9003616634052157, 0.980182295865513, 0.9633479438866271, 0.9321097165816139, 0.9695103168298859, 0.9092796641397443, 0.9775869863749447, 0.9657496933060266, 0.950654265731284, 0.9700434315573195, 0.9011767579414239, 0.9820936970843349, 0.9938126898718609, 0.9646325798510359, 0.9676943792082922, 0.9773080316294318, 0.9679212805707065, 0.9629932128941049, 0.9632803780841583, 0.9941377436005367, 0.9966518062748271, 0.9673223867372739, 0.9980790613464857, 0.9777505532395218, 0.9734076062182643, 0.901186491180328, 0.9664564185961372, 0.9833702563918686, 0.9716681094097689, 0.9668794338707445, 0.922154711576705, 0.9659936753491217, 0.9747479222777593, 0.9905597509907772, 0.9622491104249721, 0.04888856601420098, 0.9760122896699114, 0.9773979195187201, 0.9466414973376985, 0.9845336177208517, 0.9827230059092195, 0.9777861714740014, 0.9798730635350906, 0.02221320606447481]","[0.007371329807933456, 4.670713825261187e-05, 0.01601991049391417, 0.07680785314739699, 0.01379824227505093, 0.02493774573226633, 0.04042852564402735, 0.02080434573137853, 0.06952045224900802, 0.01507819612936441, 0.02391433697562544, 0.03429000077487641, 0.02116887496050541, 0.07585859810997228, 0.01203514930405689, 0.003234513699068655, 0.02445690427913315, 0.02213265632148644, 0.0148067426776257, 0.02213184038211912, 0.02643146319649414, 0.02525664610682287, 0.003054653311929021, 0.001636285243847484, 0.02249941629357652, 0.0007369440366737696, 0.01158749606172284, 0.01795143058169253, 0.07630720338456758, 0.02257225794533017, 0.01073682911235808, 0.01934226809095004, 0.02221583811028244, 0.05490896045738886, 0.0233891262953024, 0.01716577940307576, 0.004879498226222945, 0.02571579726731507, 0.9027044293750803, 0.0163062411478048, 0.0150779055642679, 0.03608523382694267, 0.01003849895628018, 0.0111401131176746, 0.01481594945870028, 0.01337060751176584, 0.9486632845355952]","[0.01556488391600496, 9.790173807389635e-05, 0.03412405494489722, 0.174381489473308, 0.02932546126697648, 0.05360579062892887, 0.08830746801448629, 0.04453192233770936, 0.1566003091321101, 0.03208739749337877, 0.05135198889800652, 0.07442307749295869, 0.04532907585584867, 0.1720494320514834, 0.02553270612316033, 0.006801471162308195, 0.0525462686881069, 0.04743953849049879, 0.03150104463886835, 0.04743775000881329, 0.05690383460168147, 0.05430905604322599, 0.00642210548199632, 0.003435239996388588, 0.0482437528451973, 0.00154575811670619, 0.02457187100528674, 0.03831359945844669, 0.1731509339488618, 0.04840354849663284, 0.02274841056519558, 0.0413406022984955, 0.04762188278221636, 0.1217745221555855, 0.05019717788277623, 0.03660750376158997, 0.01027747309851492, 0.05532242267747688, 19.44640659617643, 0.03474407891036158, 0.0320867696856315, 0.07846531969560996, 0.02125383627210444, 0.02361248519625256, 0.03152092644667156, 0.02840429072956255, 38.73208459789364]"
1,39-532,FUBAR,FMO1,NODE25,0.001459926972101144,"[20, 31, 32, 48, 59, 88, 97, 109, 117, 119, 130, 135, 140, 156, 166, 168, 176, 189, 190, 191, 204, 207, 210, 227, 228, 230, 245, 253, 263, 271, 280, 311, 312, 327, 337, 341, 348, 357, 369, 373, 387, 389, 426, 468, 473, 477, 478]","[4.827838812710351, 15.33947692895842, 5.591237357410443, 2.459867403653099, 6.54705908179896, 4.567624008355658, 7.022760972730953, 4.769233802336779, 2.94418162101573, 6.653286338280054, 4.331994893798173, 3.499194458494555, 3.716032456110102, 2.813443938007131, 8.372520787751442, 7.235367287257077, 4.325910710353609, 4.598585431189511, 8.336923393249338, 4.466343682840129, 6.368822823491291, 4.286850647198564, 7.87204490370601, 11.24808426743036, 4.54840830052572, 17.29129927758455, 4.735180523503381, 5.88302571929393, 3.027957660762411, 4.870107656985635, 10.05296389438003, 4.96084249852779, 5.027977987858181, 2.772475429789361, 4.51779988374981, 5.180810053087858, 6.14217848953842, 4.366207165718851, 0.9255705479514847, 5.77408003604016, 6.664144073429021, 3.948591402703608, 8.493103766722108, 6.300697719630503, 6.62752001797441, 7.73651729255798, 0.6907091857121891]","[0.3250778709333811, 0.3804714135613663, 0.3110218673911078, 0.3171041394805214, 0.324818381828677, 0.3860402104846948, 0.8534172452597403, 0.3683498598263802, 0.3542637205722974, 0.3817009686441051, 0.3465652248503545, 0.3748219401779477, 0.2933423604281719, 0.3682153667414569, 0.3827519404612954, 0.3835352166080206, 0.3598776221275464, 0.3669479951927143, 0.424577036591877, 0.3558292572988055, 0.5080285864220099, 0.3695115224887978, 0.3870211970568603, 0.4077606063781379, 0.3611367830740993, 0.4695876363782491, 0.4298397028207677, 0.3863814883563935, 0.3479140700181132, 0.3938289149270188, 0.4258985070103902, 0.3648029337211296, 0.3989705982656121, 0.4120051054698955, 0.3660603918015264, 0.3615901495718773, 0.3952895906849096, 0.3845083990560773, 5.179491150807232, 0.3682611554314912, 0.3917852200335362, 0.4298232712963232, 0.4049690848152185, 0.38911415012834, 0.3909244946043308, 0.3958537892316184, 6.107568171810311]","[-4.502760941776971, -14.95900551539705, -5.280215490019335, -2.142763264172578, -6.222240699970284, -4.181583797870963, -6.169343727471213, -4.400883942510399, -2.589917900443433, -6.271585369635949, -3.985429668947819, -3.124372518316608, -3.42269009568193, -2.445228571265674, -7.989768847290147, -6.851832070649056, -3.966033088226063, -4.231637435996796, -7.91234635665746, -4.110514425541323, -5.860794237069281, -3.917339124709767, -7.48502370664915, -10.84032366105223, -4.187271517451621, -16.8217116412063, -4.305340820682613, -5.496644230937537, -2.680043590744298, -4.476278742058616, -9.627065387369644, -4.59603956480666, -4.629007389592569, -2.360470324319465, -4.151739491948284, -4.819219903515981, -5.74688889885351, -3.981698766662774, 4.253920602855747, -5.405818880608669, -6.272358853395485, -3.518768131407285, -8.088134681906888, -5.911583569502163, -6.236595523370079, -7.340663503326361, 5.416858986098123]","[0.9878749946291778, 0.9997578696804336, 0.9772071954911388, 0.9003616634052157, 0.980182295865513, 0.9633479438866271, 0.9321097165816139, 0.9695103168298859, 0.9092796641397443, 0.9775869863749447, 0.9657496933060266, 0.950654265731284, 0.9700434315573195, 0.9011767579414239, 0.9820936970843349, 0.9938126898718609, 0.9646325798510359, 0.9676943792082922, 0.9773080316294318, 0.9679212805707065, 0.9629932128941049, 0.9632803780841583, 0.9941377436005367, 0.9966518062748271, 0.9673223867372739, 0.9980790613464857, 0.9777505532395218, 0.9734076062182643, 0.901186491180328, 0.9664564185961372, 0.9833702563918686, 0.9716681094097689, 0.9668794338707445, 0.922154711576705, 0.9659936753491217, 0.9747479222777593, 0.9905597509907772, 0.9622491104249721, 0.04888856601420098, 0.9760122896699114, 0.9773979195187201, 0.9466414973376985, 0.9845336177208517, 0.9827230059092195, 0.9777861714740014, 0.9798730635350906, 0.02221320606447481]","[0.007371329807933456, 4.670713825261187e-05, 0.01601991049391417, 0.07680785314739699, 0.01379824227505093, 0.02493774573226633, 0.04042852564402735, 0.02080434573137853, 0.06952045224900802, 0.01507819612936441, 0.02391433697562544, 0.03429000077487641, 0.02116887496050541, 0.07585859810997228, 0.01203514930405689, 0.003234513699068655, 0.02445690427913315, 0.02213265632148644, 0.0148067426776257, 0.02213184038211912, 0.02643146319649414, 0.02525664610682287, 0.003054653311929021, 0.001636285243847484, 0.02249941629357652, 0.0007369440366737696, 0.01158749606172284, 0.01795143058169253, 0.07630720338456758, 0.02257225794533017, 0.01073682911235808, 0.01934226809095004, 0.02221583811028244, 0.05490896045738886, 0.0233891262953024, 0.01716577940307576, 0.004879498226222945, 0.02571579726731507, 0.9027044293750803, 0.0163062411478048, 0.0150779055642679, 0.03608523382694267, 0.01003849895628018, 0.0111401131176746, 0.01481594945870028, 0.01337060751176584, 0.9486632845355952]","[0.01556488391600496, 9.790173807389635e-05, 0.03412405494489722, 0.174381489473308, 0.02932546126697648, 0.05360579062892887, 0.08830746801448629, 0.04453192233770936, 0.1566003091321101, 0.03208739749337877, 0.05135198889800652, 0.07442307749295869, 0.04532907585584867, 0.1720494320514834, 0.02553270612316033, 0.006801471162308195, 0.0525462686881069, 0.04743953849049879, 0.03150104463886835, 0.04743775000881329, 0.05690383460168147, 0.05430905604322599, 0.00642210548199632, 0.003435239996388588, 0.0482437528451973, 0.00154575811670619, 0.02457187100528674, 0.03831359945844669, 0.1731509339488618, 0.04840354849663284, 0.02274841056519558, 0.0413406022984955, 0.04762188278221636, 0.1217745221555855, 0.05019717788277623, 0.03660750376158997, 0.01027747309851492, 0.05532242267747688, 19.44640659617643, 0.03474407891036158, 0.0320867696856315, 0.07846531969560996, 0.02125383627210444, 0.02361248519625256, 0.03152092644667156, 0.02840429072956255, 38.73208459789364]"
1,39-532,FUBAR,FMO1,NODE26,0.1146294607804707,"[20, 31, 32, 48, 59, 88, 97, 109, 117, 119, 130, 135, 140, 156, 166, 168, 176, 189, 190, 191, 204, 207, 210, 227, 228, 230, 245, 253, 263, 271, 280, 311, 312, 327, 337, 341, 348, 357, 369, 373, 387, 389, 426, 468, 473, 477, 478]","[4.827838812710351, 15.33947692895842, 5.591237357410443, 2.459867403653099, 6.54705908179896, 4.567624008355658, 7.022760972730953, 4.769233802336779, 2.94418162101573, 6.653286338280054, 4.331994893798173, 3.499194458494555, 3.716032456110102, 2.813443938007131, 8.372520787751442, 7.235367287257077, 4.325910710353609, 4.598585431189511, 8.336923393249338, 4.466343682840129, 6.368822823491291, 4.286850647198564, 7.87204490370601, 11.24808426743036, 4.54840830052572, 17.29129927758455, 4.735180523503381, 5.88302571929393, 3.027957660762411, 4.870107656985635, 10.05296389438003, 4.96084249852779, 5.027977987858181, 2.772475429789361, 4.51779988374981, 5.180810053087858, 6.14217848953842, 4.366207165718851, 0.9255705479514847, 5.77408003604016, 6.664144073429021, 3.948591402703608, 8.493103766722108, 6.300697719630503, 6.62752001797441, 7.73651729255798, 0.6907091857121891]","[0.3250778709333811, 0.3804714135613663, 0.3110218673911078, 0.3171041394805214, 0.324818381828677, 0.3860402104846948, 0.8534172452597403, 0.3683498598263802, 0.3542637205722974, 0.3817009686441051, 0.3465652248503545, 0.3748219401779477, 0.2933423604281719, 0.3682153667414569, 0.3827519404612954, 0.3835352166080206, 0.3598776221275464, 0.3669479951927143, 0.424577036591877, 0.3558292572988055, 0.5080285864220099, 0.3695115224887978, 0.3870211970568603, 0.4077606063781379, 0.3611367830740993, 0.4695876363782491, 0.4298397028207677, 0.3863814883563935, 0.3479140700181132, 0.3938289149270188, 0.4258985070103902, 0.3648029337211296, 0.3989705982656121, 0.4120051054698955, 0.3660603918015264, 0.3615901495718773, 0.3952895906849096, 0.3845083990560773, 5.179491150807232, 0.3682611554314912, 0.3917852200335362, 0.4298232712963232, 0.4049690848152185, 0.38911415012834, 0.3909244946043308, 0.3958537892316184, 6.107568171810311]","[-4.502760941776971, -14.95900551539705, -5.280215490019335, -2.142763264172578, -6.222240699970284, -4.181583797870963, -6.169343727471213, -4.400883942510399, -2.589917900443433, -6.271585369635949, -3.985429668947819, -3.124372518316608, -3.42269009568193, -2.445228571265674, -7.989768847290147, -6.851832070649056, -3.966033088226063, -4.231637435996796, -7.91234635665746, -4.110514425541323, -5.860794237069281, -3.917339124709767, -7.48502370664915, -10.84032366105223, -4.187271517451621, -16.8217116412063, -4.305340820682613, -5.496644230937537, -2.680043590744298, -4.476278742058616, -9.627065387369644, -4.59603956480666, -4.629007389592569, -2.360470324319465, -4.151739491948284, -4.819219903515981, -5.74688889885351, -3.981698766662774, 4.253920602855747, -5.405818880608669, -6.272358853395485, -3.518768131407285, -8.088134681906888, -5.911583569502163, -6.236595523370079, -7.340663503326361, 5.416858986098123]","[0.9878749946291778, 0.9997578696804336, 0.9772071954911388, 0.9003616634052157, 0.980182295865513, 0.9633479438866271, 0.9321097165816139, 0.9695103168298859, 0.9092796641397443, 0.9775869863749447, 0.9657496933060266, 0.950654265731284, 0.9700434315573195, 0.9011767579414239, 0.9820936970843349, 0.9938126898718609, 0.9646325798510359, 0.9676943792082922, 0.9773080316294318, 0.9679212805707065, 0.9629932128941049, 0.9632803780841583, 0.9941377436005367, 0.9966518062748271, 0.9673223867372739, 0.9980790613464857, 0.9777505532395218, 0.9734076062182643, 0.901186491180328, 0.9664564185961372, 0.9833702563918686, 0.9716681094097689, 0.9668794338707445, 0.922154711576705, 0.9659936753491217, 0.9747479222777593, 0.9905597509907772, 0.9622491104249721, 0.04888856601420098, 0.9760122896699114, 0.9773979195187201, 0.9466414973376985, 0.9845336177208517, 0.9827230059092195, 0.9777861714740014, 0.9798730635350906, 0.02221320606447481]","[0.007371329807933456, 4.670713825261187e-05, 0.01601991049391417, 0.07680785314739699, 0.01379824227505093, 0.02493774573226633, 0.04042852564402735, 0.02080434573137853, 0.06952045224900802, 0.01507819612936441, 0.02391433697562544, 0.03429000077487641, 0.02116887496050541, 0.07585859810997228, 0.01203514930405689, 0.003234513699068655, 0.02445690427913315, 0.02213265632148644, 0.0148067426776257, 0.02213184038211912, 0.02643146319649414, 0.02525664610682287, 0.003054653311929021, 0.001636285243847484, 0.02249941629357652, 0.0007369440366737696, 0.01158749606172284, 0.01795143058169253, 0.07630720338456758, 0.02257225794533017, 0.01073682911235808, 0.01934226809095004, 0.02221583811028244, 0.05490896045738886, 0.0233891262953024, 0.01716577940307576, 0.004879498226222945, 0.02571579726731507, 0.9027044293750803, 0.0163062411478048, 0.0150779055642679, 0.03608523382694267, 0.01003849895628018, 0.0111401131176746, 0.01481594945870028, 0.01337060751176584, 0.9486632845355952]","[0.01556488391600496, 9.790173807389635e-05, 0.03412405494489722, 0.174381489473308, 0.02932546126697648, 0.05360579062892887, 0.08830746801448629, 0.04453192233770936, 0.1566003091321101, 0.03208739749337877, 0.05135198889800652, 0.07442307749295869, 0.04532907585584867, 0.1720494320514834, 0.02553270612316033, 0.006801471162308195, 0.0525462686881069, 0.04743953849049879, 0.03150104463886835, 0.04743775000881329, 0.05690383460168147, 0.05430905604322599, 0.00642210548199632, 0.003435239996388588, 0.0482437528451973, 0.00154575811670619, 0.02457187100528674, 0.03831359945844669, 0.1731509339488618, 0.04840354849663284, 0.02274841056519558, 0.0413406022984955, 0.04762188278221636, 0.1217745221555855, 0.05019717788277623, 0.03660750376158997, 0.01027747309851492, 0.05532242267747688, 19.44640659617643, 0.03474407891036158, 0.0320867696856315, 0.07846531969560996, 0.02125383627210444, 0.02361248519625256, 0.03152092644667156, 0.02840429072956255, 38.73208459789364]"
1,39-532,FUBAR,FMO1,NODE27,0.007924249437890473,"[20, 31, 32, 48, 59, 88, 97, 109, 117, 119, 130, 135, 140, 156, 166, 168, 176, 189, 190, 191, 204, 207, 210, 227, 228, 230, 245, 253, 263, 271, 280, 311, 312, 327, 337, 341, 348, 357, 369, 373, 387, 389, 426, 468, 473, 477, 478]","[4.827838812710351, 15.33947692895842, 5.591237357410443, 2.459867403653099, 6.54705908179896, 4.567624008355658, 7.022760972730953, 4.769233802336779, 2.94418162101573, 6.653286338280054, 4.331994893798173, 3.499194458494555, 3.716032456110102, 2.813443938007131, 8.372520787751442, 7.235367287257077, 4.325910710353609, 4.598585431189511, 8.336923393249338, 4.466343682840129, 6.368822823491291, 4.286850647198564, 7.87204490370601, 11.24808426743036, 4.54840830052572, 17.29129927758455, 4.735180523503381, 5.88302571929393, 3.027957660762411, 4.870107656985635, 10.05296389438003, 4.96084249852779, 5.027977987858181, 2.772475429789361, 4.51779988374981, 5.180810053087858, 6.14217848953842, 4.366207165718851, 0.9255705479514847, 5.77408003604016, 6.664144073429021, 3.948591402703608, 8.493103766722108, 6.300697719630503, 6.62752001797441, 7.73651729255798, 0.6907091857121891]","[0.3250778709333811, 0.3804714135613663, 0.3110218673911078, 0.3171041394805214, 0.324818381828677, 0.3860402104846948, 0.8534172452597403, 0.3683498598263802, 0.3542637205722974, 0.3817009686441051, 0.3465652248503545, 0.3748219401779477, 0.2933423604281719, 0.3682153667414569, 0.3827519404612954, 0.3835352166080206, 0.3598776221275464, 0.3669479951927143, 0.424577036591877, 0.3558292572988055, 0.5080285864220099, 0.3695115224887978, 0.3870211970568603, 0.4077606063781379, 0.3611367830740993, 0.4695876363782491, 0.4298397028207677, 0.3863814883563935, 0.3479140700181132, 0.3938289149270188, 0.4258985070103902, 0.3648029337211296, 0.3989705982656121, 0.4120051054698955, 0.3660603918015264, 0.3615901495718773, 0.3952895906849096, 0.3845083990560773, 5.179491150807232, 0.3682611554314912, 0.3917852200335362, 0.4298232712963232, 0.4049690848152185, 0.38911415012834, 0.3909244946043308, 0.3958537892316184, 6.107568171810311]","[-4.502760941776971, -14.95900551539705, -5.280215490019335, -2.142763264172578, -6.222240699970284, -4.181583797870963, -6.169343727471213, -4.400883942510399, -2.589917900443433, -6.271585369635949, -3.985429668947819, -3.124372518316608, -3.42269009568193, -2.445228571265674, -7.989768847290147, -6.851832070649056, -3.966033088226063, -4.231637435996796, -7.91234635665746, -4.110514425541323, -5.860794237069281, -3.917339124709767, -7.48502370664915, -10.84032366105223, -4.187271517451621, -16.8217116412063, -4.305340820682613, -5.496644230937537, -2.680043590744298, -4.476278742058616, -9.627065387369644, -4.59603956480666, -4.629007389592569, -2.360470324319465, -4.151739491948284, -4.819219903515981, -5.74688889885351, -3.981698766662774, 4.253920602855747, -5.405818880608669, -6.272358853395485, -3.518768131407285, -8.088134681906888, -5.911583569502163, -6.236595523370079, -7.340663503326361, 5.416858986098123]","[0.9878749946291778, 0.9997578696804336, 0.9772071954911388, 0.9003616634052157, 0.980182295865513, 0.9633479438866271, 0.9321097165816139, 0.9695103168298859, 0.9092796641397443, 0.9775869863749447, 0.9657496933060266, 0.950654265731284, 0.9700434315573195, 0.9011767579414239, 0.9820936970843349, 0.9938126898718609, 0.9646325798510359, 0.9676943792082922, 0.9773080316294318, 0.9679212805707065, 0.9629932128941049, 0.9632803780841583, 0.9941377436005367, 0.9966518062748271, 0.9673223867372739, 0.9980790613464857, 0.9777505532395218, 0.9734076062182643, 0.901186491180328, 0.9664564185961372, 0.9833702563918686, 0.9716681094097689, 0.9668794338707445, 0.922154711576705, 0.9659936753491217, 0.9747479222777593, 0.9905597509907772, 0.9622491104249721, 0.04888856601420098, 0.9760122896699114, 0.9773979195187201, 0.9466414973376985, 0.9845336177208517, 0.9827230059092195, 0.9777861714740014, 0.9798730635350906, 0.02221320606447481]","[0.007371329807933456, 4.670713825261187e-05, 0.01601991049391417, 0.07680785314739699, 0.01379824227505093, 0.02493774573226633, 0.04042852564402735, 0.02080434573137853, 0.06952045224900802, 0.01507819612936441, 0.02391433697562544, 0.03429000077487641, 0.02116887496050541, 0.07585859810997228, 0.01203514930405689, 0.003234513699068655, 0.02445690427913315, 0.02213265632148644, 0.0148067426776257, 0.02213184038211912, 0.02643146319649414, 0.02525664610682287, 0.003054653311929021, 0.001636285243847484, 0.02249941629357652, 0.0007369440366737696, 0.01158749606172284, 0.01795143058169253, 0.07630720338456758, 0.02257225794533017, 0.01073682911235808, 0.01934226809095004, 0.02221583811028244, 0.05490896045738886, 0.0233891262953024, 0.01716577940307576, 0.004879498226222945, 0.02571579726731507, 0.9027044293750803, 0.0163062411478048, 0.0150779055642679, 0.03608523382694267, 0.01003849895628018, 0.0111401131176746, 0.01481594945870028, 0.01337060751176584, 0.9486632845355952]","[0.01556488391600496, 9.790173807389635e-05, 0.03412405494489722, 0.174381489473308, 0.02932546126697648, 0.05360579062892887, 0.08830746801448629, 0.04453192233770936, 0.1566003091321101, 0.03208739749337877, 0.05135198889800652, 0.07442307749295869, 0.04532907585584867, 0.1720494320514834, 0.02553270612316033, 0.006801471162308195, 0.0525462686881069, 0.04743953849049879, 0.03150104463886835, 0.04743775000881329, 0.05690383460168147, 0.05430905604322599, 0.00642210548199632, 0.003435239996388588, 0.0482437528451973, 0.00154575811670619, 0.02457187100528674, 0.03831359945844669, 0.1731509339488618, 0.04840354849663284, 0.02274841056519558, 0.0413406022984955, 0.04762188278221636, 0.1217745221555855, 0.05019717788277623, 0.03660750376158997, 0.01027747309851492, 0.05532242267747688, 19.44640659617643, 0.03474407891036158, 0.0320867696856315, 0.07846531969560996, 0.02125383627210444, 0.02361248519625256, 0.03152092644667156, 0.02840429072956255, 38.73208459789364]"
1,39-532,FUBAR,FMO1,NODE29,0.01225132515733082,"[20, 31, 32, 48, 59, 88, 97, 109, 117, 119, 130, 135, 140, 156, 166, 168, 176, 189, 190, 191, 204, 207, 210, 227, 228, 230, 245, 253, 263, 271, 280, 311, 312, 327, 337, 341, 348, 357, 369, 373, 387, 389, 426, 468, 473, 477, 478]","[4.827838812710351, 15.33947692895842, 5.591237357410443, 2.459867403653099, 6.54705908179896, 4.567624008355658, 7.022760972730953, 4.769233802336779, 2.94418162101573, 6.653286338280054, 4.331994893798173, 3.499194458494555, 3.716032456110102, 2.813443938007131, 8.372520787751442, 7.235367287257077, 4.325910710353609, 4.598585431189511, 8.336923393249338, 4.466343682840129, 6.368822823491291, 4.286850647198564, 7.87204490370601, 11.24808426743036, 4.54840830052572, 17.29129927758455, 4.735180523503381, 5.88302571929393, 3.027957660762411, 4.870107656985635, 10.05296389438003, 4.96084249852779, 5.027977987858181, 2.772475429789361, 4.51779988374981, 5.180810053087858, 6.14217848953842, 4.366207165718851, 0.9255705479514847, 5.77408003604016, 6.664144073429021, 3.948591402703608, 8.493103766722108, 6.300697719630503, 6.62752001797441, 7.73651729255798, 0.6907091857121891]","[0.3250778709333811, 0.3804714135613663, 0.3110218673911078, 0.3171041394805214, 0.324818381828677, 0.3860402104846948, 0.8534172452597403, 0.3683498598263802, 0.3542637205722974, 0.3817009686441051, 0.3465652248503545, 0.3748219401779477, 0.2933423604281719, 0.3682153667414569, 0.3827519404612954, 0.3835352166080206, 0.3598776221275464, 0.3669479951927143, 0.424577036591877, 0.3558292572988055, 0.5080285864220099, 0.3695115224887978, 0.3870211970568603, 0.4077606063781379, 0.3611367830740993, 0.4695876363782491, 0.4298397028207677, 0.3863814883563935, 0.3479140700181132, 0.3938289149270188, 0.4258985070103902, 0.3648029337211296, 0.3989705982656121, 0.4120051054698955, 0.3660603918015264, 0.3615901495718773, 0.3952895906849096, 0.3845083990560773, 5.179491150807232, 0.3682611554314912, 0.3917852200335362, 0.4298232712963232, 0.4049690848152185, 0.38911415012834, 0.3909244946043308, 0.3958537892316184, 6.107568171810311]","[-4.502760941776971, -14.95900551539705, -5.280215490019335, -2.142763264172578, -6.222240699970284, -4.181583797870963, -6.169343727471213, -4.400883942510399, -2.589917900443433, -6.271585369635949, -3.985429668947819, -3.124372518316608, -3.42269009568193, -2.445228571265674, -7.989768847290147, -6.851832070649056, -3.966033088226063, -4.231637435996796, -7.91234635665746, -4.110514425541323, -5.860794237069281, -3.917339124709767, -7.48502370664915, -10.84032366105223, -4.187271517451621, -16.8217116412063, -4.305340820682613, -5.496644230937537, -2.680043590744298, -4.476278742058616, -9.627065387369644, -4.59603956480666, -4.629007389592569, -2.360470324319465, -4.151739491948284, -4.819219903515981, -5.74688889885351, -3.981698766662774, 4.253920602855747, -5.405818880608669, -6.272358853395485, -3.518768131407285, -8.088134681906888, -5.911583569502163, -6.236595523370079, -7.340663503326361, 5.416858986098123]","[0.9878749946291778, 0.9997578696804336, 0.9772071954911388, 0.9003616634052157, 0.980182295865513, 0.9633479438866271, 0.9321097165816139, 0.9695103168298859, 0.9092796641397443, 0.9775869863749447, 0.9657496933060266, 0.950654265731284, 0.9700434315573195, 0.9011767579414239, 0.9820936970843349, 0.9938126898718609, 0.9646325798510359, 0.9676943792082922, 0.9773080316294318, 0.9679212805707065, 0.9629932128941049, 0.9632803780841583, 0.9941377436005367, 0.9966518062748271, 0.9673223867372739, 0.9980790613464857, 0.9777505532395218, 0.9734076062182643, 0.901186491180328, 0.9664564185961372, 0.9833702563918686, 0.9716681094097689, 0.9668794338707445, 0.922154711576705, 0.9659936753491217, 0.9747479222777593, 0.9905597509907772, 0.9622491104249721, 0.04888856601420098, 0.9760122896699114, 0.9773979195187201, 0.9466414973376985, 0.9845336177208517, 0.9827230059092195, 0.9777861714740014, 0.9798730635350906, 0.02221320606447481]","[0.007371329807933456, 4.670713825261187e-05, 0.01601991049391417, 0.07680785314739699, 0.01379824227505093, 0.02493774573226633, 0.04042852564402735, 0.02080434573137853, 0.06952045224900802, 0.01507819612936441, 0.02391433697562544, 0.03429000077487641, 0.02116887496050541, 0.07585859810997228, 0.01203514930405689, 0.003234513699068655, 0.02445690427913315, 0.02213265632148644, 0.0148067426776257, 0.02213184038211912, 0.02643146319649414, 0.02525664610682287, 0.003054653311929021, 0.001636285243847484, 0.02249941629357652, 0.0007369440366737696, 0.01158749606172284, 0.01795143058169253, 0.07630720338456758, 0.02257225794533017, 0.01073682911235808, 0.01934226809095004, 0.02221583811028244, 0.05490896045738886, 0.0233891262953024, 0.01716577940307576, 0.004879498226222945, 0.02571579726731507, 0.9027044293750803, 0.0163062411478048, 0.0150779055642679, 0.03608523382694267, 0.01003849895628018, 0.0111401131176746, 0.01481594945870028, 0.01337060751176584, 0.9486632845355952]","[0.01556488391600496, 9.790173807389635e-05, 0.03412405494489722, 0.174381489473308, 0.02932546126697648, 0.05360579062892887, 0.08830746801448629, 0.04453192233770936, 0.1566003091321101, 0.03208739749337877, 0.05135198889800652, 0.07442307749295869, 0.04532907585584867, 0.1720494320514834, 0.02553270612316033, 0.006801471162308195, 0.0525462686881069, 0.04743953849049879, 0.03150104463886835, 0.04743775000881329, 0.05690383460168147, 0.05430905604322599, 0.00642210548199632, 0.003435239996388588, 0.0482437528451973, 0.00154575811670619, 0.02457187100528674, 0.03831359945844669, 0.1731509339488618, 0.04840354849663284, 0.02274841056519558, 0.0413406022984955, 0.04762188278221636, 0.1217745221555855, 0.05019717788277623, 0.03660750376158997, 0.01027747309851492, 0.05532242267747688, 19.44640659617643, 0.03474407891036158, 0.0320867696856315, 0.07846531969560996, 0.02125383627210444, 0.02361248519625256, 0.03152092644667156, 0.02840429072956255, 38.73208459789364]"
1,39-532,FUBAR,FMO1,NODE3,0.0006802874009836823,"[20, 31, 32, 48, 59, 88, 97, 109, 117, 119, 130, 135, 140, 156, 166, 168, 176, 189, 190, 191, 204, 207, 210, 227, 228, 230, 245, 253, 263, 271, 280, 311, 312, 327, 337, 341, 348, 357, 369, 373, 387, 389, 426, 468, 473, 477, 478]","[4.827838812710351, 15.33947692895842, 5.591237357410443, 2.459867403653099, 6.54705908179896, 4.567624008355658, 7.022760972730953, 4.769233802336779, 2.94418162101573, 6.653286338280054, 4.331994893798173, 3.499194458494555, 3.716032456110102, 2.813443938007131, 8.372520787751442, 7.235367287257077, 4.325910710353609, 4.598585431189511, 8.336923393249338, 4.466343682840129, 6.368822823491291, 4.286850647198564, 7.87204490370601, 11.24808426743036, 4.54840830052572, 17.29129927758455, 4.735180523503381, 5.88302571929393, 3.027957660762411, 4.870107656985635, 10.05296389438003, 4.96084249852779, 5.027977987858181, 2.772475429789361, 4.51779988374981, 5.180810053087858, 6.14217848953842, 4.366207165718851, 0.9255705479514847, 5.77408003604016, 6.664144073429021, 3.948591402703608, 8.493103766722108, 6.300697719630503, 6.62752001797441, 7.73651729255798, 0.6907091857121891]","[0.3250778709333811, 0.3804714135613663, 0.3110218673911078, 0.3171041394805214, 0.324818381828677, 0.3860402104846948, 0.8534172452597403, 0.3683498598263802, 0.3542637205722974, 0.3817009686441051, 0.3465652248503545, 0.3748219401779477, 0.2933423604281719, 0.3682153667414569, 0.3827519404612954, 0.3835352166080206, 0.3598776221275464, 0.3669479951927143, 0.424577036591877, 0.3558292572988055, 0.5080285864220099, 0.3695115224887978, 0.3870211970568603, 0.4077606063781379, 0.3611367830740993, 0.4695876363782491, 0.4298397028207677, 0.3863814883563935, 0.3479140700181132, 0.3938289149270188, 0.4258985070103902, 0.3648029337211296, 0.3989705982656121, 0.4120051054698955, 0.3660603918015264, 0.3615901495718773, 0.3952895906849096, 0.3845083990560773, 5.179491150807232, 0.3682611554314912, 0.3917852200335362, 0.4298232712963232, 0.4049690848152185, 0.38911415012834, 0.3909244946043308, 0.3958537892316184, 6.107568171810311]","[-4.502760941776971, -14.95900551539705, -5.280215490019335, -2.142763264172578, -6.222240699970284, -4.181583797870963, -6.169343727471213, -4.400883942510399, -2.589917900443433, -6.271585369635949, -3.985429668947819, -3.124372518316608, -3.42269009568193, -2.445228571265674, -7.989768847290147, -6.851832070649056, -3.966033088226063, -4.231637435996796, -7.91234635665746, -4.110514425541323, -5.860794237069281, -3.917339124709767, -7.48502370664915, -10.84032366105223, -4.187271517451621, -16.8217116412063, -4.305340820682613, -5.496644230937537, -2.680043590744298, -4.476278742058616, -9.627065387369644, -4.59603956480666, -4.629007389592569, -2.360470324319465, -4.151739491948284, -4.819219903515981, -5.74688889885351, -3.981698766662774, 4.253920602855747, -5.405818880608669, -6.272358853395485, -3.518768131407285, -8.088134681906888, -5.911583569502163, -6.236595523370079, -7.340663503326361, 5.416858986098123]","[0.9878749946291778, 0.9997578696804336, 0.9772071954911388, 0.9003616634052157, 0.980182295865513, 0.9633479438866271, 0.9321097165816139, 0.9695103168298859, 0.9092796641397443, 0.9775869863749447, 0.9657496933060266, 0.950654265731284, 0.9700434315573195, 0.9011767579414239, 0.9820936970843349, 0.9938126898718609, 0.9646325798510359, 0.9676943792082922, 0.9773080316294318, 0.9679212805707065, 0.9629932128941049, 0.9632803780841583, 0.9941377436005367, 0.9966518062748271, 0.9673223867372739, 0.9980790613464857, 0.9777505532395218, 0.9734076062182643, 0.901186491180328, 0.9664564185961372, 0.9833702563918686, 0.9716681094097689, 0.9668794338707445, 0.922154711576705, 0.9659936753491217, 0.9747479222777593, 0.9905597509907772, 0.9622491104249721, 0.04888856601420098, 0.9760122896699114, 0.9773979195187201, 0.9466414973376985, 0.9845336177208517, 0.9827230059092195, 0.9777861714740014, 0.9798730635350906, 0.02221320606447481]","[0.007371329807933456, 4.670713825261187e-05, 0.01601991049391417, 0.07680785314739699, 0.01379824227505093, 0.02493774573226633, 0.04042852564402735, 0.02080434573137853, 0.06952045224900802, 0.01507819612936441, 0.02391433697562544, 0.03429000077487641, 0.02116887496050541, 0.07585859810997228, 0.01203514930405689, 0.003234513699068655, 0.02445690427913315, 0.02213265632148644, 0.0148067426776257, 0.02213184038211912, 0.02643146319649414, 0.02525664610682287, 0.003054653311929021, 0.001636285243847484, 0.02249941629357652, 0.0007369440366737696, 0.01158749606172284, 0.01795143058169253, 0.07630720338456758, 0.02257225794533017, 0.01073682911235808, 0.01934226809095004, 0.02221583811028244, 0.05490896045738886, 0.0233891262953024, 0.01716577940307576, 0.004879498226222945, 0.02571579726731507, 0.9027044293750803, 0.0163062411478048, 0.0150779055642679, 0.03608523382694267, 0.01003849895628018, 0.0111401131176746, 0.01481594945870028, 0.01337060751176584, 0.9486632845355952]","[0.01556488391600496, 9.790173807389635e-05, 0.03412405494489722, 0.174381489473308, 0.02932546126697648, 0.05360579062892887, 0.08830746801448629, 0.04453192233770936, 0.1566003091321101, 0.03208739749337877, 0.05135198889800652, 0.07442307749295869, 0.04532907585584867, 0.1720494320514834, 0.02553270612316033, 0.006801471162308195, 0.0525462686881069, 0.04743953849049879, 0.03150104463886835, 0.04743775000881329, 0.05690383460168147, 0.05430905604322599, 0.00642210548199632, 0.003435239996388588, 0.0482437528451973, 0.00154575811670619, 0.02457187100528674, 0.03831359945844669, 0.1731509339488618, 0.04840354849663284, 0.02274841056519558, 0.0413406022984955, 0.04762188278221636, 0.1217745221555855, 0.05019717788277623, 0.03660750376158997, 0.01027747309851492, 0.05532242267747688, 19.44640659617643, 0.03474407891036158, 0.0320867696856315, 0.07846531969560996, 0.02125383627210444, 0.02361248519625256, 0.03152092644667156, 0.02840429072956255, 38.73208459789364]"
1,39-532,FUBAR,FMO1,NODE31,0.003749235395897502,"[20, 31, 32, 48, 59, 88, 97, 109, 117, 119, 130, 135, 140, 156, 166, 168, 176, 189, 190, 191, 204, 207, 210, 227, 228, 230, 245, 253, 263, 271, 280, 311, 312, 327, 337, 341, 348, 357, 369, 373, 387, 389, 426, 468, 473, 477, 478]","[4.827838812710351, 15.33947692895842, 5.591237357410443, 2.459867403653099, 6.54705908179896, 4.567624008355658, 7.022760972730953, 4.769233802336779, 2.94418162101573, 6.653286338280054, 4.331994893798173, 3.499194458494555, 3.716032456110102, 2.813443938007131, 8.372520787751442, 7.235367287257077, 4.325910710353609, 4.598585431189511, 8.336923393249338, 4.466343682840129, 6.368822823491291, 4.286850647198564, 7.87204490370601, 11.24808426743036, 4.54840830052572, 17.29129927758455, 4.735180523503381, 5.88302571929393, 3.027957660762411, 4.870107656985635, 10.05296389438003, 4.96084249852779, 5.027977987858181, 2.772475429789361, 4.51779988374981, 5.180810053087858, 6.14217848953842, 4.366207165718851, 0.9255705479514847, 5.77408003604016, 6.664144073429021, 3.948591402703608, 8.493103766722108, 6.300697719630503, 6.62752001797441, 7.73651729255798, 0.6907091857121891]","[0.3250778709333811, 0.3804714135613663, 0.3110218673911078, 0.3171041394805214, 0.324818381828677, 0.3860402104846948, 0.8534172452597403, 0.3683498598263802, 0.3542637205722974, 0.3817009686441051, 0.3465652248503545, 0.3748219401779477, 0.2933423604281719, 0.3682153667414569, 0.3827519404612954, 0.3835352166080206, 0.3598776221275464, 0.3669479951927143, 0.424577036591877, 0.3558292572988055, 0.5080285864220099, 0.3695115224887978, 0.3870211970568603, 0.4077606063781379, 0.3611367830740993, 0.4695876363782491, 0.4298397028207677, 0.3863814883563935, 0.3479140700181132, 0.3938289149270188, 0.4258985070103902, 0.3648029337211296, 0.3989705982656121, 0.4120051054698955, 0.3660603918015264, 0.3615901495718773, 0.3952895906849096, 0.3845083990560773, 5.179491150807232, 0.3682611554314912, 0.3917852200335362, 0.4298232712963232, 0.4049690848152185, 0.38911415012834, 0.3909244946043308, 0.3958537892316184, 6.107568171810311]","[-4.502760941776971, -14.95900551539705, -5.280215490019335, -2.142763264172578, -6.222240699970284, -4.181583797870963, -6.169343727471213, -4.400883942510399, -2.589917900443433, -6.271585369635949, -3.985429668947819, -3.124372518316608, -3.42269009568193, -2.445228571265674, -7.989768847290147, -6.851832070649056, -3.966033088226063, -4.231637435996796, -7.91234635665746, -4.110514425541323, -5.860794237069281, -3.917339124709767, -7.48502370664915, -10.84032366105223, -4.187271517451621, -16.8217116412063, -4.305340820682613, -5.496644230937537, -2.680043590744298, -4.476278742058616, -9.627065387369644, -4.59603956480666, -4.629007389592569, -2.360470324319465, -4.151739491948284, -4.819219903515981, -5.74688889885351, -3.981698766662774, 4.253920602855747, -5.405818880608669, -6.272358853395485, -3.518768131407285, -8.088134681906888, -5.911583569502163, -6.236595523370079, -7.340663503326361, 5.416858986098123]","[0.9878749946291778, 0.9997578696804336, 0.9772071954911388, 0.9003616634052157, 0.980182295865513, 0.9633479438866271, 0.9321097165816139, 0.9695103168298859, 0.9092796641397443, 0.9775869863749447, 0.9657496933060266, 0.950654265731284, 0.9700434315573195, 0.9011767579414239, 0.9820936970843349, 0.9938126898718609, 0.9646325798510359, 0.9676943792082922, 0.9773080316294318, 0.9679212805707065, 0.9629932128941049, 0.9632803780841583, 0.9941377436005367, 0.9966518062748271, 0.9673223867372739, 0.9980790613464857, 0.9777505532395218, 0.9734076062182643, 0.901186491180328, 0.9664564185961372, 0.9833702563918686, 0.9716681094097689, 0.9668794338707445, 0.922154711576705, 0.9659936753491217, 0.9747479222777593, 0.9905597509907772, 0.9622491104249721, 0.04888856601420098, 0.9760122896699114, 0.9773979195187201, 0.9466414973376985, 0.9845336177208517, 0.9827230059092195, 0.9777861714740014, 0.9798730635350906, 0.02221320606447481]","[0.007371329807933456, 4.670713825261187e-05, 0.01601991049391417, 0.07680785314739699, 0.01379824227505093, 0.02493774573226633, 0.04042852564402735, 0.02080434573137853, 0.06952045224900802, 0.01507819612936441, 0.02391433697562544, 0.03429000077487641, 0.02116887496050541, 0.07585859810997228, 0.01203514930405689, 0.003234513699068655, 0.02445690427913315, 0.02213265632148644, 0.0148067426776257, 0.02213184038211912, 0.02643146319649414, 0.02525664610682287, 0.003054653311929021, 0.001636285243847484, 0.02249941629357652, 0.0007369440366737696, 0.01158749606172284, 0.01795143058169253, 0.07630720338456758, 0.02257225794533017, 0.01073682911235808, 0.01934226809095004, 0.02221583811028244, 0.05490896045738886, 0.0233891262953024, 0.01716577940307576, 0.004879498226222945, 0.02571579726731507, 0.9027044293750803, 0.0163062411478048, 0.0150779055642679, 0.03608523382694267, 0.01003849895628018, 0.0111401131176746, 0.01481594945870028, 0.01337060751176584, 0.9486632845355952]","[0.01556488391600496, 9.790173807389635e-05, 0.03412405494489722, 0.174381489473308, 0.02932546126697648, 0.05360579062892887, 0.08830746801448629, 0.04453192233770936, 0.1566003091321101, 0.03208739749337877, 0.05135198889800652, 0.07442307749295869, 0.04532907585584867, 0.1720494320514834, 0.02553270612316033, 0.006801471162308195, 0.0525462686881069, 0.04743953849049879, 0.03150104463886835, 0.04743775000881329, 0.05690383460168147, 0.05430905604322599, 0.00642210548199632, 0.003435239996388588, 0.0482437528451973, 0.00154575811670619, 0.02457187100528674, 0.03831359945844669, 0.1731509339488618, 0.04840354849663284, 0.02274841056519558, 0.0413406022984955, 0.04762188278221636, 0.1217745221555855, 0.05019717788277623, 0.03660750376158997, 0.01027747309851492, 0.05532242267747688, 19.44640659617643, 0.03474407891036158, 0.0320867696856315, 0.07846531969560996, 0.02125383627210444, 0.02361248519625256, 0.03152092644667156, 0.02840429072956255, 38.73208459789364]"
1,39-532,FUBAR,FMO1,NODE4,0.002036075927472494,"[20, 31, 32, 48, 59, 88, 97, 109, 117, 119, 130, 135, 140, 156, 166, 168, 176, 189, 190, 191, 204, 207, 210, 227, 228, 230, 245, 253, 263, 271, 280, 311, 312, 327, 337, 341, 348, 357, 369, 373, 387, 389, 426, 468, 473, 477, 478]","[4.827838812710351, 15.33947692895842, 5.591237357410443, 2.459867403653099, 6.54705908179896, 4.567624008355658, 7.022760972730953, 4.769233802336779, 2.94418162101573, 6.653286338280054, 4.331994893798173, 3.499194458494555, 3.716032456110102, 2.813443938007131, 8.372520787751442, 7.235367287257077, 4.325910710353609, 4.598585431189511, 8.336923393249338, 4.466343682840129, 6.368822823491291, 4.286850647198564, 7.87204490370601, 11.24808426743036, 4.54840830052572, 17.29129927758455, 4.735180523503381, 5.88302571929393, 3.027957660762411, 4.870107656985635, 10.05296389438003, 4.96084249852779, 5.027977987858181, 2.772475429789361, 4.51779988374981, 5.180810053087858, 6.14217848953842, 4.366207165718851, 0.9255705479514847, 5.77408003604016, 6.664144073429021, 3.948591402703608, 8.493103766722108, 6.300697719630503, 6.62752001797441, 7.73651729255798, 0.6907091857121891]","[0.3250778709333811, 0.3804714135613663, 0.3110218673911078, 0.3171041394805214, 0.324818381828677, 0.3860402104846948, 0.8534172452597403, 0.3683498598263802, 0.3542637205722974, 0.3817009686441051, 0.3465652248503545, 0.3748219401779477, 0.2933423604281719, 0.3682153667414569, 0.3827519404612954, 0.3835352166080206, 0.3598776221275464, 0.3669479951927143, 0.424577036591877, 0.3558292572988055, 0.5080285864220099, 0.3695115224887978, 0.3870211970568603, 0.4077606063781379, 0.3611367830740993, 0.4695876363782491, 0.4298397028207677, 0.3863814883563935, 0.3479140700181132, 0.3938289149270188, 0.4258985070103902, 0.3648029337211296, 0.3989705982656121, 0.4120051054698955, 0.3660603918015264, 0.3615901495718773, 0.3952895906849096, 0.3845083990560773, 5.179491150807232, 0.3682611554314912, 0.3917852200335362, 0.4298232712963232, 0.4049690848152185, 0.38911415012834, 0.3909244946043308, 0.3958537892316184, 6.107568171810311]","[-4.502760941776971, -14.95900551539705, -5.280215490019335, -2.142763264172578, -6.222240699970284, -4.181583797870963, -6.169343727471213, -4.400883942510399, -2.589917900443433, -6.271585369635949, -3.985429668947819, -3.124372518316608, -3.42269009568193, -2.445228571265674, -7.989768847290147, -6.851832070649056, -3.966033088226063, -4.231637435996796, -7.91234635665746, -4.110514425541323, -5.860794237069281, -3.917339124709767, -7.48502370664915, -10.84032366105223, -4.187271517451621, -16.8217116412063, -4.305340820682613, -5.496644230937537, -2.680043590744298, -4.476278742058616, -9.627065387369644, -4.59603956480666, -4.629007389592569, -2.360470324319465, -4.151739491948284, -4.819219903515981, -5.74688889885351, -3.981698766662774, 4.253920602855747, -5.405818880608669, -6.272358853395485, -3.518768131407285, -8.088134681906888, -5.911583569502163, -6.236595523370079, -7.340663503326361, 5.416858986098123]","[0.9878749946291778, 0.9997578696804336, 0.9772071954911388, 0.9003616634052157, 0.980182295865513, 0.9633479438866271, 0.9321097165816139, 0.9695103168298859, 0.9092796641397443, 0.9775869863749447, 0.9657496933060266, 0.950654265731284, 0.9700434315573195, 0.9011767579414239, 0.9820936970843349, 0.9938126898718609, 0.9646325798510359, 0.9676943792082922, 0.9773080316294318, 0.9679212805707065, 0.9629932128941049, 0.9632803780841583, 0.9941377436005367, 0.9966518062748271, 0.9673223867372739, 0.9980790613464857, 0.9777505532395218, 0.9734076062182643, 0.901186491180328, 0.9664564185961372, 0.9833702563918686, 0.9716681094097689, 0.9668794338707445, 0.922154711576705, 0.9659936753491217, 0.9747479222777593, 0.9905597509907772, 0.9622491104249721, 0.04888856601420098, 0.9760122896699114, 0.9773979195187201, 0.9466414973376985, 0.9845336177208517, 0.9827230059092195, 0.9777861714740014, 0.9798730635350906, 0.02221320606447481]","[0.007371329807933456, 4.670713825261187e-05, 0.01601991049391417, 0.07680785314739699, 0.01379824227505093, 0.02493774573226633, 0.04042852564402735, 0.02080434573137853, 0.06952045224900802, 0.01507819612936441, 0.02391433697562544, 0.03429000077487641, 0.02116887496050541, 0.07585859810997228, 0.01203514930405689, 0.003234513699068655, 0.02445690427913315, 0.02213265632148644, 0.0148067426776257, 0.02213184038211912, 0.02643146319649414, 0.02525664610682287, 0.003054653311929021, 0.001636285243847484, 0.02249941629357652, 0.0007369440366737696, 0.01158749606172284, 0.01795143058169253, 0.07630720338456758, 0.02257225794533017, 0.01073682911235808, 0.01934226809095004, 0.02221583811028244, 0.05490896045738886, 0.0233891262953024, 0.01716577940307576, 0.004879498226222945, 0.02571579726731507, 0.9027044293750803, 0.0163062411478048, 0.0150779055642679, 0.03608523382694267, 0.01003849895628018, 0.0111401131176746, 0.01481594945870028, 0.01337060751176584, 0.9486632845355952]","[0.01556488391600496, 9.790173807389635e-05, 0.03412405494489722, 0.174381489473308, 0.02932546126697648, 0.05360579062892887, 0.08830746801448629, 0.04453192233770936, 0.1566003091321101, 0.03208739749337877, 0.05135198889800652, 0.07442307749295869, 0.04532907585584867, 0.1720494320514834, 0.02553270612316033, 0.006801471162308195, 0.0525462686881069, 0.04743953849049879, 0.03150104463886835, 0.04743775000881329, 0.05690383460168147, 0.05430905604322599, 0.00642210548199632, 0.003435239996388588, 0.0482437528451973, 0.00154575811670619, 0.02457187100528674, 0.03831359945844669, 0.1731509339488618, 0.04840354849663284, 0.02274841056519558, 0.0413406022984955, 0.04762188278221636, 0.1217745221555855, 0.05019717788277623, 0.03660750376158997, 0.01027747309851492, 0.05532242267747688, 19.44640659617643, 0.03474407891036158, 0.0320867696856315, 0.07846531969560996, 0.02125383627210444, 0.02361248519625256, 0.03152092644667156, 0.02840429072956255, 38.73208459789364]"
1,39-532,FUBAR,FMO1,NODE49,0.001563534885433741,"[20, 31, 32, 48, 59, 88, 97, 109, 117, 119, 130, 135, 140, 156, 166, 168, 176, 189, 190, 191, 204, 207, 210, 227, 228, 230, 245, 253, 263, 271, 280, 311, 312, 327, 337, 341, 348, 357, 369, 373, 387, 389, 426, 468, 473, 477, 478]","[4.827838812710351, 15.33947692895842, 5.591237357410443, 2.459867403653099, 6.54705908179896, 4.567624008355658, 7.022760972730953, 4.769233802336779, 2.94418162101573, 6.653286338280054, 4.331994893798173, 3.499194458494555, 3.716032456110102, 2.813443938007131, 8.372520787751442, 7.235367287257077, 4.325910710353609, 4.598585431189511, 8.336923393249338, 4.466343682840129, 6.368822823491291, 4.286850647198564, 7.87204490370601, 11.24808426743036, 4.54840830052572, 17.29129927758455, 4.735180523503381, 5.88302571929393, 3.027957660762411, 4.870107656985635, 10.05296389438003, 4.96084249852779, 5.027977987858181, 2.772475429789361, 4.51779988374981, 5.180810053087858, 6.14217848953842, 4.366207165718851, 0.9255705479514847, 5.77408003604016, 6.664144073429021, 3.948591402703608, 8.493103766722108, 6.300697719630503, 6.62752001797441, 7.73651729255798, 0.6907091857121891]","[0.3250778709333811, 0.3804714135613663, 0.3110218673911078, 0.3171041394805214, 0.324818381828677, 0.3860402104846948, 0.8534172452597403, 0.3683498598263802, 0.3542637205722974, 0.3817009686441051, 0.3465652248503545, 0.3748219401779477, 0.2933423604281719, 0.3682153667414569, 0.3827519404612954, 0.3835352166080206, 0.3598776221275464, 0.3669479951927143, 0.424577036591877, 0.3558292572988055, 0.5080285864220099, 0.3695115224887978, 0.3870211970568603, 0.4077606063781379, 0.3611367830740993, 0.4695876363782491, 0.4298397028207677, 0.3863814883563935, 0.3479140700181132, 0.3938289149270188, 0.4258985070103902, 0.3648029337211296, 0.3989705982656121, 0.4120051054698955, 0.3660603918015264, 0.3615901495718773, 0.3952895906849096, 0.3845083990560773, 5.179491150807232, 0.3682611554314912, 0.3917852200335362, 0.4298232712963232, 0.4049690848152185, 0.38911415012834, 0.3909244946043308, 0.3958537892316184, 6.107568171810311]","[-4.502760941776971, -14.95900551539705, -5.280215490019335, -2.142763264172578, -6.222240699970284, -4.181583797870963, -6.169343727471213, -4.400883942510399, -2.589917900443433, -6.271585369635949, -3.985429668947819, -3.124372518316608, -3.42269009568193, -2.445228571265674, -7.989768847290147, -6.851832070649056, -3.966033088226063, -4.231637435996796, -7.91234635665746, -4.110514425541323, -5.860794237069281, -3.917339124709767, -7.48502370664915, -10.84032366105223, -4.187271517451621, -16.8217116412063, -4.305340820682613, -5.496644230937537, -2.680043590744298, -4.476278742058616, -9.627065387369644, -4.59603956480666, -4.629007389592569, -2.360470324319465, -4.151739491948284, -4.819219903515981, -5.74688889885351, -3.981698766662774, 4.253920602855747, -5.405818880608669, -6.272358853395485, -3.518768131407285, -8.088134681906888, -5.911583569502163, -6.236595523370079, -7.340663503326361, 5.416858986098123]","[0.9878749946291778, 0.9997578696804336, 0.9772071954911388, 0.9003616634052157, 0.980182295865513, 0.9633479438866271, 0.9321097165816139, 0.9695103168298859, 0.9092796641397443, 0.9775869863749447, 0.9657496933060266, 0.950654265731284, 0.9700434315573195, 0.9011767579414239, 0.9820936970843349, 0.9938126898718609, 0.9646325798510359, 0.9676943792082922, 0.9773080316294318, 0.9679212805707065, 0.9629932128941049, 0.9632803780841583, 0.9941377436005367, 0.9966518062748271, 0.9673223867372739, 0.9980790613464857, 0.9777505532395218, 0.9734076062182643, 0.901186491180328, 0.9664564185961372, 0.9833702563918686, 0.9716681094097689, 0.9668794338707445, 0.922154711576705, 0.9659936753491217, 0.9747479222777593, 0.9905597509907772, 0.9622491104249721, 0.04888856601420098, 0.9760122896699114, 0.9773979195187201, 0.9466414973376985, 0.9845336177208517, 0.9827230059092195, 0.9777861714740014, 0.9798730635350906, 0.02221320606447481]","[0.007371329807933456, 4.670713825261187e-05, 0.01601991049391417, 0.07680785314739699, 0.01379824227505093, 0.02493774573226633, 0.04042852564402735, 0.02080434573137853, 0.06952045224900802, 0.01507819612936441, 0.02391433697562544, 0.03429000077487641, 0.02116887496050541, 0.07585859810997228, 0.01203514930405689, 0.003234513699068655, 0.02445690427913315, 0.02213265632148644, 0.0148067426776257, 0.02213184038211912, 0.02643146319649414, 0.02525664610682287, 0.003054653311929021, 0.001636285243847484, 0.02249941629357652, 0.0007369440366737696, 0.01158749606172284, 0.01795143058169253, 0.07630720338456758, 0.02257225794533017, 0.01073682911235808, 0.01934226809095004, 0.02221583811028244, 0.05490896045738886, 0.0233891262953024, 0.01716577940307576, 0.004879498226222945, 0.02571579726731507, 0.9027044293750803, 0.0163062411478048, 0.0150779055642679, 0.03608523382694267, 0.01003849895628018, 0.0111401131176746, 0.01481594945870028, 0.01337060751176584, 0.9486632845355952]","[0.01556488391600496, 9.790173807389635e-05, 0.03412405494489722, 0.174381489473308, 0.02932546126697648, 0.05360579062892887, 0.08830746801448629, 0.04453192233770936, 0.1566003091321101, 0.03208739749337877, 0.05135198889800652, 0.07442307749295869, 0.04532907585584867, 0.1720494320514834, 0.02553270612316033, 0.006801471162308195, 0.0525462686881069, 0.04743953849049879, 0.03150104463886835, 0.04743775000881329, 0.05690383460168147, 0.05430905604322599, 0.00642210548199632, 0.003435239996388588, 0.0482437528451973, 0.00154575811670619, 0.02457187100528674, 0.03831359945844669, 0.1731509339488618, 0.04840354849663284, 0.02274841056519558, 0.0413406022984955, 0.04762188278221636, 0.1217745221555855, 0.05019717788277623, 0.03660750376158997, 0.01027747309851492, 0.05532242267747688, 19.44640659617643, 0.03474407891036158, 0.0320867696856315, 0.07846531969560996, 0.02125383627210444, 0.02361248519625256, 0.03152092644667156, 0.02840429072956255, 38.73208459789364]"
1,39-532,FUBAR,FMO1,NODE50,0.003404152343029372,"[20, 31, 32, 48, 59, 88, 97, 109, 117, 119, 130, 135, 140, 156, 166, 168, 176, 189, 190, 191, 204, 207, 210, 227, 228, 230, 245, 253, 263, 271, 280, 311, 312, 327, 337, 341, 348, 357, 369, 373, 387, 389, 426, 468, 473, 477, 478]","[4.827838812710351, 15.33947692895842, 5.591237357410443, 2.459867403653099, 6.54705908179896, 4.567624008355658, 7.022760972730953, 4.769233802336779, 2.94418162101573, 6.653286338280054, 4.331994893798173, 3.499194458494555, 3.716032456110102, 2.813443938007131, 8.372520787751442, 7.235367287257077, 4.325910710353609, 4.598585431189511, 8.336923393249338, 4.466343682840129, 6.368822823491291, 4.286850647198564, 7.87204490370601, 11.24808426743036, 4.54840830052572, 17.29129927758455, 4.735180523503381, 5.88302571929393, 3.027957660762411, 4.870107656985635, 10.05296389438003, 4.96084249852779, 5.027977987858181, 2.772475429789361, 4.51779988374981, 5.180810053087858, 6.14217848953842, 4.366207165718851, 0.9255705479514847, 5.77408003604016, 6.664144073429021, 3.948591402703608, 8.493103766722108, 6.300697719630503, 6.62752001797441, 7.73651729255798, 0.6907091857121891]","[0.3250778709333811, 0.3804714135613663, 0.3110218673911078, 0.3171041394805214, 0.324818381828677, 0.3860402104846948, 0.8534172452597403, 0.3683498598263802, 0.3542637205722974, 0.3817009686441051, 0.3465652248503545, 0.3748219401779477, 0.2933423604281719, 0.3682153667414569, 0.3827519404612954, 0.3835352166080206, 0.3598776221275464, 0.3669479951927143, 0.424577036591877, 0.3558292572988055, 0.5080285864220099, 0.3695115224887978, 0.3870211970568603, 0.4077606063781379, 0.3611367830740993, 0.4695876363782491, 0.4298397028207677, 0.3863814883563935, 0.3479140700181132, 0.3938289149270188, 0.4258985070103902, 0.3648029337211296, 0.3989705982656121, 0.4120051054698955, 0.3660603918015264, 0.3615901495718773, 0.3952895906849096, 0.3845083990560773, 5.179491150807232, 0.3682611554314912, 0.3917852200335362, 0.4298232712963232, 0.4049690848152185, 0.38911415012834, 0.3909244946043308, 0.3958537892316184, 6.107568171810311]","[-4.502760941776971, -14.95900551539705, -5.280215490019335, -2.142763264172578, -6.222240699970284, -4.181583797870963, -6.169343727471213, -4.400883942510399, -2.589917900443433, -6.271585369635949, -3.985429668947819, -3.124372518316608, -3.42269009568193, -2.445228571265674, -7.989768847290147, -6.851832070649056, -3.966033088226063, -4.231637435996796, -7.91234635665746, -4.110514425541323, -5.860794237069281, -3.917339124709767, -7.48502370664915, -10.84032366105223, -4.187271517451621, -16.8217116412063, -4.305340820682613, -5.496644230937537, -2.680043590744298, -4.476278742058616, -9.627065387369644, -4.59603956480666, -4.629007389592569, -2.360470324319465, -4.151739491948284, -4.819219903515981, -5.74688889885351, -3.981698766662774, 4.253920602855747, -5.405818880608669, -6.272358853395485, -3.518768131407285, -8.088134681906888, -5.911583569502163, -6.236595523370079, -7.340663503326361, 5.416858986098123]","[0.9878749946291778, 0.9997578696804336, 0.9772071954911388, 0.9003616634052157, 0.980182295865513, 0.9633479438866271, 0.9321097165816139, 0.9695103168298859, 0.9092796641397443, 0.9775869863749447, 0.9657496933060266, 0.950654265731284, 0.9700434315573195, 0.9011767579414239, 0.9820936970843349, 0.9938126898718609, 0.9646325798510359, 0.9676943792082922, 0.9773080316294318, 0.9679212805707065, 0.9629932128941049, 0.9632803780841583, 0.9941377436005367, 0.9966518062748271, 0.9673223867372739, 0.9980790613464857, 0.9777505532395218, 0.9734076062182643, 0.901186491180328, 0.9664564185961372, 0.9833702563918686, 0.9716681094097689, 0.9668794338707445, 0.922154711576705, 0.9659936753491217, 0.9747479222777593, 0.9905597509907772, 0.9622491104249721, 0.04888856601420098, 0.9760122896699114, 0.9773979195187201, 0.9466414973376985, 0.9845336177208517, 0.9827230059092195, 0.9777861714740014, 0.9798730635350906, 0.02221320606447481]","[0.007371329807933456, 4.670713825261187e-05, 0.01601991049391417, 0.07680785314739699, 0.01379824227505093, 0.02493774573226633, 0.04042852564402735, 0.02080434573137853, 0.06952045224900802, 0.01507819612936441, 0.02391433697562544, 0.03429000077487641, 0.02116887496050541, 0.07585859810997228, 0.01203514930405689, 0.003234513699068655, 0.02445690427913315, 0.02213265632148644, 0.0148067426776257, 0.02213184038211912, 0.02643146319649414, 0.02525664610682287, 0.003054653311929021, 0.001636285243847484, 0.02249941629357652, 0.0007369440366737696, 0.01158749606172284, 0.01795143058169253, 0.07630720338456758, 0.02257225794533017, 0.01073682911235808, 0.01934226809095004, 0.02221583811028244, 0.05490896045738886, 0.0233891262953024, 0.01716577940307576, 0.004879498226222945, 0.02571579726731507, 0.9027044293750803, 0.0163062411478048, 0.0150779055642679, 0.03608523382694267, 0.01003849895628018, 0.0111401131176746, 0.01481594945870028, 0.01337060751176584, 0.9486632845355952]","[0.01556488391600496, 9.790173807389635e-05, 0.03412405494489722, 0.174381489473308, 0.02932546126697648, 0.05360579062892887, 0.08830746801448629, 0.04453192233770936, 0.1566003091321101, 0.03208739749337877, 0.05135198889800652, 0.07442307749295869, 0.04532907585584867, 0.1720494320514834, 0.02553270612316033, 0.006801471162308195, 0.0525462686881069, 0.04743953849049879, 0.03150104463886835, 0.04743775000881329, 0.05690383460168147, 0.05430905604322599, 0.00642210548199632, 0.003435239996388588, 0.0482437528451973, 0.00154575811670619, 0.02457187100528674, 0.03831359945844669, 0.1731509339488618, 0.04840354849663284, 0.02274841056519558, 0.0413406022984955, 0.04762188278221636, 0.1217745221555855, 0.05019717788277623, 0.03660750376158997, 0.01027747309851492, 0.05532242267747688, 19.44640659617643, 0.03474407891036158, 0.0320867696856315, 0.07846531969560996, 0.02125383627210444, 0.02361248519625256, 0.03152092644667156, 0.02840429072956255, 38.73208459789364]"
1,39-532,FUBAR,FMO1,NODE56,0.008273106899788111,"[20, 31, 32, 48, 59, 88, 97, 109, 117, 119, 130, 135, 140, 156, 166, 168, 176, 189, 190, 191, 204, 207, 210, 227, 228, 230, 245, 253, 263, 271, 280, 311, 312, 327, 337, 341, 348, 357, 369, 373, 387, 389, 426, 468, 473, 477, 478]","[4.827838812710351, 15.33947692895842, 5.591237357410443, 2.459867403653099, 6.54705908179896, 4.567624008355658, 7.022760972730953, 4.769233802336779, 2.94418162101573, 6.653286338280054, 4.331994893798173, 3.499194458494555, 3.716032456110102, 2.813443938007131, 8.372520787751442, 7.235367287257077, 4.325910710353609, 4.598585431189511, 8.336923393249338, 4.466343682840129, 6.368822823491291, 4.286850647198564, 7.87204490370601, 11.24808426743036, 4.54840830052572, 17.29129927758455, 4.735180523503381, 5.88302571929393, 3.027957660762411, 4.870107656985635, 10.05296389438003, 4.96084249852779, 5.027977987858181, 2.772475429789361, 4.51779988374981, 5.180810053087858, 6.14217848953842, 4.366207165718851, 0.9255705479514847, 5.77408003604016, 6.664144073429021, 3.948591402703608, 8.493103766722108, 6.300697719630503, 6.62752001797441, 7.73651729255798, 0.6907091857121891]","[0.3250778709333811, 0.3804714135613663, 0.3110218673911078, 0.3171041394805214, 0.324818381828677, 0.3860402104846948, 0.8534172452597403, 0.3683498598263802, 0.3542637205722974, 0.3817009686441051, 0.3465652248503545, 0.3748219401779477, 0.2933423604281719, 0.3682153667414569, 0.3827519404612954, 0.3835352166080206, 0.3598776221275464, 0.3669479951927143, 0.424577036591877, 0.3558292572988055, 0.5080285864220099, 0.3695115224887978, 0.3870211970568603, 0.4077606063781379, 0.3611367830740993, 0.4695876363782491, 0.4298397028207677, 0.3863814883563935, 0.3479140700181132, 0.3938289149270188, 0.4258985070103902, 0.3648029337211296, 0.3989705982656121, 0.4120051054698955, 0.3660603918015264, 0.3615901495718773, 0.3952895906849096, 0.3845083990560773, 5.179491150807232, 0.3682611554314912, 0.3917852200335362, 0.4298232712963232, 0.4049690848152185, 0.38911415012834, 0.3909244946043308, 0.3958537892316184, 6.107568171810311]","[-4.502760941776971, -14.95900551539705, -5.280215490019335, -2.142763264172578, -6.222240699970284, -4.181583797870963, -6.169343727471213, -4.400883942510399, -2.589917900443433, -6.271585369635949, -3.985429668947819, -3.124372518316608, -3.42269009568193, -2.445228571265674, -7.989768847290147, -6.851832070649056, -3.966033088226063, -4.231637435996796, -7.91234635665746, -4.110514425541323, -5.860794237069281, -3.917339124709767, -7.48502370664915, -10.84032366105223, -4.187271517451621, -16.8217116412063, -4.305340820682613, -5.496644230937537, -2.680043590744298, -4.476278742058616, -9.627065387369644, -4.59603956480666, -4.629007389592569, -2.360470324319465, -4.151739491948284, -4.819219903515981, -5.74688889885351, -3.981698766662774, 4.253920602855747, -5.405818880608669, -6.272358853395485, -3.518768131407285, -8.088134681906888, -5.911583569502163, -6.236595523370079, -7.340663503326361, 5.416858986098123]","[0.9878749946291778, 0.9997578696804336, 0.9772071954911388, 0.9003616634052157, 0.980182295865513, 0.9633479438866271, 0.9321097165816139, 0.9695103168298859, 0.9092796641397443, 0.9775869863749447, 0.9657496933060266, 0.950654265731284, 0.9700434315573195, 0.9011767579414239, 0.9820936970843349, 0.9938126898718609, 0.9646325798510359, 0.9676943792082922, 0.9773080316294318, 0.9679212805707065, 0.9629932128941049, 0.9632803780841583, 0.9941377436005367, 0.9966518062748271, 0.9673223867372739, 0.9980790613464857, 0.9777505532395218, 0.9734076062182643, 0.901186491180328, 0.9664564185961372, 0.9833702563918686, 0.9716681094097689, 0.9668794338707445, 0.922154711576705, 0.9659936753491217, 0.9747479222777593, 0.9905597509907772, 0.9622491104249721, 0.04888856601420098, 0.9760122896699114, 0.9773979195187201, 0.9466414973376985, 0.9845336177208517, 0.9827230059092195, 0.9777861714740014, 0.9798730635350906, 0.02221320606447481]","[0.007371329807933456, 4.670713825261187e-05, 0.01601991049391417, 0.07680785314739699, 0.01379824227505093, 0.02493774573226633, 0.04042852564402735, 0.02080434573137853, 0.06952045224900802, 0.01507819612936441, 0.02391433697562544, 0.03429000077487641, 0.02116887496050541, 0.07585859810997228, 0.01203514930405689, 0.003234513699068655, 0.02445690427913315, 0.02213265632148644, 0.0148067426776257, 0.02213184038211912, 0.02643146319649414, 0.02525664610682287, 0.003054653311929021, 0.001636285243847484, 0.02249941629357652, 0.0007369440366737696, 0.01158749606172284, 0.01795143058169253, 0.07630720338456758, 0.02257225794533017, 0.01073682911235808, 0.01934226809095004, 0.02221583811028244, 0.05490896045738886, 0.0233891262953024, 0.01716577940307576, 0.004879498226222945, 0.02571579726731507, 0.9027044293750803, 0.0163062411478048, 0.0150779055642679, 0.03608523382694267, 0.01003849895628018, 0.0111401131176746, 0.01481594945870028, 0.01337060751176584, 0.9486632845355952]","[0.01556488391600496, 9.790173807389635e-05, 0.03412405494489722, 0.174381489473308, 0.02932546126697648, 0.05360579062892887, 0.08830746801448629, 0.04453192233770936, 0.1566003091321101, 0.03208739749337877, 0.05135198889800652, 0.07442307749295869, 0.04532907585584867, 0.1720494320514834, 0.02553270612316033, 0.006801471162308195, 0.0525462686881069, 0.04743953849049879, 0.03150104463886835, 0.04743775000881329, 0.05690383460168147, 0.05430905604322599, 0.00642210548199632, 0.003435239996388588, 0.0482437528451973, 0.00154575811670619, 0.02457187100528674, 0.03831359945844669, 0.1731509339488618, 0.04840354849663284, 0.02274841056519558, 0.0413406022984955, 0.04762188278221636, 0.1217745221555855, 0.05019717788277623, 0.03660750376158997, 0.01027747309851492, 0.05532242267747688, 19.44640659617643, 0.03474407891036158, 0.0320867696856315, 0.07846531969560996, 0.02125383627210444, 0.02361248519625256, 0.03152092644667156, 0.02840429072956255, 38.73208459789364]"
1,39-532,FUBAR,FMO1,NODE59,0.005829928433802186,"[20, 31, 32, 48, 59, 88, 97, 109, 117, 119, 130, 135, 140, 156, 166, 168, 176, 189, 190, 191, 204, 207, 210, 227, 228, 230, 245, 253, 263, 271, 280, 311, 312, 327, 337, 341, 348, 357, 369, 373, 387, 389, 426, 468, 473, 477, 478]","[4.827838812710351, 15.33947692895842, 5.591237357410443, 2.459867403653099, 6.54705908179896, 4.567624008355658, 7.022760972730953, 4.769233802336779, 2.94418162101573, 6.653286338280054, 4.331994893798173, 3.499194458494555, 3.716032456110102, 2.813443938007131, 8.372520787751442, 7.235367287257077, 4.325910710353609, 4.598585431189511, 8.336923393249338, 4.466343682840129, 6.368822823491291, 4.286850647198564, 7.87204490370601, 11.24808426743036, 4.54840830052572, 17.29129927758455, 4.735180523503381, 5.88302571929393, 3.027957660762411, 4.870107656985635, 10.05296389438003, 4.96084249852779, 5.027977987858181, 2.772475429789361, 4.51779988374981, 5.180810053087858, 6.14217848953842, 4.366207165718851, 0.9255705479514847, 5.77408003604016, 6.664144073429021, 3.948591402703608, 8.493103766722108, 6.300697719630503, 6.62752001797441, 7.73651729255798, 0.6907091857121891]","[0.3250778709333811, 0.3804714135613663, 0.3110218673911078, 0.3171041394805214, 0.324818381828677, 0.3860402104846948, 0.8534172452597403, 0.3683498598263802, 0.3542637205722974, 0.3817009686441051, 0.3465652248503545, 0.3748219401779477, 0.2933423604281719, 0.3682153667414569, 0.3827519404612954, 0.3835352166080206, 0.3598776221275464, 0.3669479951927143, 0.424577036591877, 0.3558292572988055, 0.5080285864220099, 0.3695115224887978, 0.3870211970568603, 0.4077606063781379, 0.3611367830740993, 0.4695876363782491, 0.4298397028207677, 0.3863814883563935, 0.3479140700181132, 0.3938289149270188, 0.4258985070103902, 0.3648029337211296, 0.3989705982656121, 0.4120051054698955, 0.3660603918015264, 0.3615901495718773, 0.3952895906849096, 0.3845083990560773, 5.179491150807232, 0.3682611554314912, 0.3917852200335362, 0.4298232712963232, 0.4049690848152185, 0.38911415012834, 0.3909244946043308, 0.3958537892316184, 6.107568171810311]","[-4.502760941776971, -14.95900551539705, -5.280215490019335, -2.142763264172578, -6.222240699970284, -4.181583797870963, -6.169343727471213, -4.400883942510399, -2.589917900443433, -6.271585369635949, -3.985429668947819, -3.124372518316608, -3.42269009568193, -2.445228571265674, -7.989768847290147, -6.851832070649056, -3.966033088226063, -4.231637435996796, -7.91234635665746, -4.110514425541323, -5.860794237069281, -3.917339124709767, -7.48502370664915, -10.84032366105223, -4.187271517451621, -16.8217116412063, -4.305340820682613, -5.496644230937537, -2.680043590744298, -4.476278742058616, -9.627065387369644, -4.59603956480666, -4.629007389592569, -2.360470324319465, -4.151739491948284, -4.819219903515981, -5.74688889885351, -3.981698766662774, 4.253920602855747, -5.405818880608669, -6.272358853395485, -3.518768131407285, -8.088134681906888, -5.911583569502163, -6.236595523370079, -7.340663503326361, 5.416858986098123]","[0.9878749946291778, 0.9997578696804336, 0.9772071954911388, 0.9003616634052157, 0.980182295865513, 0.9633479438866271, 0.9321097165816139, 0.9695103168298859, 0.9092796641397443, 0.9775869863749447, 0.9657496933060266, 0.950654265731284, 0.9700434315573195, 0.9011767579414239, 0.9820936970843349, 0.9938126898718609, 0.9646325798510359, 0.9676943792082922, 0.9773080316294318, 0.9679212805707065, 0.9629932128941049, 0.9632803780841583, 0.9941377436005367, 0.9966518062748271, 0.9673223867372739, 0.9980790613464857, 0.9777505532395218, 0.9734076062182643, 0.901186491180328, 0.9664564185961372, 0.9833702563918686, 0.9716681094097689, 0.9668794338707445, 0.922154711576705, 0.9659936753491217, 0.9747479222777593, 0.9905597509907772, 0.9622491104249721, 0.04888856601420098, 0.9760122896699114, 0.9773979195187201, 0.9466414973376985, 0.9845336177208517, 0.9827230059092195, 0.9777861714740014, 0.9798730635350906, 0.02221320606447481]","[0.007371329807933456, 4.670713825261187e-05, 0.01601991049391417, 0.07680785314739699, 0.01379824227505093, 0.02493774573226633, 0.04042852564402735, 0.02080434573137853, 0.06952045224900802, 0.01507819612936441, 0.02391433697562544, 0.03429000077487641, 0.02116887496050541, 0.07585859810997228, 0.01203514930405689, 0.003234513699068655, 0.02445690427913315, 0.02213265632148644, 0.0148067426776257, 0.02213184038211912, 0.02643146319649414, 0.02525664610682287, 0.003054653311929021, 0.001636285243847484, 0.02249941629357652, 0.0007369440366737696, 0.01158749606172284, 0.01795143058169253, 0.07630720338456758, 0.02257225794533017, 0.01073682911235808, 0.01934226809095004, 0.02221583811028244, 0.05490896045738886, 0.0233891262953024, 0.01716577940307576, 0.004879498226222945, 0.02571579726731507, 0.9027044293750803, 0.0163062411478048, 0.0150779055642679, 0.03608523382694267, 0.01003849895628018, 0.0111401131176746, 0.01481594945870028, 0.01337060751176584, 0.9486632845355952]","[0.01556488391600496, 9.790173807389635e-05, 0.03412405494489722, 0.174381489473308, 0.02932546126697648, 0.05360579062892887, 0.08830746801448629, 0.04453192233770936, 0.1566003091321101, 0.03208739749337877, 0.05135198889800652, 0.07442307749295869, 0.04532907585584867, 0.1720494320514834, 0.02553270612316033, 0.006801471162308195, 0.0525462686881069, 0.04743953849049879, 0.03150104463886835, 0.04743775000881329, 0.05690383460168147, 0.05430905604322599, 0.00642210548199632, 0.003435239996388588, 0.0482437528451973, 0.00154575811670619, 0.02457187100528674, 0.03831359945844669, 0.1731509339488618, 0.04840354849663284, 0.02274841056519558, 0.0413406022984955, 0.04762188278221636, 0.1217745221555855, 0.05019717788277623, 0.03660750376158997, 0.01027747309851492, 0.05532242267747688, 19.44640659617643, 0.03474407891036158, 0.0320867696856315, 0.07846531969560996, 0.02125383627210444, 0.02361248519625256, 0.03152092644667156, 0.02840429072956255, 38.73208459789364]"
1,39-532,FUBAR,FMO1,NODE60,0.01441231366477054,"[20, 31, 32, 48, 59, 88, 97, 109, 117, 119, 130, 135, 140, 156, 166, 168, 176, 189, 190, 191, 204, 207, 210, 227, 228, 230, 245, 253, 263, 271, 280, 311, 312, 327, 337, 341, 348, 357, 369, 373, 387, 389, 426, 468, 473, 477, 478]","[4.827838812710351, 15.33947692895842, 5.591237357410443, 2.459867403653099, 6.54705908179896, 4.567624008355658, 7.022760972730953, 4.769233802336779, 2.94418162101573, 6.653286338280054, 4.331994893798173, 3.499194458494555, 3.716032456110102, 2.813443938007131, 8.372520787751442, 7.235367287257077, 4.325910710353609, 4.598585431189511, 8.336923393249338, 4.466343682840129, 6.368822823491291, 4.286850647198564, 7.87204490370601, 11.24808426743036, 4.54840830052572, 17.29129927758455, 4.735180523503381, 5.88302571929393, 3.027957660762411, 4.870107656985635, 10.05296389438003, 4.96084249852779, 5.027977987858181, 2.772475429789361, 4.51779988374981, 5.180810053087858, 6.14217848953842, 4.366207165718851, 0.9255705479514847, 5.77408003604016, 6.664144073429021, 3.948591402703608, 8.493103766722108, 6.300697719630503, 6.62752001797441, 7.73651729255798, 0.6907091857121891]","[0.3250778709333811, 0.3804714135613663, 0.3110218673911078, 0.3171041394805214, 0.324818381828677, 0.3860402104846948, 0.8534172452597403, 0.3683498598263802, 0.3542637205722974, 0.3817009686441051, 0.3465652248503545, 0.3748219401779477, 0.2933423604281719, 0.3682153667414569, 0.3827519404612954, 0.3835352166080206, 0.3598776221275464, 0.3669479951927143, 0.424577036591877, 0.3558292572988055, 0.5080285864220099, 0.3695115224887978, 0.3870211970568603, 0.4077606063781379, 0.3611367830740993, 0.4695876363782491, 0.4298397028207677, 0.3863814883563935, 0.3479140700181132, 0.3938289149270188, 0.4258985070103902, 0.3648029337211296, 0.3989705982656121, 0.4120051054698955, 0.3660603918015264, 0.3615901495718773, 0.3952895906849096, 0.3845083990560773, 5.179491150807232, 0.3682611554314912, 0.3917852200335362, 0.4298232712963232, 0.4049690848152185, 0.38911415012834, 0.3909244946043308, 0.3958537892316184, 6.107568171810311]","[-4.502760941776971, -14.95900551539705, -5.280215490019335, -2.142763264172578, -6.222240699970284, -4.181583797870963, -6.169343727471213, -4.400883942510399, -2.589917900443433, -6.271585369635949, -3.985429668947819, -3.124372518316608, -3.42269009568193, -2.445228571265674, -7.989768847290147, -6.851832070649056, -3.966033088226063, -4.231637435996796, -7.91234635665746, -4.110514425541323, -5.860794237069281, -3.917339124709767, -7.48502370664915, -10.84032366105223, -4.187271517451621, -16.8217116412063, -4.305340820682613, -5.496644230937537, -2.680043590744298, -4.476278742058616, -9.627065387369644, -4.59603956480666, -4.629007389592569, -2.360470324319465, -4.151739491948284, -4.819219903515981, -5.74688889885351, -3.981698766662774, 4.253920602855747, -5.405818880608669, -6.272358853395485, -3.518768131407285, -8.088134681906888, -5.911583569502163, -6.236595523370079, -7.340663503326361, 5.416858986098123]","[0.9878749946291778, 0.9997578696804336, 0.9772071954911388, 0.9003616634052157, 0.980182295865513, 0.9633479438866271, 0.9321097165816139, 0.9695103168298859, 0.9092796641397443, 0.9775869863749447, 0.9657496933060266, 0.950654265731284, 0.9700434315573195, 0.9011767579414239, 0.9820936970843349, 0.9938126898718609, 0.9646325798510359, 0.9676943792082922, 0.9773080316294318, 0.9679212805707065, 0.9629932128941049, 0.9632803780841583, 0.9941377436005367, 0.9966518062748271, 0.9673223867372739, 0.9980790613464857, 0.9777505532395218, 0.9734076062182643, 0.901186491180328, 0.9664564185961372, 0.9833702563918686, 0.9716681094097689, 0.9668794338707445, 0.922154711576705, 0.9659936753491217, 0.9747479222777593, 0.9905597509907772, 0.9622491104249721, 0.04888856601420098, 0.9760122896699114, 0.9773979195187201, 0.9466414973376985, 0.9845336177208517, 0.9827230059092195, 0.9777861714740014, 0.9798730635350906, 0.02221320606447481]","[0.007371329807933456, 4.670713825261187e-05, 0.01601991049391417, 0.07680785314739699, 0.01379824227505093, 0.02493774573226633, 0.04042852564402735, 0.02080434573137853, 0.06952045224900802, 0.01507819612936441, 0.02391433697562544, 0.03429000077487641, 0.02116887496050541, 0.07585859810997228, 0.01203514930405689, 0.003234513699068655, 0.02445690427913315, 0.02213265632148644, 0.0148067426776257, 0.02213184038211912, 0.02643146319649414, 0.02525664610682287, 0.003054653311929021, 0.001636285243847484, 0.02249941629357652, 0.0007369440366737696, 0.01158749606172284, 0.01795143058169253, 0.07630720338456758, 0.02257225794533017, 0.01073682911235808, 0.01934226809095004, 0.02221583811028244, 0.05490896045738886, 0.0233891262953024, 0.01716577940307576, 0.004879498226222945, 0.02571579726731507, 0.9027044293750803, 0.0163062411478048, 0.0150779055642679, 0.03608523382694267, 0.01003849895628018, 0.0111401131176746, 0.01481594945870028, 0.01337060751176584, 0.9486632845355952]","[0.01556488391600496, 9.790173807389635e-05, 0.03412405494489722, 0.174381489473308, 0.02932546126697648, 0.05360579062892887, 0.08830746801448629, 0.04453192233770936, 0.1566003091321101, 0.03208739749337877, 0.05135198889800652, 0.07442307749295869, 0.04532907585584867, 0.1720494320514834, 0.02553270612316033, 0.006801471162308195, 0.0525462686881069, 0.04743953849049879, 0.03150104463886835, 0.04743775000881329, 0.05690383460168147, 0.05430905604322599, 0.00642210548199632, 0.003435239996388588, 0.0482437528451973, 0.00154575811670619, 0.02457187100528674, 0.03831359945844669, 0.1731509339488618, 0.04840354849663284, 0.02274841056519558, 0.0413406022984955, 0.04762188278221636, 0.1217745221555855, 0.05019717788277623, 0.03660750376158997, 0.01027747309851492, 0.05532242267747688, 19.44640659617643, 0.03474407891036158, 0.0320867696856315, 0.07846531969560996, 0.02125383627210444, 0.02361248519625256, 0.03152092644667156, 0.02840429072956255, 38.73208459789364]"
1,39-532,FUBAR,FMO1,NODE61,0.001764459729696591,"[20, 31, 32, 48, 59, 88, 97, 109, 117, 119, 130, 135, 140, 156, 166, 168, 176, 189, 190, 191, 204, 207, 210, 227, 228, 230, 245, 253, 263, 271, 280, 311, 312, 327, 337, 341, 348, 357, 369, 373, 387, 389, 426, 468, 473, 477, 478]","[4.827838812710351, 15.33947692895842, 5.591237357410443, 2.459867403653099, 6.54705908179896, 4.567624008355658, 7.022760972730953, 4.769233802336779, 2.94418162101573, 6.653286338280054, 4.331994893798173, 3.499194458494555, 3.716032456110102, 2.813443938007131, 8.372520787751442, 7.235367287257077, 4.325910710353609, 4.598585431189511, 8.336923393249338, 4.466343682840129, 6.368822823491291, 4.286850647198564, 7.87204490370601, 11.24808426743036, 4.54840830052572, 17.29129927758455, 4.735180523503381, 5.88302571929393, 3.027957660762411, 4.870107656985635, 10.05296389438003, 4.96084249852779, 5.027977987858181, 2.772475429789361, 4.51779988374981, 5.180810053087858, 6.14217848953842, 4.366207165718851, 0.9255705479514847, 5.77408003604016, 6.664144073429021, 3.948591402703608, 8.493103766722108, 6.300697719630503, 6.62752001797441, 7.73651729255798, 0.6907091857121891]","[0.3250778709333811, 0.3804714135613663, 0.3110218673911078, 0.3171041394805214, 0.324818381828677, 0.3860402104846948, 0.8534172452597403, 0.3683498598263802, 0.3542637205722974, 0.3817009686441051, 0.3465652248503545, 0.3748219401779477, 0.2933423604281719, 0.3682153667414569, 0.3827519404612954, 0.3835352166080206, 0.3598776221275464, 0.3669479951927143, 0.424577036591877, 0.3558292572988055, 0.5080285864220099, 0.3695115224887978, 0.3870211970568603, 0.4077606063781379, 0.3611367830740993, 0.4695876363782491, 0.4298397028207677, 0.3863814883563935, 0.3479140700181132, 0.3938289149270188, 0.4258985070103902, 0.3648029337211296, 0.3989705982656121, 0.4120051054698955, 0.3660603918015264, 0.3615901495718773, 0.3952895906849096, 0.3845083990560773, 5.179491150807232, 0.3682611554314912, 0.3917852200335362, 0.4298232712963232, 0.4049690848152185, 0.38911415012834, 0.3909244946043308, 0.3958537892316184, 6.107568171810311]","[-4.502760941776971, -14.95900551539705, -5.280215490019335, -2.142763264172578, -6.222240699970284, -4.181583797870963, -6.169343727471213, -4.400883942510399, -2.589917900443433, -6.271585369635949, -3.985429668947819, -3.124372518316608, -3.42269009568193, -2.445228571265674, -7.989768847290147, -6.851832070649056, -3.966033088226063, -4.231637435996796, -7.91234635665746, -4.110514425541323, -5.860794237069281, -3.917339124709767, -7.48502370664915, -10.84032366105223, -4.187271517451621, -16.8217116412063, -4.305340820682613, -5.496644230937537, -2.680043590744298, -4.476278742058616, -9.627065387369644, -4.59603956480666, -4.629007389592569, -2.360470324319465, -4.151739491948284, -4.819219903515981, -5.74688889885351, -3.981698766662774, 4.253920602855747, -5.405818880608669, -6.272358853395485, -3.518768131407285, -8.088134681906888, -5.911583569502163, -6.236595523370079, -7.340663503326361, 5.416858986098123]","[0.9878749946291778, 0.9997578696804336, 0.9772071954911388, 0.9003616634052157, 0.980182295865513, 0.9633479438866271, 0.9321097165816139, 0.9695103168298859, 0.9092796641397443, 0.9775869863749447, 0.9657496933060266, 0.950654265731284, 0.9700434315573195, 0.9011767579414239, 0.9820936970843349, 0.9938126898718609, 0.9646325798510359, 0.9676943792082922, 0.9773080316294318, 0.9679212805707065, 0.9629932128941049, 0.9632803780841583, 0.9941377436005367, 0.9966518062748271, 0.9673223867372739, 0.9980790613464857, 0.9777505532395218, 0.9734076062182643, 0.901186491180328, 0.9664564185961372, 0.9833702563918686, 0.9716681094097689, 0.9668794338707445, 0.922154711576705, 0.9659936753491217, 0.9747479222777593, 0.9905597509907772, 0.9622491104249721, 0.04888856601420098, 0.9760122896699114, 0.9773979195187201, 0.9466414973376985, 0.9845336177208517, 0.9827230059092195, 0.9777861714740014, 0.9798730635350906, 0.02221320606447481]","[0.007371329807933456, 4.670713825261187e-05, 0.01601991049391417, 0.07680785314739699, 0.01379824227505093, 0.02493774573226633, 0.04042852564402735, 0.02080434573137853, 0.06952045224900802, 0.01507819612936441, 0.02391433697562544, 0.03429000077487641, 0.02116887496050541, 0.07585859810997228, 0.01203514930405689, 0.003234513699068655, 0.02445690427913315, 0.02213265632148644, 0.0148067426776257, 0.02213184038211912, 0.02643146319649414, 0.02525664610682287, 0.003054653311929021, 0.001636285243847484, 0.02249941629357652, 0.0007369440366737696, 0.01158749606172284, 0.01795143058169253, 0.07630720338456758, 0.02257225794533017, 0.01073682911235808, 0.01934226809095004, 0.02221583811028244, 0.05490896045738886, 0.0233891262953024, 0.01716577940307576, 0.004879498226222945, 0.02571579726731507, 0.9027044293750803, 0.0163062411478048, 0.0150779055642679, 0.03608523382694267, 0.01003849895628018, 0.0111401131176746, 0.01481594945870028, 0.01337060751176584, 0.9486632845355952]","[0.01556488391600496, 9.790173807389635e-05, 0.03412405494489722, 0.174381489473308, 0.02932546126697648, 0.05360579062892887, 0.08830746801448629, 0.04453192233770936, 0.1566003091321101, 0.03208739749337877, 0.05135198889800652, 0.07442307749295869, 0.04532907585584867, 0.1720494320514834, 0.02553270612316033, 0.006801471162308195, 0.0525462686881069, 0.04743953849049879, 0.03150104463886835, 0.04743775000881329, 0.05690383460168147, 0.05430905604322599, 0.00642210548199632, 0.003435239996388588, 0.0482437528451973, 0.00154575811670619, 0.02457187100528674, 0.03831359945844669, 0.1731509339488618, 0.04840354849663284, 0.02274841056519558, 0.0413406022984955, 0.04762188278221636, 0.1217745221555855, 0.05019717788277623, 0.03660750376158997, 0.01027747309851492, 0.05532242267747688, 19.44640659617643, 0.03474407891036158, 0.0320867696856315, 0.07846531969560996, 0.02125383627210444, 0.02361248519625256, 0.03152092644667156, 0.02840429072956255, 38.73208459789364]"
1,39-532,FUBAR,FMO1,NODE62,0.007902546195264799,"[20, 31, 32, 48, 59, 88, 97, 109, 117, 119, 130, 135, 140, 156, 166, 168, 176, 189, 190, 191, 204, 207, 210, 227, 228, 230, 245, 253, 263, 271, 280, 311, 312, 327, 337, 341, 348, 357, 369, 373, 387, 389, 426, 468, 473, 477, 478]","[4.827838812710351, 15.33947692895842, 5.591237357410443, 2.459867403653099, 6.54705908179896, 4.567624008355658, 7.022760972730953, 4.769233802336779, 2.94418162101573, 6.653286338280054, 4.331994893798173, 3.499194458494555, 3.716032456110102, 2.813443938007131, 8.372520787751442, 7.235367287257077, 4.325910710353609, 4.598585431189511, 8.336923393249338, 4.466343682840129, 6.368822823491291, 4.286850647198564, 7.87204490370601, 11.24808426743036, 4.54840830052572, 17.29129927758455, 4.735180523503381, 5.88302571929393, 3.027957660762411, 4.870107656985635, 10.05296389438003, 4.96084249852779, 5.027977987858181, 2.772475429789361, 4.51779988374981, 5.180810053087858, 6.14217848953842, 4.366207165718851, 0.9255705479514847, 5.77408003604016, 6.664144073429021, 3.948591402703608, 8.493103766722108, 6.300697719630503, 6.62752001797441, 7.73651729255798, 0.6907091857121891]","[0.3250778709333811, 0.3804714135613663, 0.3110218673911078, 0.3171041394805214, 0.324818381828677, 0.3860402104846948, 0.8534172452597403, 0.3683498598263802, 0.3542637205722974, 0.3817009686441051, 0.3465652248503545, 0.3748219401779477, 0.2933423604281719, 0.3682153667414569, 0.3827519404612954, 0.3835352166080206, 0.3598776221275464, 0.3669479951927143, 0.424577036591877, 0.3558292572988055, 0.5080285864220099, 0.3695115224887978, 0.3870211970568603, 0.4077606063781379, 0.3611367830740993, 0.4695876363782491, 0.4298397028207677, 0.3863814883563935, 0.3479140700181132, 0.3938289149270188, 0.4258985070103902, 0.3648029337211296, 0.3989705982656121, 0.4120051054698955, 0.3660603918015264, 0.3615901495718773, 0.3952895906849096, 0.3845083990560773, 5.179491150807232, 0.3682611554314912, 0.3917852200335362, 0.4298232712963232, 0.4049690848152185, 0.38911415012834, 0.3909244946043308, 0.3958537892316184, 6.107568171810311]","[-4.502760941776971, -14.95900551539705, -5.280215490019335, -2.142763264172578, -6.222240699970284, -4.181583797870963, -6.169343727471213, -4.400883942510399, -2.589917900443433, -6.271585369635949, -3.985429668947819, -3.124372518316608, -3.42269009568193, -2.445228571265674, -7.989768847290147, -6.851832070649056, -3.966033088226063, -4.231637435996796, -7.91234635665746, -4.110514425541323, -5.860794237069281, -3.917339124709767, -7.48502370664915, -10.84032366105223, -4.187271517451621, -16.8217116412063, -4.305340820682613, -5.496644230937537, -2.680043590744298, -4.476278742058616, -9.627065387369644, -4.59603956480666, -4.629007389592569, -2.360470324319465, -4.151739491948284, -4.819219903515981, -5.74688889885351, -3.981698766662774, 4.253920602855747, -5.405818880608669, -6.272358853395485, -3.518768131407285, -8.088134681906888, -5.911583569502163, -6.236595523370079, -7.340663503326361, 5.416858986098123]","[0.9878749946291778, 0.9997578696804336, 0.9772071954911388, 0.9003616634052157, 0.980182295865513, 0.9633479438866271, 0.9321097165816139, 0.9695103168298859, 0.9092796641397443, 0.9775869863749447, 0.9657496933060266, 0.950654265731284, 0.9700434315573195, 0.9011767579414239, 0.9820936970843349, 0.9938126898718609, 0.9646325798510359, 0.9676943792082922, 0.9773080316294318, 0.9679212805707065, 0.9629932128941049, 0.9632803780841583, 0.9941377436005367, 0.9966518062748271, 0.9673223867372739, 0.9980790613464857, 0.9777505532395218, 0.9734076062182643, 0.901186491180328, 0.9664564185961372, 0.9833702563918686, 0.9716681094097689, 0.9668794338707445, 0.922154711576705, 0.9659936753491217, 0.9747479222777593, 0.9905597509907772, 0.9622491104249721, 0.04888856601420098, 0.9760122896699114, 0.9773979195187201, 0.9466414973376985, 0.9845336177208517, 0.9827230059092195, 0.9777861714740014, 0.9798730635350906, 0.02221320606447481]","[0.007371329807933456, 4.670713825261187e-05, 0.01601991049391417, 0.07680785314739699, 0.01379824227505093, 0.02493774573226633, 0.04042852564402735, 0.02080434573137853, 0.06952045224900802, 0.01507819612936441, 0.02391433697562544, 0.03429000077487641, 0.02116887496050541, 0.07585859810997228, 0.01203514930405689, 0.003234513699068655, 0.02445690427913315, 0.02213265632148644, 0.0148067426776257, 0.02213184038211912, 0.02643146319649414, 0.02525664610682287, 0.003054653311929021, 0.001636285243847484, 0.02249941629357652, 0.0007369440366737696, 0.01158749606172284, 0.01795143058169253, 0.07630720338456758, 0.02257225794533017, 0.01073682911235808, 0.01934226809095004, 0.02221583811028244, 0.05490896045738886, 0.0233891262953024, 0.01716577940307576, 0.004879498226222945, 0.02571579726731507, 0.9027044293750803, 0.0163062411478048, 0.0150779055642679, 0.03608523382694267, 0.01003849895628018, 0.0111401131176746, 0.01481594945870028, 0.01337060751176584, 0.9486632845355952]","[0.01556488391600496, 9.790173807389635e-05, 0.03412405494489722, 0.174381489473308, 0.02932546126697648, 0.05360579062892887, 0.08830746801448629, 0.04453192233770936, 0.1566003091321101, 0.03208739749337877, 0.05135198889800652, 0.07442307749295869, 0.04532907585584867, 0.1720494320514834, 0.02553270612316033, 0.006801471162308195, 0.0525462686881069, 0.04743953849049879, 0.03150104463886835, 0.04743775000881329, 0.05690383460168147, 0.05430905604322599, 0.00642210548199632, 0.003435239996388588, 0.0482437528451973, 0.00154575811670619, 0.02457187100528674, 0.03831359945844669, 0.1731509339488618, 0.04840354849663284, 0.02274841056519558, 0.0413406022984955, 0.04762188278221636, 0.1217745221555855, 0.05019717788277623, 0.03660750376158997, 0.01027747309851492, 0.05532242267747688, 19.44640659617643, 0.03474407891036158, 0.0320867696856315, 0.07846531969560996, 0.02125383627210444, 0.02361248519625256, 0.03152092644667156, 0.02840429072956255, 38.73208459789364]"
1,39-532,FUBAR,FMO1,NODE67,0.007676025660011702,"[20, 31, 32, 48, 59, 88, 97, 109, 117, 119, 130, 135, 140, 156, 166, 168, 176, 189, 190, 191, 204, 207, 210, 227, 228, 230, 245, 253, 263, 271, 280, 311, 312, 327, 337, 341, 348, 357, 369, 373, 387, 389, 426, 468, 473, 477, 478]","[4.827838812710351, 15.33947692895842, 5.591237357410443, 2.459867403653099, 6.54705908179896, 4.567624008355658, 7.022760972730953, 4.769233802336779, 2.94418162101573, 6.653286338280054, 4.331994893798173, 3.499194458494555, 3.716032456110102, 2.813443938007131, 8.372520787751442, 7.235367287257077, 4.325910710353609, 4.598585431189511, 8.336923393249338, 4.466343682840129, 6.368822823491291, 4.286850647198564, 7.87204490370601, 11.24808426743036, 4.54840830052572, 17.29129927758455, 4.735180523503381, 5.88302571929393, 3.027957660762411, 4.870107656985635, 10.05296389438003, 4.96084249852779, 5.027977987858181, 2.772475429789361, 4.51779988374981, 5.180810053087858, 6.14217848953842, 4.366207165718851, 0.9255705479514847, 5.77408003604016, 6.664144073429021, 3.948591402703608, 8.493103766722108, 6.300697719630503, 6.62752001797441, 7.73651729255798, 0.6907091857121891]","[0.3250778709333811, 0.3804714135613663, 0.3110218673911078, 0.3171041394805214, 0.324818381828677, 0.3860402104846948, 0.8534172452597403, 0.3683498598263802, 0.3542637205722974, 0.3817009686441051, 0.3465652248503545, 0.3748219401779477, 0.2933423604281719, 0.3682153667414569, 0.3827519404612954, 0.3835352166080206, 0.3598776221275464, 0.3669479951927143, 0.424577036591877, 0.3558292572988055, 0.5080285864220099, 0.3695115224887978, 0.3870211970568603, 0.4077606063781379, 0.3611367830740993, 0.4695876363782491, 0.4298397028207677, 0.3863814883563935, 0.3479140700181132, 0.3938289149270188, 0.4258985070103902, 0.3648029337211296, 0.3989705982656121, 0.4120051054698955, 0.3660603918015264, 0.3615901495718773, 0.3952895906849096, 0.3845083990560773, 5.179491150807232, 0.3682611554314912, 0.3917852200335362, 0.4298232712963232, 0.4049690848152185, 0.38911415012834, 0.3909244946043308, 0.3958537892316184, 6.107568171810311]","[-4.502760941776971, -14.95900551539705, -5.280215490019335, -2.142763264172578, -6.222240699970284, -4.181583797870963, -6.169343727471213, -4.400883942510399, -2.589917900443433, -6.271585369635949, -3.985429668947819, -3.124372518316608, -3.42269009568193, -2.445228571265674, -7.989768847290147, -6.851832070649056, -3.966033088226063, -4.231637435996796, -7.91234635665746, -4.110514425541323, -5.860794237069281, -3.917339124709767, -7.48502370664915, -10.84032366105223, -4.187271517451621, -16.8217116412063, -4.305340820682613, -5.496644230937537, -2.680043590744298, -4.476278742058616, -9.627065387369644, -4.59603956480666, -4.629007389592569, -2.360470324319465, -4.151739491948284, -4.819219903515981, -5.74688889885351, -3.981698766662774, 4.253920602855747, -5.405818880608669, -6.272358853395485, -3.518768131407285, -8.088134681906888, -5.911583569502163, -6.236595523370079, -7.340663503326361, 5.416858986098123]","[0.9878749946291778, 0.9997578696804336, 0.9772071954911388, 0.9003616634052157, 0.980182295865513, 0.9633479438866271, 0.9321097165816139, 0.9695103168298859, 0.9092796641397443, 0.9775869863749447, 0.9657496933060266, 0.950654265731284, 0.9700434315573195, 0.9011767579414239, 0.9820936970843349, 0.9938126898718609, 0.9646325798510359, 0.9676943792082922, 0.9773080316294318, 0.9679212805707065, 0.9629932128941049, 0.9632803780841583, 0.9941377436005367, 0.9966518062748271, 0.9673223867372739, 0.9980790613464857, 0.9777505532395218, 0.9734076062182643, 0.901186491180328, 0.9664564185961372, 0.9833702563918686, 0.9716681094097689, 0.9668794338707445, 0.922154711576705, 0.9659936753491217, 0.9747479222777593, 0.9905597509907772, 0.9622491104249721, 0.04888856601420098, 0.9760122896699114, 0.9773979195187201, 0.9466414973376985, 0.9845336177208517, 0.9827230059092195, 0.9777861714740014, 0.9798730635350906, 0.02221320606447481]","[0.007371329807933456, 4.670713825261187e-05, 0.01601991049391417, 0.07680785314739699, 0.01379824227505093, 0.02493774573226633, 0.04042852564402735, 0.02080434573137853, 0.06952045224900802, 0.01507819612936441, 0.02391433697562544, 0.03429000077487641, 0.02116887496050541, 0.07585859810997228, 0.01203514930405689, 0.003234513699068655, 0.02445690427913315, 0.02213265632148644, 0.0148067426776257, 0.02213184038211912, 0.02643146319649414, 0.02525664610682287, 0.003054653311929021, 0.001636285243847484, 0.02249941629357652, 0.0007369440366737696, 0.01158749606172284, 0.01795143058169253, 0.07630720338456758, 0.02257225794533017, 0.01073682911235808, 0.01934226809095004, 0.02221583811028244, 0.05490896045738886, 0.0233891262953024, 0.01716577940307576, 0.004879498226222945, 0.02571579726731507, 0.9027044293750803, 0.0163062411478048, 0.0150779055642679, 0.03608523382694267, 0.01003849895628018, 0.0111401131176746, 0.01481594945870028, 0.01337060751176584, 0.9486632845355952]","[0.01556488391600496, 9.790173807389635e-05, 0.03412405494489722, 0.174381489473308, 0.02932546126697648, 0.05360579062892887, 0.08830746801448629, 0.04453192233770936, 0.1566003091321101, 0.03208739749337877, 0.05135198889800652, 0.07442307749295869, 0.04532907585584867, 0.1720494320514834, 0.02553270612316033, 0.006801471162308195, 0.0525462686881069, 0.04743953849049879, 0.03150104463886835, 0.04743775000881329, 0.05690383460168147, 0.05430905604322599, 0.00642210548199632, 0.003435239996388588, 0.0482437528451973, 0.00154575811670619, 0.02457187100528674, 0.03831359945844669, 0.1731509339488618, 0.04840354849663284, 0.02274841056519558, 0.0413406022984955, 0.04762188278221636, 0.1217745221555855, 0.05019717788277623, 0.03660750376158997, 0.01027747309851492, 0.05532242267747688, 19.44640659617643, 0.03474407891036158, 0.0320867696856315, 0.07846531969560996, 0.02125383627210444, 0.02361248519625256, 0.03152092644667156, 0.02840429072956255, 38.73208459789364]"
1,39-532,FUBAR,FMO1,NODE72,0.0105306731489759,"[20, 31, 32, 48, 59, 88, 97, 109, 117, 119, 130, 135, 140, 156, 166, 168, 176, 189, 190, 191, 204, 207, 210, 227, 228, 230, 245, 253, 263, 271, 280, 311, 312, 327, 337, 341, 348, 357, 369, 373, 387, 389, 426, 468, 473, 477, 478]","[4.827838812710351, 15.33947692895842, 5.591237357410443, 2.459867403653099, 6.54705908179896, 4.567624008355658, 7.022760972730953, 4.769233802336779, 2.94418162101573, 6.653286338280054, 4.331994893798173, 3.499194458494555, 3.716032456110102, 2.813443938007131, 8.372520787751442, 7.235367287257077, 4.325910710353609, 4.598585431189511, 8.336923393249338, 4.466343682840129, 6.368822823491291, 4.286850647198564, 7.87204490370601, 11.24808426743036, 4.54840830052572, 17.29129927758455, 4.735180523503381, 5.88302571929393, 3.027957660762411, 4.870107656985635, 10.05296389438003, 4.96084249852779, 5.027977987858181, 2.772475429789361, 4.51779988374981, 5.180810053087858, 6.14217848953842, 4.366207165718851, 0.9255705479514847, 5.77408003604016, 6.664144073429021, 3.948591402703608, 8.493103766722108, 6.300697719630503, 6.62752001797441, 7.73651729255798, 0.6907091857121891]","[0.3250778709333811, 0.3804714135613663, 0.3110218673911078, 0.3171041394805214, 0.324818381828677, 0.3860402104846948, 0.8534172452597403, 0.3683498598263802, 0.3542637205722974, 0.3817009686441051, 0.3465652248503545, 0.3748219401779477, 0.2933423604281719, 0.3682153667414569, 0.3827519404612954, 0.3835352166080206, 0.3598776221275464, 0.3669479951927143, 0.424577036591877, 0.3558292572988055, 0.5080285864220099, 0.3695115224887978, 0.3870211970568603, 0.4077606063781379, 0.3611367830740993, 0.4695876363782491, 0.4298397028207677, 0.3863814883563935, 0.3479140700181132, 0.3938289149270188, 0.4258985070103902, 0.3648029337211296, 0.3989705982656121, 0.4120051054698955, 0.3660603918015264, 0.3615901495718773, 0.3952895906849096, 0.3845083990560773, 5.179491150807232, 0.3682611554314912, 0.3917852200335362, 0.4298232712963232, 0.4049690848152185, 0.38911415012834, 0.3909244946043308, 0.3958537892316184, 6.107568171810311]","[-4.502760941776971, -14.95900551539705, -5.280215490019335, -2.142763264172578, -6.222240699970284, -4.181583797870963, -6.169343727471213, -4.400883942510399, -2.589917900443433, -6.271585369635949, -3.985429668947819, -3.124372518316608, -3.42269009568193, -2.445228571265674, -7.989768847290147, -6.851832070649056, -3.966033088226063, -4.231637435996796, -7.91234635665746, -4.110514425541323, -5.860794237069281, -3.917339124709767, -7.48502370664915, -10.84032366105223, -4.187271517451621, -16.8217116412063, -4.305340820682613, -5.496644230937537, -2.680043590744298, -4.476278742058616, -9.627065387369644, -4.59603956480666, -4.629007389592569, -2.360470324319465, -4.151739491948284, -4.819219903515981, -5.74688889885351, -3.981698766662774, 4.253920602855747, -5.405818880608669, -6.272358853395485, -3.518768131407285, -8.088134681906888, -5.911583569502163, -6.236595523370079, -7.340663503326361, 5.416858986098123]","[0.9878749946291778, 0.9997578696804336, 0.9772071954911388, 0.9003616634052157, 0.980182295865513, 0.9633479438866271, 0.9321097165816139, 0.9695103168298859, 0.9092796641397443, 0.9775869863749447, 0.9657496933060266, 0.950654265731284, 0.9700434315573195, 0.9011767579414239, 0.9820936970843349, 0.9938126898718609, 0.9646325798510359, 0.9676943792082922, 0.9773080316294318, 0.9679212805707065, 0.9629932128941049, 0.9632803780841583, 0.9941377436005367, 0.9966518062748271, 0.9673223867372739, 0.9980790613464857, 0.9777505532395218, 0.9734076062182643, 0.901186491180328, 0.9664564185961372, 0.9833702563918686, 0.9716681094097689, 0.9668794338707445, 0.922154711576705, 0.9659936753491217, 0.9747479222777593, 0.9905597509907772, 0.9622491104249721, 0.04888856601420098, 0.9760122896699114, 0.9773979195187201, 0.9466414973376985, 0.9845336177208517, 0.9827230059092195, 0.9777861714740014, 0.9798730635350906, 0.02221320606447481]","[0.007371329807933456, 4.670713825261187e-05, 0.01601991049391417, 0.07680785314739699, 0.01379824227505093, 0.02493774573226633, 0.04042852564402735, 0.02080434573137853, 0.06952045224900802, 0.01507819612936441, 0.02391433697562544, 0.03429000077487641, 0.02116887496050541, 0.07585859810997228, 0.01203514930405689, 0.003234513699068655, 0.02445690427913315, 0.02213265632148644, 0.0148067426776257, 0.02213184038211912, 0.02643146319649414, 0.02525664610682287, 0.003054653311929021, 0.001636285243847484, 0.02249941629357652, 0.0007369440366737696, 0.01158749606172284, 0.01795143058169253, 0.07630720338456758, 0.02257225794533017, 0.01073682911235808, 0.01934226809095004, 0.02221583811028244, 0.05490896045738886, 0.0233891262953024, 0.01716577940307576, 0.004879498226222945, 0.02571579726731507, 0.9027044293750803, 0.0163062411478048, 0.0150779055642679, 0.03608523382694267, 0.01003849895628018, 0.0111401131176746, 0.01481594945870028, 0.01337060751176584, 0.9486632845355952]","[0.01556488391600496, 9.790173807389635e-05, 0.03412405494489722, 0.174381489473308, 0.02932546126697648, 0.05360579062892887, 0.08830746801448629, 0.04453192233770936, 0.1566003091321101, 0.03208739749337877, 0.05135198889800652, 0.07442307749295869, 0.04532907585584867, 0.1720494320514834, 0.02553270612316033, 0.006801471162308195, 0.0525462686881069, 0.04743953849049879, 0.03150104463886835, 0.04743775000881329, 0.05690383460168147, 0.05430905604322599, 0.00642210548199632, 0.003435239996388588, 0.0482437528451973, 0.00154575811670619, 0.02457187100528674, 0.03831359945844669, 0.1731509339488618, 0.04840354849663284, 0.02274841056519558, 0.0413406022984955, 0.04762188278221636, 0.1217745221555855, 0.05019717788277623, 0.03660750376158997, 0.01027747309851492, 0.05532242267747688, 19.44640659617643, 0.03474407891036158, 0.0320867696856315, 0.07846531969560996, 0.02125383627210444, 0.02361248519625256, 0.03152092644667156, 0.02840429072956255, 38.73208459789364]"
1,39-532,FUBAR,FMO1,NODE77,0.04881887405235664,"[20, 31, 32, 48, 59, 88, 97, 109, 117, 119, 130, 135, 140, 156, 166, 168, 176, 189, 190, 191, 204, 207, 210, 227, 228, 230, 245, 253, 263, 271, 280, 311, 312, 327, 337, 341, 348, 357, 369, 373, 387, 389, 426, 468, 473, 477, 478]","[4.827838812710351, 15.33947692895842, 5.591237357410443, 2.459867403653099, 6.54705908179896, 4.567624008355658, 7.022760972730953, 4.769233802336779, 2.94418162101573, 6.653286338280054, 4.331994893798173, 3.499194458494555, 3.716032456110102, 2.813443938007131, 8.372520787751442, 7.235367287257077, 4.325910710353609, 4.598585431189511, 8.336923393249338, 4.466343682840129, 6.368822823491291, 4.286850647198564, 7.87204490370601, 11.24808426743036, 4.54840830052572, 17.29129927758455, 4.735180523503381, 5.88302571929393, 3.027957660762411, 4.870107656985635, 10.05296389438003, 4.96084249852779, 5.027977987858181, 2.772475429789361, 4.51779988374981, 5.180810053087858, 6.14217848953842, 4.366207165718851, 0.9255705479514847, 5.77408003604016, 6.664144073429021, 3.948591402703608, 8.493103766722108, 6.300697719630503, 6.62752001797441, 7.73651729255798, 0.6907091857121891]","[0.3250778709333811, 0.3804714135613663, 0.3110218673911078, 0.3171041394805214, 0.324818381828677, 0.3860402104846948, 0.8534172452597403, 0.3683498598263802, 0.3542637205722974, 0.3817009686441051, 0.3465652248503545, 0.3748219401779477, 0.2933423604281719, 0.3682153667414569, 0.3827519404612954, 0.3835352166080206, 0.3598776221275464, 0.3669479951927143, 0.424577036591877, 0.3558292572988055, 0.5080285864220099, 0.3695115224887978, 0.3870211970568603, 0.4077606063781379, 0.3611367830740993, 0.4695876363782491, 0.4298397028207677, 0.3863814883563935, 0.3479140700181132, 0.3938289149270188, 0.4258985070103902, 0.3648029337211296, 0.3989705982656121, 0.4120051054698955, 0.3660603918015264, 0.3615901495718773, 0.3952895906849096, 0.3845083990560773, 5.179491150807232, 0.3682611554314912, 0.3917852200335362, 0.4298232712963232, 0.4049690848152185, 0.38911415012834, 0.3909244946043308, 0.3958537892316184, 6.107568171810311]","[-4.502760941776971, -14.95900551539705, -5.280215490019335, -2.142763264172578, -6.222240699970284, -4.181583797870963, -6.169343727471213, -4.400883942510399, -2.589917900443433, -6.271585369635949, -3.985429668947819, -3.124372518316608, -3.42269009568193, -2.445228571265674, -7.989768847290147, -6.851832070649056, -3.966033088226063, -4.231637435996796, -7.91234635665746, -4.110514425541323, -5.860794237069281, -3.917339124709767, -7.48502370664915, -10.84032366105223, -4.187271517451621, -16.8217116412063, -4.305340820682613, -5.496644230937537, -2.680043590744298, -4.476278742058616, -9.627065387369644, -4.59603956480666, -4.629007389592569, -2.360470324319465, -4.151739491948284, -4.819219903515981, -5.74688889885351, -3.981698766662774, 4.253920602855747, -5.405818880608669, -6.272358853395485, -3.518768131407285, -8.088134681906888, -5.911583569502163, -6.236595523370079, -7.340663503326361, 5.416858986098123]","[0.9878749946291778, 0.9997578696804336, 0.9772071954911388, 0.9003616634052157, 0.980182295865513, 0.9633479438866271, 0.9321097165816139, 0.9695103168298859, 0.9092796641397443, 0.9775869863749447, 0.9657496933060266, 0.950654265731284, 0.9700434315573195, 0.9011767579414239, 0.9820936970843349, 0.9938126898718609, 0.9646325798510359, 0.9676943792082922, 0.9773080316294318, 0.9679212805707065, 0.9629932128941049, 0.9632803780841583, 0.9941377436005367, 0.9966518062748271, 0.9673223867372739, 0.9980790613464857, 0.9777505532395218, 0.9734076062182643, 0.901186491180328, 0.9664564185961372, 0.9833702563918686, 0.9716681094097689, 0.9668794338707445, 0.922154711576705, 0.9659936753491217, 0.9747479222777593, 0.9905597509907772, 0.9622491104249721, 0.04888856601420098, 0.9760122896699114, 0.9773979195187201, 0.9466414973376985, 0.9845336177208517, 0.9827230059092195, 0.9777861714740014, 0.9798730635350906, 0.02221320606447481]","[0.007371329807933456, 4.670713825261187e-05, 0.01601991049391417, 0.07680785314739699, 0.01379824227505093, 0.02493774573226633, 0.04042852564402735, 0.02080434573137853, 0.06952045224900802, 0.01507819612936441, 0.02391433697562544, 0.03429000077487641, 0.02116887496050541, 0.07585859810997228, 0.01203514930405689, 0.003234513699068655, 0.02445690427913315, 0.02213265632148644, 0.0148067426776257, 0.02213184038211912, 0.02643146319649414, 0.02525664610682287, 0.003054653311929021, 0.001636285243847484, 0.02249941629357652, 0.0007369440366737696, 0.01158749606172284, 0.01795143058169253, 0.07630720338456758, 0.02257225794533017, 0.01073682911235808, 0.01934226809095004, 0.02221583811028244, 0.05490896045738886, 0.0233891262953024, 0.01716577940307576, 0.004879498226222945, 0.02571579726731507, 0.9027044293750803, 0.0163062411478048, 0.0150779055642679, 0.03608523382694267, 0.01003849895628018, 0.0111401131176746, 0.01481594945870028, 0.01337060751176584, 0.9486632845355952]","[0.01556488391600496, 9.790173807389635e-05, 0.03412405494489722, 0.174381489473308, 0.02932546126697648, 0.05360579062892887, 0.08830746801448629, 0.04453192233770936, 0.1566003091321101, 0.03208739749337877, 0.05135198889800652, 0.07442307749295869, 0.04532907585584867, 0.1720494320514834, 0.02553270612316033, 0.006801471162308195, 0.0525462686881069, 0.04743953849049879, 0.03150104463886835, 0.04743775000881329, 0.05690383460168147, 0.05430905604322599, 0.00642210548199632, 0.003435239996388588, 0.0482437528451973, 0.00154575811670619, 0.02457187100528674, 0.03831359945844669, 0.1731509339488618, 0.04840354849663284, 0.02274841056519558, 0.0413406022984955, 0.04762188278221636, 0.1217745221555855, 0.05019717788277623, 0.03660750376158997, 0.01027747309851492, 0.05532242267747688, 19.44640659617643, 0.03474407891036158, 0.0320867696856315, 0.07846531969560996, 0.02125383627210444, 0.02361248519625256, 0.03152092644667156, 0.02840429072956255, 38.73208459789364]"
1,39-532,FUBAR,FMO1,NODE78,0.01941307917746254,"[20, 31, 32, 48, 59, 88, 97, 109, 117, 119, 130, 135, 140, 156, 166, 168, 176, 189, 190, 191, 204, 207, 210, 227, 228, 230, 245, 253, 263, 271, 280, 311, 312, 327, 337, 341, 348, 357, 369, 373, 387, 389, 426, 468, 473, 477, 478]","[4.827838812710351, 15.33947692895842, 5.591237357410443, 2.459867403653099, 6.54705908179896, 4.567624008355658, 7.022760972730953, 4.769233802336779, 2.94418162101573, 6.653286338280054, 4.331994893798173, 3.499194458494555, 3.716032456110102, 2.813443938007131, 8.372520787751442, 7.235367287257077, 4.325910710353609, 4.598585431189511, 8.336923393249338, 4.466343682840129, 6.368822823491291, 4.286850647198564, 7.87204490370601, 11.24808426743036, 4.54840830052572, 17.29129927758455, 4.735180523503381, 5.88302571929393, 3.027957660762411, 4.870107656985635, 10.05296389438003, 4.96084249852779, 5.027977987858181, 2.772475429789361, 4.51779988374981, 5.180810053087858, 6.14217848953842, 4.366207165718851, 0.9255705479514847, 5.77408003604016, 6.664144073429021, 3.948591402703608, 8.493103766722108, 6.300697719630503, 6.62752001797441, 7.73651729255798, 0.6907091857121891]","[0.3250778709333811, 0.3804714135613663, 0.3110218673911078, 0.3171041394805214, 0.324818381828677, 0.3860402104846948, 0.8534172452597403, 0.3683498598263802, 0.3542637205722974, 0.3817009686441051, 0.3465652248503545, 0.3748219401779477, 0.2933423604281719, 0.3682153667414569, 0.3827519404612954, 0.3835352166080206, 0.3598776221275464, 0.3669479951927143, 0.424577036591877, 0.3558292572988055, 0.5080285864220099, 0.3695115224887978, 0.3870211970568603, 0.4077606063781379, 0.3611367830740993, 0.4695876363782491, 0.4298397028207677, 0.3863814883563935, 0.3479140700181132, 0.3938289149270188, 0.4258985070103902, 0.3648029337211296, 0.3989705982656121, 0.4120051054698955, 0.3660603918015264, 0.3615901495718773, 0.3952895906849096, 0.3845083990560773, 5.179491150807232, 0.3682611554314912, 0.3917852200335362, 0.4298232712963232, 0.4049690848152185, 0.38911415012834, 0.3909244946043308, 0.3958537892316184, 6.107568171810311]","[-4.502760941776971, -14.95900551539705, -5.280215490019335, -2.142763264172578, -6.222240699970284, -4.181583797870963, -6.169343727471213, -4.400883942510399, -2.589917900443433, -6.271585369635949, -3.985429668947819, -3.124372518316608, -3.42269009568193, -2.445228571265674, -7.989768847290147, -6.851832070649056, -3.966033088226063, -4.231637435996796, -7.91234635665746, -4.110514425541323, -5.860794237069281, -3.917339124709767, -7.48502370664915, -10.84032366105223, -4.187271517451621, -16.8217116412063, -4.305340820682613, -5.496644230937537, -2.680043590744298, -4.476278742058616, -9.627065387369644, -4.59603956480666, -4.629007389592569, -2.360470324319465, -4.151739491948284, -4.819219903515981, -5.74688889885351, -3.981698766662774, 4.253920602855747, -5.405818880608669, -6.272358853395485, -3.518768131407285, -8.088134681906888, -5.911583569502163, -6.236595523370079, -7.340663503326361, 5.416858986098123]","[0.9878749946291778, 0.9997578696804336, 0.9772071954911388, 0.9003616634052157, 0.980182295865513, 0.9633479438866271, 0.9321097165816139, 0.9695103168298859, 0.9092796641397443, 0.9775869863749447, 0.9657496933060266, 0.950654265731284, 0.9700434315573195, 0.9011767579414239, 0.9820936970843349, 0.9938126898718609, 0.9646325798510359, 0.9676943792082922, 0.9773080316294318, 0.9679212805707065, 0.9629932128941049, 0.9632803780841583, 0.9941377436005367, 0.9966518062748271, 0.9673223867372739, 0.9980790613464857, 0.9777505532395218, 0.9734076062182643, 0.901186491180328, 0.9664564185961372, 0.9833702563918686, 0.9716681094097689, 0.9668794338707445, 0.922154711576705, 0.9659936753491217, 0.9747479222777593, 0.9905597509907772, 0.9622491104249721, 0.04888856601420098, 0.9760122896699114, 0.9773979195187201, 0.9466414973376985, 0.9845336177208517, 0.9827230059092195, 0.9777861714740014, 0.9798730635350906, 0.02221320606447481]","[0.007371329807933456, 4.670713825261187e-05, 0.01601991049391417, 0.07680785314739699, 0.01379824227505093, 0.02493774573226633, 0.04042852564402735, 0.02080434573137853, 0.06952045224900802, 0.01507819612936441, 0.02391433697562544, 0.03429000077487641, 0.02116887496050541, 0.07585859810997228, 0.01203514930405689, 0.003234513699068655, 0.02445690427913315, 0.02213265632148644, 0.0148067426776257, 0.02213184038211912, 0.02643146319649414, 0.02525664610682287, 0.003054653311929021, 0.001636285243847484, 0.02249941629357652, 0.0007369440366737696, 0.01158749606172284, 0.01795143058169253, 0.07630720338456758, 0.02257225794533017, 0.01073682911235808, 0.01934226809095004, 0.02221583811028244, 0.05490896045738886, 0.0233891262953024, 0.01716577940307576, 0.004879498226222945, 0.02571579726731507, 0.9027044293750803, 0.0163062411478048, 0.0150779055642679, 0.03608523382694267, 0.01003849895628018, 0.0111401131176746, 0.01481594945870028, 0.01337060751176584, 0.9486632845355952]","[0.01556488391600496, 9.790173807389635e-05, 0.03412405494489722, 0.174381489473308, 0.02932546126697648, 0.05360579062892887, 0.08830746801448629, 0.04453192233770936, 0.1566003091321101, 0.03208739749337877, 0.05135198889800652, 0.07442307749295869, 0.04532907585584867, 0.1720494320514834, 0.02553270612316033, 0.006801471162308195, 0.0525462686881069, 0.04743953849049879, 0.03150104463886835, 0.04743775000881329, 0.05690383460168147, 0.05430905604322599, 0.00642210548199632, 0.003435239996388588, 0.0482437528451973, 0.00154575811670619, 0.02457187100528674, 0.03831359945844669, 0.1731509339488618, 0.04840354849663284, 0.02274841056519558, 0.0413406022984955, 0.04762188278221636, 0.1217745221555855, 0.05019717788277623, 0.03660750376158997, 0.01027747309851492, 0.05532242267747688, 19.44640659617643, 0.03474407891036158, 0.0320867696856315, 0.07846531969560996, 0.02125383627210444, 0.02361248519625256, 0.03152092644667156, 0.02840429072956255, 38.73208459789364]"
1,39-532,FUBAR,FMO1,NODE81,0.003980124966509064,"[20, 31, 32, 48, 59, 88, 97, 109, 117, 119, 130, 135, 140, 156, 166, 168, 176, 189, 190, 191, 204, 207, 210, 227, 228, 230, 245, 253, 263, 271, 280, 311, 312, 327, 337, 341, 348, 357, 369, 373, 387, 389, 426, 468, 473, 477, 478]","[4.827838812710351, 15.33947692895842, 5.591237357410443, 2.459867403653099, 6.54705908179896, 4.567624008355658, 7.022760972730953, 4.769233802336779, 2.94418162101573, 6.653286338280054, 4.331994893798173, 3.499194458494555, 3.716032456110102, 2.813443938007131, 8.372520787751442, 7.235367287257077, 4.325910710353609, 4.598585431189511, 8.336923393249338, 4.466343682840129, 6.368822823491291, 4.286850647198564, 7.87204490370601, 11.24808426743036, 4.54840830052572, 17.29129927758455, 4.735180523503381, 5.88302571929393, 3.027957660762411, 4.870107656985635, 10.05296389438003, 4.96084249852779, 5.027977987858181, 2.772475429789361, 4.51779988374981, 5.180810053087858, 6.14217848953842, 4.366207165718851, 0.9255705479514847, 5.77408003604016, 6.664144073429021, 3.948591402703608, 8.493103766722108, 6.300697719630503, 6.62752001797441, 7.73651729255798, 0.6907091857121891]","[0.3250778709333811, 0.3804714135613663, 0.3110218673911078, 0.3171041394805214, 0.324818381828677, 0.3860402104846948, 0.8534172452597403, 0.3683498598263802, 0.3542637205722974, 0.3817009686441051, 0.3465652248503545, 0.3748219401779477, 0.2933423604281719, 0.3682153667414569, 0.3827519404612954, 0.3835352166080206, 0.3598776221275464, 0.3669479951927143, 0.424577036591877, 0.3558292572988055, 0.5080285864220099, 0.3695115224887978, 0.3870211970568603, 0.4077606063781379, 0.3611367830740993, 0.4695876363782491, 0.4298397028207677, 0.3863814883563935, 0.3479140700181132, 0.3938289149270188, 0.4258985070103902, 0.3648029337211296, 0.3989705982656121, 0.4120051054698955, 0.3660603918015264, 0.3615901495718773, 0.3952895906849096, 0.3845083990560773, 5.179491150807232, 0.3682611554314912, 0.3917852200335362, 0.4298232712963232, 0.4049690848152185, 0.38911415012834, 0.3909244946043308, 0.3958537892316184, 6.107568171810311]","[-4.502760941776971, -14.95900551539705, -5.280215490019335, -2.142763264172578, -6.222240699970284, -4.181583797870963, -6.169343727471213, -4.400883942510399, -2.589917900443433, -6.271585369635949, -3.985429668947819, -3.124372518316608, -3.42269009568193, -2.445228571265674, -7.989768847290147, -6.851832070649056, -3.966033088226063, -4.231637435996796, -7.91234635665746, -4.110514425541323, -5.860794237069281, -3.917339124709767, -7.48502370664915, -10.84032366105223, -4.187271517451621, -16.8217116412063, -4.305340820682613, -5.496644230937537, -2.680043590744298, -4.476278742058616, -9.627065387369644, -4.59603956480666, -4.629007389592569, -2.360470324319465, -4.151739491948284, -4.819219903515981, -5.74688889885351, -3.981698766662774, 4.253920602855747, -5.405818880608669, -6.272358853395485, -3.518768131407285, -8.088134681906888, -5.911583569502163, -6.236595523370079, -7.340663503326361, 5.416858986098123]","[0.9878749946291778, 0.9997578696804336, 0.9772071954911388, 0.9003616634052157, 0.980182295865513, 0.9633479438866271, 0.9321097165816139, 0.9695103168298859, 0.9092796641397443, 0.9775869863749447, 0.9657496933060266, 0.950654265731284, 0.9700434315573195, 0.9011767579414239, 0.9820936970843349, 0.9938126898718609, 0.9646325798510359, 0.9676943792082922, 0.9773080316294318, 0.9679212805707065, 0.9629932128941049, 0.9632803780841583, 0.9941377436005367, 0.9966518062748271, 0.9673223867372739, 0.9980790613464857, 0.9777505532395218, 0.9734076062182643, 0.901186491180328, 0.9664564185961372, 0.9833702563918686, 0.9716681094097689, 0.9668794338707445, 0.922154711576705, 0.9659936753491217, 0.9747479222777593, 0.9905597509907772, 0.9622491104249721, 0.04888856601420098, 0.9760122896699114, 0.9773979195187201, 0.9466414973376985, 0.9845336177208517, 0.9827230059092195, 0.9777861714740014, 0.9798730635350906, 0.02221320606447481]","[0.007371329807933456, 4.670713825261187e-05, 0.01601991049391417, 0.07680785314739699, 0.01379824227505093, 0.02493774573226633, 0.04042852564402735, 0.02080434573137853, 0.06952045224900802, 0.01507819612936441, 0.02391433697562544, 0.03429000077487641, 0.02116887496050541, 0.07585859810997228, 0.01203514930405689, 0.003234513699068655, 0.02445690427913315, 0.02213265632148644, 0.0148067426776257, 0.02213184038211912, 0.02643146319649414, 0.02525664610682287, 0.003054653311929021, 0.001636285243847484, 0.02249941629357652, 0.0007369440366737696, 0.01158749606172284, 0.01795143058169253, 0.07630720338456758, 0.02257225794533017, 0.01073682911235808, 0.01934226809095004, 0.02221583811028244, 0.05490896045738886, 0.0233891262953024, 0.01716577940307576, 0.004879498226222945, 0.02571579726731507, 0.9027044293750803, 0.0163062411478048, 0.0150779055642679, 0.03608523382694267, 0.01003849895628018, 0.0111401131176746, 0.01481594945870028, 0.01337060751176584, 0.9486632845355952]","[0.01556488391600496, 9.790173807389635e-05, 0.03412405494489722, 0.174381489473308, 0.02932546126697648, 0.05360579062892887, 0.08830746801448629, 0.04453192233770936, 0.1566003091321101, 0.03208739749337877, 0.05135198889800652, 0.07442307749295869, 0.04532907585584867, 0.1720494320514834, 0.02553270612316033, 0.006801471162308195, 0.0525462686881069, 0.04743953849049879, 0.03150104463886835, 0.04743775000881329, 0.05690383460168147, 0.05430905604322599, 0.00642210548199632, 0.003435239996388588, 0.0482437528451973, 0.00154575811670619, 0.02457187100528674, 0.03831359945844669, 0.1731509339488618, 0.04840354849663284, 0.02274841056519558, 0.0413406022984955, 0.04762188278221636, 0.1217745221555855, 0.05019717788277623, 0.03660750376158997, 0.01027747309851492, 0.05532242267747688, 19.44640659617643, 0.03474407891036158, 0.0320867696856315, 0.07846531969560996, 0.02125383627210444, 0.02361248519625256, 0.03152092644667156, 0.02840429072956255, 38.73208459789364]"
1,39-532,FUBAR,FMO1,NODE82,0.01662428704969009,"[20, 31, 32, 48, 59, 88, 97, 109, 117, 119, 130, 135, 140, 156, 166, 168, 176, 189, 190, 191, 204, 207, 210, 227, 228, 230, 245, 253, 263, 271, 280, 311, 312, 327, 337, 341, 348, 357, 369, 373, 387, 389, 426, 468, 473, 477, 478]","[4.827838812710351, 15.33947692895842, 5.591237357410443, 2.459867403653099, 6.54705908179896, 4.567624008355658, 7.022760972730953, 4.769233802336779, 2.94418162101573, 6.653286338280054, 4.331994893798173, 3.499194458494555, 3.716032456110102, 2.813443938007131, 8.372520787751442, 7.235367287257077, 4.325910710353609, 4.598585431189511, 8.336923393249338, 4.466343682840129, 6.368822823491291, 4.286850647198564, 7.87204490370601, 11.24808426743036, 4.54840830052572, 17.29129927758455, 4.735180523503381, 5.88302571929393, 3.027957660762411, 4.870107656985635, 10.05296389438003, 4.96084249852779, 5.027977987858181, 2.772475429789361, 4.51779988374981, 5.180810053087858, 6.14217848953842, 4.366207165718851, 0.9255705479514847, 5.77408003604016, 6.664144073429021, 3.948591402703608, 8.493103766722108, 6.300697719630503, 6.62752001797441, 7.73651729255798, 0.6907091857121891]","[0.3250778709333811, 0.3804714135613663, 0.3110218673911078, 0.3171041394805214, 0.324818381828677, 0.3860402104846948, 0.8534172452597403, 0.3683498598263802, 0.3542637205722974, 0.3817009686441051, 0.3465652248503545, 0.3748219401779477, 0.2933423604281719, 0.3682153667414569, 0.3827519404612954, 0.3835352166080206, 0.3598776221275464, 0.3669479951927143, 0.424577036591877, 0.3558292572988055, 0.5080285864220099, 0.3695115224887978, 0.3870211970568603, 0.4077606063781379, 0.3611367830740993, 0.4695876363782491, 0.4298397028207677, 0.3863814883563935, 0.3479140700181132, 0.3938289149270188, 0.4258985070103902, 0.3648029337211296, 0.3989705982656121, 0.4120051054698955, 0.3660603918015264, 0.3615901495718773, 0.3952895906849096, 0.3845083990560773, 5.179491150807232, 0.3682611554314912, 0.3917852200335362, 0.4298232712963232, 0.4049690848152185, 0.38911415012834, 0.3909244946043308, 0.3958537892316184, 6.107568171810311]","[-4.502760941776971, -14.95900551539705, -5.280215490019335, -2.142763264172578, -6.222240699970284, -4.181583797870963, -6.169343727471213, -4.400883942510399, -2.589917900443433, -6.271585369635949, -3.985429668947819, -3.124372518316608, -3.42269009568193, -2.445228571265674, -7.989768847290147, -6.851832070649056, -3.966033088226063, -4.231637435996796, -7.91234635665746, -4.110514425541323, -5.860794237069281, -3.917339124709767, -7.48502370664915, -10.84032366105223, -4.187271517451621, -16.8217116412063, -4.305340820682613, -5.496644230937537, -2.680043590744298, -4.476278742058616, -9.627065387369644, -4.59603956480666, -4.629007389592569, -2.360470324319465, -4.151739491948284, -4.819219903515981, -5.74688889885351, -3.981698766662774, 4.253920602855747, -5.405818880608669, -6.272358853395485, -3.518768131407285, -8.088134681906888, -5.911583569502163, -6.236595523370079, -7.340663503326361, 5.416858986098123]","[0.9878749946291778, 0.9997578696804336, 0.9772071954911388, 0.9003616634052157, 0.980182295865513, 0.9633479438866271, 0.9321097165816139, 0.9695103168298859, 0.9092796641397443, 0.9775869863749447, 0.9657496933060266, 0.950654265731284, 0.9700434315573195, 0.9011767579414239, 0.9820936970843349, 0.9938126898718609, 0.9646325798510359, 0.9676943792082922, 0.9773080316294318, 0.9679212805707065, 0.9629932128941049, 0.9632803780841583, 0.9941377436005367, 0.9966518062748271, 0.9673223867372739, 0.9980790613464857, 0.9777505532395218, 0.9734076062182643, 0.901186491180328, 0.9664564185961372, 0.9833702563918686, 0.9716681094097689, 0.9668794338707445, 0.922154711576705, 0.9659936753491217, 0.9747479222777593, 0.9905597509907772, 0.9622491104249721, 0.04888856601420098, 0.9760122896699114, 0.9773979195187201, 0.9466414973376985, 0.9845336177208517, 0.9827230059092195, 0.9777861714740014, 0.9798730635350906, 0.02221320606447481]","[0.007371329807933456, 4.670713825261187e-05, 0.01601991049391417, 0.07680785314739699, 0.01379824227505093, 0.02493774573226633, 0.04042852564402735, 0.02080434573137853, 0.06952045224900802, 0.01507819612936441, 0.02391433697562544, 0.03429000077487641, 0.02116887496050541, 0.07585859810997228, 0.01203514930405689, 0.003234513699068655, 0.02445690427913315, 0.02213265632148644, 0.0148067426776257, 0.02213184038211912, 0.02643146319649414, 0.02525664610682287, 0.003054653311929021, 0.001636285243847484, 0.02249941629357652, 0.0007369440366737696, 0.01158749606172284, 0.01795143058169253, 0.07630720338456758, 0.02257225794533017, 0.01073682911235808, 0.01934226809095004, 0.02221583811028244, 0.05490896045738886, 0.0233891262953024, 0.01716577940307576, 0.004879498226222945, 0.02571579726731507, 0.9027044293750803, 0.0163062411478048, 0.0150779055642679, 0.03608523382694267, 0.01003849895628018, 0.0111401131176746, 0.01481594945870028, 0.01337060751176584, 0.9486632845355952]","[0.01556488391600496, 9.790173807389635e-05, 0.03412405494489722, 0.174381489473308, 0.02932546126697648, 0.05360579062892887, 0.08830746801448629, 0.04453192233770936, 0.1566003091321101, 0.03208739749337877, 0.05135198889800652, 0.07442307749295869, 0.04532907585584867, 0.1720494320514834, 0.02553270612316033, 0.006801471162308195, 0.0525462686881069, 0.04743953849049879, 0.03150104463886835, 0.04743775000881329, 0.05690383460168147, 0.05430905604322599, 0.00642210548199632, 0.003435239996388588, 0.0482437528451973, 0.00154575811670619, 0.02457187100528674, 0.03831359945844669, 0.1731509339488618, 0.04840354849663284, 0.02274841056519558, 0.0413406022984955, 0.04762188278221636, 0.1217745221555855, 0.05019717788277623, 0.03660750376158997, 0.01027747309851492, 0.05532242267747688, 19.44640659617643, 0.03474407891036158, 0.0320867696856315, 0.07846531969560996, 0.02125383627210444, 0.02361248519625256, 0.03152092644667156, 0.02840429072956255, 38.73208459789364]"
1,39-532,FUBAR,FMO1,NODE85,0.02837241191515413,"[20, 31, 32, 48, 59, 88, 97, 109, 117, 119, 130, 135, 140, 156, 166, 168, 176, 189, 190, 191, 204, 207, 210, 227, 228, 230, 245, 253, 263, 271, 280, 311, 312, 327, 337, 341, 348, 357, 369, 373, 387, 389, 426, 468, 473, 477, 478]","[4.827838812710351, 15.33947692895842, 5.591237357410443, 2.459867403653099, 6.54705908179896, 4.567624008355658, 7.022760972730953, 4.769233802336779, 2.94418162101573, 6.653286338280054, 4.331994893798173, 3.499194458494555, 3.716032456110102, 2.813443938007131, 8.372520787751442, 7.235367287257077, 4.325910710353609, 4.598585431189511, 8.336923393249338, 4.466343682840129, 6.368822823491291, 4.286850647198564, 7.87204490370601, 11.24808426743036, 4.54840830052572, 17.29129927758455, 4.735180523503381, 5.88302571929393, 3.027957660762411, 4.870107656985635, 10.05296389438003, 4.96084249852779, 5.027977987858181, 2.772475429789361, 4.51779988374981, 5.180810053087858, 6.14217848953842, 4.366207165718851, 0.9255705479514847, 5.77408003604016, 6.664144073429021, 3.948591402703608, 8.493103766722108, 6.300697719630503, 6.62752001797441, 7.73651729255798, 0.6907091857121891]","[0.3250778709333811, 0.3804714135613663, 0.3110218673911078, 0.3171041394805214, 0.324818381828677, 0.3860402104846948, 0.8534172452597403, 0.3683498598263802, 0.3542637205722974, 0.3817009686441051, 0.3465652248503545, 0.3748219401779477, 0.2933423604281719, 0.3682153667414569, 0.3827519404612954, 0.3835352166080206, 0.3598776221275464, 0.3669479951927143, 0.424577036591877, 0.3558292572988055, 0.5080285864220099, 0.3695115224887978, 0.3870211970568603, 0.4077606063781379, 0.3611367830740993, 0.4695876363782491, 0.4298397028207677, 0.3863814883563935, 0.3479140700181132, 0.3938289149270188, 0.4258985070103902, 0.3648029337211296, 0.3989705982656121, 0.4120051054698955, 0.3660603918015264, 0.3615901495718773, 0.3952895906849096, 0.3845083990560773, 5.179491150807232, 0.3682611554314912, 0.3917852200335362, 0.4298232712963232, 0.4049690848152185, 0.38911415012834, 0.3909244946043308, 0.3958537892316184, 6.107568171810311]","[-4.502760941776971, -14.95900551539705, -5.280215490019335, -2.142763264172578, -6.222240699970284, -4.181583797870963, -6.169343727471213, -4.400883942510399, -2.589917900443433, -6.271585369635949, -3.985429668947819, -3.124372518316608, -3.42269009568193, -2.445228571265674, -7.989768847290147, -6.851832070649056, -3.966033088226063, -4.231637435996796, -7.91234635665746, -4.110514425541323, -5.860794237069281, -3.917339124709767, -7.48502370664915, -10.84032366105223, -4.187271517451621, -16.8217116412063, -4.305340820682613, -5.496644230937537, -2.680043590744298, -4.476278742058616, -9.627065387369644, -4.59603956480666, -4.629007389592569, -2.360470324319465, -4.151739491948284, -4.819219903515981, -5.74688889885351, -3.981698766662774, 4.253920602855747, -5.405818880608669, -6.272358853395485, -3.518768131407285, -8.088134681906888, -5.911583569502163, -6.236595523370079, -7.340663503326361, 5.416858986098123]","[0.9878749946291778, 0.9997578696804336, 0.9772071954911388, 0.9003616634052157, 0.980182295865513, 0.9633479438866271, 0.9321097165816139, 0.9695103168298859, 0.9092796641397443, 0.9775869863749447, 0.9657496933060266, 0.950654265731284, 0.9700434315573195, 0.9011767579414239, 0.9820936970843349, 0.9938126898718609, 0.9646325798510359, 0.9676943792082922, 0.9773080316294318, 0.9679212805707065, 0.9629932128941049, 0.9632803780841583, 0.9941377436005367, 0.9966518062748271, 0.9673223867372739, 0.9980790613464857, 0.9777505532395218, 0.9734076062182643, 0.901186491180328, 0.9664564185961372, 0.9833702563918686, 0.9716681094097689, 0.9668794338707445, 0.922154711576705, 0.9659936753491217, 0.9747479222777593, 0.9905597509907772, 0.9622491104249721, 0.04888856601420098, 0.9760122896699114, 0.9773979195187201, 0.9466414973376985, 0.9845336177208517, 0.9827230059092195, 0.9777861714740014, 0.9798730635350906, 0.02221320606447481]","[0.007371329807933456, 4.670713825261187e-05, 0.01601991049391417, 0.07680785314739699, 0.01379824227505093, 0.02493774573226633, 0.04042852564402735, 0.02080434573137853, 0.06952045224900802, 0.01507819612936441, 0.02391433697562544, 0.03429000077487641, 0.02116887496050541, 0.07585859810997228, 0.01203514930405689, 0.003234513699068655, 0.02445690427913315, 0.02213265632148644, 0.0148067426776257, 0.02213184038211912, 0.02643146319649414, 0.02525664610682287, 0.003054653311929021, 0.001636285243847484, 0.02249941629357652, 0.0007369440366737696, 0.01158749606172284, 0.01795143058169253, 0.07630720338456758, 0.02257225794533017, 0.01073682911235808, 0.01934226809095004, 0.02221583811028244, 0.05490896045738886, 0.0233891262953024, 0.01716577940307576, 0.004879498226222945, 0.02571579726731507, 0.9027044293750803, 0.0163062411478048, 0.0150779055642679, 0.03608523382694267, 0.01003849895628018, 0.0111401131176746, 0.01481594945870028, 0.01337060751176584, 0.9486632845355952]","[0.01556488391600496, 9.790173807389635e-05, 0.03412405494489722, 0.174381489473308, 0.02932546126697648, 0.05360579062892887, 0.08830746801448629, 0.04453192233770936, 0.1566003091321101, 0.03208739749337877, 0.05135198889800652, 0.07442307749295869, 0.04532907585584867, 0.1720494320514834, 0.02553270612316033, 0.006801471162308195, 0.0525462686881069, 0.04743953849049879, 0.03150104463886835, 0.04743775000881329, 0.05690383460168147, 0.05430905604322599, 0.00642210548199632, 0.003435239996388588, 0.0482437528451973, 0.00154575811670619, 0.02457187100528674, 0.03831359945844669, 0.1731509339488618, 0.04840354849663284, 0.02274841056519558, 0.0413406022984955, 0.04762188278221636, 0.1217745221555855, 0.05019717788277623, 0.03660750376158997, 0.01027747309851492, 0.05532242267747688, 19.44640659617643, 0.03474407891036158, 0.0320867696856315, 0.07846531969560996, 0.02125383627210444, 0.02361248519625256, 0.03152092644667156, 0.02840429072956255, 38.73208459789364]"
1,39-532,FUBAR,FMO1,NODE9,0.002715981169705904,"[20, 31, 32, 48, 59, 88, 97, 109, 117, 119, 130, 135, 140, 156, 166, 168, 176, 189, 190, 191, 204, 207, 210, 227, 228, 230, 245, 253, 263, 271, 280, 311, 312, 327, 337, 341, 348, 357, 369, 373, 387, 389, 426, 468, 473, 477, 478]","[4.827838812710351, 15.33947692895842, 5.591237357410443, 2.459867403653099, 6.54705908179896, 4.567624008355658, 7.022760972730953, 4.769233802336779, 2.94418162101573, 6.653286338280054, 4.331994893798173, 3.499194458494555, 3.716032456110102, 2.813443938007131, 8.372520787751442, 7.235367287257077, 4.325910710353609, 4.598585431189511, 8.336923393249338, 4.466343682840129, 6.368822823491291, 4.286850647198564, 7.87204490370601, 11.24808426743036, 4.54840830052572, 17.29129927758455, 4.735180523503381, 5.88302571929393, 3.027957660762411, 4.870107656985635, 10.05296389438003, 4.96084249852779, 5.027977987858181, 2.772475429789361, 4.51779988374981, 5.180810053087858, 6.14217848953842, 4.366207165718851, 0.9255705479514847, 5.77408003604016, 6.664144073429021, 3.948591402703608, 8.493103766722108, 6.300697719630503, 6.62752001797441, 7.73651729255798, 0.6907091857121891]","[0.3250778709333811, 0.3804714135613663, 0.3110218673911078, 0.3171041394805214, 0.324818381828677, 0.3860402104846948, 0.8534172452597403, 0.3683498598263802, 0.3542637205722974, 0.3817009686441051, 0.3465652248503545, 0.3748219401779477, 0.2933423604281719, 0.3682153667414569, 0.3827519404612954, 0.3835352166080206, 0.3598776221275464, 0.3669479951927143, 0.424577036591877, 0.3558292572988055, 0.5080285864220099, 0.3695115224887978, 0.3870211970568603, 0.4077606063781379, 0.3611367830740993, 0.4695876363782491, 0.4298397028207677, 0.3863814883563935, 0.3479140700181132, 0.3938289149270188, 0.4258985070103902, 0.3648029337211296, 0.3989705982656121, 0.4120051054698955, 0.3660603918015264, 0.3615901495718773, 0.3952895906849096, 0.3845083990560773, 5.179491150807232, 0.3682611554314912, 0.3917852200335362, 0.4298232712963232, 0.4049690848152185, 0.38911415012834, 0.3909244946043308, 0.3958537892316184, 6.107568171810311]","[-4.502760941776971, -14.95900551539705, -5.280215490019335, -2.142763264172578, -6.222240699970284, -4.181583797870963, -6.169343727471213, -4.400883942510399, -2.589917900443433, -6.271585369635949, -3.985429668947819, -3.124372518316608, -3.42269009568193, -2.445228571265674, -7.989768847290147, -6.851832070649056, -3.966033088226063, -4.231637435996796, -7.91234635665746, -4.110514425541323, -5.860794237069281, -3.917339124709767, -7.48502370664915, -10.84032366105223, -4.187271517451621, -16.8217116412063, -4.305340820682613, -5.496644230937537, -2.680043590744298, -4.476278742058616, -9.627065387369644, -4.59603956480666, -4.629007389592569, -2.360470324319465, -4.151739491948284, -4.819219903515981, -5.74688889885351, -3.981698766662774, 4.253920602855747, -5.405818880608669, -6.272358853395485, -3.518768131407285, -8.088134681906888, -5.911583569502163, -6.236595523370079, -7.340663503326361, 5.416858986098123]","[0.9878749946291778, 0.9997578696804336, 0.9772071954911388, 0.9003616634052157, 0.980182295865513, 0.9633479438866271, 0.9321097165816139, 0.9695103168298859, 0.9092796641397443, 0.9775869863749447, 0.9657496933060266, 0.950654265731284, 0.9700434315573195, 0.9011767579414239, 0.9820936970843349, 0.9938126898718609, 0.9646325798510359, 0.9676943792082922, 0.9773080316294318, 0.9679212805707065, 0.9629932128941049, 0.9632803780841583, 0.9941377436005367, 0.9966518062748271, 0.9673223867372739, 0.9980790613464857, 0.9777505532395218, 0.9734076062182643, 0.901186491180328, 0.9664564185961372, 0.9833702563918686, 0.9716681094097689, 0.9668794338707445, 0.922154711576705, 0.9659936753491217, 0.9747479222777593, 0.9905597509907772, 0.9622491104249721, 0.04888856601420098, 0.9760122896699114, 0.9773979195187201, 0.9466414973376985, 0.9845336177208517, 0.9827230059092195, 0.9777861714740014, 0.9798730635350906, 0.02221320606447481]","[0.007371329807933456, 4.670713825261187e-05, 0.01601991049391417, 0.07680785314739699, 0.01379824227505093, 0.02493774573226633, 0.04042852564402735, 0.02080434573137853, 0.06952045224900802, 0.01507819612936441, 0.02391433697562544, 0.03429000077487641, 0.02116887496050541, 0.07585859810997228, 0.01203514930405689, 0.003234513699068655, 0.02445690427913315, 0.02213265632148644, 0.0148067426776257, 0.02213184038211912, 0.02643146319649414, 0.02525664610682287, 0.003054653311929021, 0.001636285243847484, 0.02249941629357652, 0.0007369440366737696, 0.01158749606172284, 0.01795143058169253, 0.07630720338456758, 0.02257225794533017, 0.01073682911235808, 0.01934226809095004, 0.02221583811028244, 0.05490896045738886, 0.0233891262953024, 0.01716577940307576, 0.004879498226222945, 0.02571579726731507, 0.9027044293750803, 0.0163062411478048, 0.0150779055642679, 0.03608523382694267, 0.01003849895628018, 0.0111401131176746, 0.01481594945870028, 0.01337060751176584, 0.9486632845355952]","[0.01556488391600496, 9.790173807389635e-05, 0.03412405494489722, 0.174381489473308, 0.02932546126697648, 0.05360579062892887, 0.08830746801448629, 0.04453192233770936, 0.1566003091321101, 0.03208739749337877, 0.05135198889800652, 0.07442307749295869, 0.04532907585584867, 0.1720494320514834, 0.02553270612316033, 0.006801471162308195, 0.0525462686881069, 0.04743953849049879, 0.03150104463886835, 0.04743775000881329, 0.05690383460168147, 0.05430905604322599, 0.00642210548199632, 0.003435239996388588, 0.0482437528451973, 0.00154575811670619, 0.02457187100528674, 0.03831359945844669, 0.1731509339488618, 0.04840354849663284, 0.02274841056519558, 0.0413406022984955, 0.04762188278221636, 0.1217745221555855, 0.05019717788277623, 0.03660750376158997, 0.01027747309851492, 0.05532242267747688, 19.44640659617643, 0.03474407891036158, 0.0320867696856315, 0.07846531969560996, 0.02125383627210444, 0.02361248519625256, 0.03152092644667156, 0.02840429072956255, 38.73208459789364]"
1,39-532,FUBAR,FMO1,NODE90,0.009553532527170578,"[20, 31, 32, 48, 59, 88, 97, 109, 117, 119, 130, 135, 140, 156, 166, 168, 176, 189, 190, 191, 204, 207, 210, 227, 228, 230, 245, 253, 263, 271, 280, 311, 312, 327, 337, 341, 348, 357, 369, 373, 387, 389, 426, 468, 473, 477, 478]","[4.827838812710351, 15.33947692895842, 5.591237357410443, 2.459867403653099, 6.54705908179896, 4.567624008355658, 7.022760972730953, 4.769233802336779, 2.94418162101573, 6.653286338280054, 4.331994893798173, 3.499194458494555, 3.716032456110102, 2.813443938007131, 8.372520787751442, 7.235367287257077, 4.325910710353609, 4.598585431189511, 8.336923393249338, 4.466343682840129, 6.368822823491291, 4.286850647198564, 7.87204490370601, 11.24808426743036, 4.54840830052572, 17.29129927758455, 4.735180523503381, 5.88302571929393, 3.027957660762411, 4.870107656985635, 10.05296389438003, 4.96084249852779, 5.027977987858181, 2.772475429789361, 4.51779988374981, 5.180810053087858, 6.14217848953842, 4.366207165718851, 0.9255705479514847, 5.77408003604016, 6.664144073429021, 3.948591402703608, 8.493103766722108, 6.300697719630503, 6.62752001797441, 7.73651729255798, 0.6907091857121891]","[0.3250778709333811, 0.3804714135613663, 0.3110218673911078, 0.3171041394805214, 0.324818381828677, 0.3860402104846948, 0.8534172452597403, 0.3683498598263802, 0.3542637205722974, 0.3817009686441051, 0.3465652248503545, 0.3748219401779477, 0.2933423604281719, 0.3682153667414569, 0.3827519404612954, 0.3835352166080206, 0.3598776221275464, 0.3669479951927143, 0.424577036591877, 0.3558292572988055, 0.5080285864220099, 0.3695115224887978, 0.3870211970568603, 0.4077606063781379, 0.3611367830740993, 0.4695876363782491, 0.4298397028207677, 0.3863814883563935, 0.3479140700181132, 0.3938289149270188, 0.4258985070103902, 0.3648029337211296, 0.3989705982656121, 0.4120051054698955, 0.3660603918015264, 0.3615901495718773, 0.3952895906849096, 0.3845083990560773, 5.179491150807232, 0.3682611554314912, 0.3917852200335362, 0.4298232712963232, 0.4049690848152185, 0.38911415012834, 0.3909244946043308, 0.3958537892316184, 6.107568171810311]","[-4.502760941776971, -14.95900551539705, -5.280215490019335, -2.142763264172578, -6.222240699970284, -4.181583797870963, -6.169343727471213, -4.400883942510399, -2.589917900443433, -6.271585369635949, -3.985429668947819, -3.124372518316608, -3.42269009568193, -2.445228571265674, -7.989768847290147, -6.851832070649056, -3.966033088226063, -4.231637435996796, -7.91234635665746, -4.110514425541323, -5.860794237069281, -3.917339124709767, -7.48502370664915, -10.84032366105223, -4.187271517451621, -16.8217116412063, -4.305340820682613, -5.496644230937537, -2.680043590744298, -4.476278742058616, -9.627065387369644, -4.59603956480666, -4.629007389592569, -2.360470324319465, -4.151739491948284, -4.819219903515981, -5.74688889885351, -3.981698766662774, 4.253920602855747, -5.405818880608669, -6.272358853395485, -3.518768131407285, -8.088134681906888, -5.911583569502163, -6.236595523370079, -7.340663503326361, 5.416858986098123]","[0.9878749946291778, 0.9997578696804336, 0.9772071954911388, 0.9003616634052157, 0.980182295865513, 0.9633479438866271, 0.9321097165816139, 0.9695103168298859, 0.9092796641397443, 0.9775869863749447, 0.9657496933060266, 0.950654265731284, 0.9700434315573195, 0.9011767579414239, 0.9820936970843349, 0.9938126898718609, 0.9646325798510359, 0.9676943792082922, 0.9773080316294318, 0.9679212805707065, 0.9629932128941049, 0.9632803780841583, 0.9941377436005367, 0.9966518062748271, 0.9673223867372739, 0.9980790613464857, 0.9777505532395218, 0.9734076062182643, 0.901186491180328, 0.9664564185961372, 0.9833702563918686, 0.9716681094097689, 0.9668794338707445, 0.922154711576705, 0.9659936753491217, 0.9747479222777593, 0.9905597509907772, 0.9622491104249721, 0.04888856601420098, 0.9760122896699114, 0.9773979195187201, 0.9466414973376985, 0.9845336177208517, 0.9827230059092195, 0.9777861714740014, 0.9798730635350906, 0.02221320606447481]","[0.007371329807933456, 4.670713825261187e-05, 0.01601991049391417, 0.07680785314739699, 0.01379824227505093, 0.02493774573226633, 0.04042852564402735, 0.02080434573137853, 0.06952045224900802, 0.01507819612936441, 0.02391433697562544, 0.03429000077487641, 0.02116887496050541, 0.07585859810997228, 0.01203514930405689, 0.003234513699068655, 0.02445690427913315, 0.02213265632148644, 0.0148067426776257, 0.02213184038211912, 0.02643146319649414, 0.02525664610682287, 0.003054653311929021, 0.001636285243847484, 0.02249941629357652, 0.0007369440366737696, 0.01158749606172284, 0.01795143058169253, 0.07630720338456758, 0.02257225794533017, 0.01073682911235808, 0.01934226809095004, 0.02221583811028244, 0.05490896045738886, 0.0233891262953024, 0.01716577940307576, 0.004879498226222945, 0.02571579726731507, 0.9027044293750803, 0.0163062411478048, 0.0150779055642679, 0.03608523382694267, 0.01003849895628018, 0.0111401131176746, 0.01481594945870028, 0.01337060751176584, 0.9486632845355952]","[0.01556488391600496, 9.790173807389635e-05, 0.03412405494489722, 0.174381489473308, 0.02932546126697648, 0.05360579062892887, 0.08830746801448629, 0.04453192233770936, 0.1566003091321101, 0.03208739749337877, 0.05135198889800652, 0.07442307749295869, 0.04532907585584867, 0.1720494320514834, 0.02553270612316033, 0.006801471162308195, 0.0525462686881069, 0.04743953849049879, 0.03150104463886835, 0.04743775000881329, 0.05690383460168147, 0.05430905604322599, 0.00642210548199632, 0.003435239996388588, 0.0482437528451973, 0.00154575811670619, 0.02457187100528674, 0.03831359945844669, 0.1731509339488618, 0.04840354849663284, 0.02274841056519558, 0.0413406022984955, 0.04762188278221636, 0.1217745221555855, 0.05019717788277623, 0.03660750376158997, 0.01027747309851492, 0.05532242267747688, 19.44640659617643, 0.03474407891036158, 0.0320867696856315, 0.07846531969560996, 0.02125383627210444, 0.02361248519625256, 0.03152092644667156, 0.02840429072956255, 38.73208459789364]"
1,39-532,FUBAR,FMO1,NODE93,0.0061212497312393,"[20, 31, 32, 48, 59, 88, 97, 109, 117, 119, 130, 135, 140, 156, 166, 168, 176, 189, 190, 191, 204, 207, 210, 227, 228, 230, 245, 253, 263, 271, 280, 311, 312, 327, 337, 341, 348, 357, 369, 373, 387, 389, 426, 468, 473, 477, 478]","[4.827838812710351, 15.33947692895842, 5.591237357410443, 2.459867403653099, 6.54705908179896, 4.567624008355658, 7.022760972730953, 4.769233802336779, 2.94418162101573, 6.653286338280054, 4.331994893798173, 3.499194458494555, 3.716032456110102, 2.813443938007131, 8.372520787751442, 7.235367287257077, 4.325910710353609, 4.598585431189511, 8.336923393249338, 4.466343682840129, 6.368822823491291, 4.286850647198564, 7.87204490370601, 11.24808426743036, 4.54840830052572, 17.29129927758455, 4.735180523503381, 5.88302571929393, 3.027957660762411, 4.870107656985635, 10.05296389438003, 4.96084249852779, 5.027977987858181, 2.772475429789361, 4.51779988374981, 5.180810053087858, 6.14217848953842, 4.366207165718851, 0.9255705479514847, 5.77408003604016, 6.664144073429021, 3.948591402703608, 8.493103766722108, 6.300697719630503, 6.62752001797441, 7.73651729255798, 0.6907091857121891]","[0.3250778709333811, 0.3804714135613663, 0.3110218673911078, 0.3171041394805214, 0.324818381828677, 0.3860402104846948, 0.8534172452597403, 0.3683498598263802, 0.3542637205722974, 0.3817009686441051, 0.3465652248503545, 0.3748219401779477, 0.2933423604281719, 0.3682153667414569, 0.3827519404612954, 0.3835352166080206, 0.3598776221275464, 0.3669479951927143, 0.424577036591877, 0.3558292572988055, 0.5080285864220099, 0.3695115224887978, 0.3870211970568603, 0.4077606063781379, 0.3611367830740993, 0.4695876363782491, 0.4298397028207677, 0.3863814883563935, 0.3479140700181132, 0.3938289149270188, 0.4258985070103902, 0.3648029337211296, 0.3989705982656121, 0.4120051054698955, 0.3660603918015264, 0.3615901495718773, 0.3952895906849096, 0.3845083990560773, 5.179491150807232, 0.3682611554314912, 0.3917852200335362, 0.4298232712963232, 0.4049690848152185, 0.38911415012834, 0.3909244946043308, 0.3958537892316184, 6.107568171810311]","[-4.502760941776971, -14.95900551539705, -5.280215490019335, -2.142763264172578, -6.222240699970284, -4.181583797870963, -6.169343727471213, -4.400883942510399, -2.589917900443433, -6.271585369635949, -3.985429668947819, -3.124372518316608, -3.42269009568193, -2.445228571265674, -7.989768847290147, -6.851832070649056, -3.966033088226063, -4.231637435996796, -7.91234635665746, -4.110514425541323, -5.860794237069281, -3.917339124709767, -7.48502370664915, -10.84032366105223, -4.187271517451621, -16.8217116412063, -4.305340820682613, -5.496644230937537, -2.680043590744298, -4.476278742058616, -9.627065387369644, -4.59603956480666, -4.629007389592569, -2.360470324319465, -4.151739491948284, -4.819219903515981, -5.74688889885351, -3.981698766662774, 4.253920602855747, -5.405818880608669, -6.272358853395485, -3.518768131407285, -8.088134681906888, -5.911583569502163, -6.236595523370079, -7.340663503326361, 5.416858986098123]","[0.9878749946291778, 0.9997578696804336, 0.9772071954911388, 0.9003616634052157, 0.980182295865513, 0.9633479438866271, 0.9321097165816139, 0.9695103168298859, 0.9092796641397443, 0.9775869863749447, 0.9657496933060266, 0.950654265731284, 0.9700434315573195, 0.9011767579414239, 0.9820936970843349, 0.9938126898718609, 0.9646325798510359, 0.9676943792082922, 0.9773080316294318, 0.9679212805707065, 0.9629932128941049, 0.9632803780841583, 0.9941377436005367, 0.9966518062748271, 0.9673223867372739, 0.9980790613464857, 0.9777505532395218, 0.9734076062182643, 0.901186491180328, 0.9664564185961372, 0.9833702563918686, 0.9716681094097689, 0.9668794338707445, 0.922154711576705, 0.9659936753491217, 0.9747479222777593, 0.9905597509907772, 0.9622491104249721, 0.04888856601420098, 0.9760122896699114, 0.9773979195187201, 0.9466414973376985, 0.9845336177208517, 0.9827230059092195, 0.9777861714740014, 0.9798730635350906, 0.02221320606447481]","[0.007371329807933456, 4.670713825261187e-05, 0.01601991049391417, 0.07680785314739699, 0.01379824227505093, 0.02493774573226633, 0.04042852564402735, 0.02080434573137853, 0.06952045224900802, 0.01507819612936441, 0.02391433697562544, 0.03429000077487641, 0.02116887496050541, 0.07585859810997228, 0.01203514930405689, 0.003234513699068655, 0.02445690427913315, 0.02213265632148644, 0.0148067426776257, 0.02213184038211912, 0.02643146319649414, 0.02525664610682287, 0.003054653311929021, 0.001636285243847484, 0.02249941629357652, 0.0007369440366737696, 0.01158749606172284, 0.01795143058169253, 0.07630720338456758, 0.02257225794533017, 0.01073682911235808, 0.01934226809095004, 0.02221583811028244, 0.05490896045738886, 0.0233891262953024, 0.01716577940307576, 0.004879498226222945, 0.02571579726731507, 0.9027044293750803, 0.0163062411478048, 0.0150779055642679, 0.03608523382694267, 0.01003849895628018, 0.0111401131176746, 0.01481594945870028, 0.01337060751176584, 0.9486632845355952]","[0.01556488391600496, 9.790173807389635e-05, 0.03412405494489722, 0.174381489473308, 0.02932546126697648, 0.05360579062892887, 0.08830746801448629, 0.04453192233770936, 0.1566003091321101, 0.03208739749337877, 0.05135198889800652, 0.07442307749295869, 0.04532907585584867, 0.1720494320514834, 0.02553270612316033, 0.006801471162308195, 0.0525462686881069, 0.04743953849049879, 0.03150104463886835, 0.04743775000881329, 0.05690383460168147, 0.05430905604322599, 0.00642210548199632, 0.003435239996388588, 0.0482437528451973, 0.00154575811670619, 0.02457187100528674, 0.03831359945844669, 0.1731509339488618, 0.04840354849663284, 0.02274841056519558, 0.0413406022984955, 0.04762188278221636, 0.1217745221555855, 0.05019717788277623, 0.03660750376158997, 0.01027747309851492, 0.05532242267747688, 19.44640659617643, 0.03474407891036158, 0.0320867696856315, 0.07846531969560996, 0.02125383627210444, 0.02361248519625256, 0.03152092644667156, 0.02840429072956255, 38.73208459789364]"
1,39-532,FUBAR,FMO1,NODE96,0.003397438466372243,"[20, 31, 32, 48, 59, 88, 97, 109, 117, 119, 130, 135, 140, 156, 166, 168, 176, 189, 190, 191, 204, 207, 210, 227, 228, 230, 245, 253, 263, 271, 280, 311, 312, 327, 337, 341, 348, 357, 369, 373, 387, 389, 426, 468, 473, 477, 478]","[4.827838812710351, 15.33947692895842, 5.591237357410443, 2.459867403653099, 6.54705908179896, 4.567624008355658, 7.022760972730953, 4.769233802336779, 2.94418162101573, 6.653286338280054, 4.331994893798173, 3.499194458494555, 3.716032456110102, 2.813443938007131, 8.372520787751442, 7.235367287257077, 4.325910710353609, 4.598585431189511, 8.336923393249338, 4.466343682840129, 6.368822823491291, 4.286850647198564, 7.87204490370601, 11.24808426743036, 4.54840830052572, 17.29129927758455, 4.735180523503381, 5.88302571929393, 3.027957660762411, 4.870107656985635, 10.05296389438003, 4.96084249852779, 5.027977987858181, 2.772475429789361, 4.51779988374981, 5.180810053087858, 6.14217848953842, 4.366207165718851, 0.9255705479514847, 5.77408003604016, 6.664144073429021, 3.948591402703608, 8.493103766722108, 6.300697719630503, 6.62752001797441, 7.73651729255798, 0.6907091857121891]","[0.3250778709333811, 0.3804714135613663, 0.3110218673911078, 0.3171041394805214, 0.324818381828677, 0.3860402104846948, 0.8534172452597403, 0.3683498598263802, 0.3542637205722974, 0.3817009686441051, 0.3465652248503545, 0.3748219401779477, 0.2933423604281719, 0.3682153667414569, 0.3827519404612954, 0.3835352166080206, 0.3598776221275464, 0.3669479951927143, 0.424577036591877, 0.3558292572988055, 0.5080285864220099, 0.3695115224887978, 0.3870211970568603, 0.4077606063781379, 0.3611367830740993, 0.4695876363782491, 0.4298397028207677, 0.3863814883563935, 0.3479140700181132, 0.3938289149270188, 0.4258985070103902, 0.3648029337211296, 0.3989705982656121, 0.4120051054698955, 0.3660603918015264, 0.3615901495718773, 0.3952895906849096, 0.3845083990560773, 5.179491150807232, 0.3682611554314912, 0.3917852200335362, 0.4298232712963232, 0.4049690848152185, 0.38911415012834, 0.3909244946043308, 0.3958537892316184, 6.107568171810311]","[-4.502760941776971, -14.95900551539705, -5.280215490019335, -2.142763264172578, -6.222240699970284, -4.181583797870963, -6.169343727471213, -4.400883942510399, -2.589917900443433, -6.271585369635949, -3.985429668947819, -3.124372518316608, -3.42269009568193, -2.445228571265674, -7.989768847290147, -6.851832070649056, -3.966033088226063, -4.231637435996796, -7.91234635665746, -4.110514425541323, -5.860794237069281, -3.917339124709767, -7.48502370664915, -10.84032366105223, -4.187271517451621, -16.8217116412063, -4.305340820682613, -5.496644230937537, -2.680043590744298, -4.476278742058616, -9.627065387369644, -4.59603956480666, -4.629007389592569, -2.360470324319465, -4.151739491948284, -4.819219903515981, -5.74688889885351, -3.981698766662774, 4.253920602855747, -5.405818880608669, -6.272358853395485, -3.518768131407285, -8.088134681906888, -5.911583569502163, -6.236595523370079, -7.340663503326361, 5.416858986098123]","[0.9878749946291778, 0.9997578696804336, 0.9772071954911388, 0.9003616634052157, 0.980182295865513, 0.9633479438866271, 0.9321097165816139, 0.9695103168298859, 0.9092796641397443, 0.9775869863749447, 0.9657496933060266, 0.950654265731284, 0.9700434315573195, 0.9011767579414239, 0.9820936970843349, 0.9938126898718609, 0.9646325798510359, 0.9676943792082922, 0.9773080316294318, 0.9679212805707065, 0.9629932128941049, 0.9632803780841583, 0.9941377436005367, 0.9966518062748271, 0.9673223867372739, 0.9980790613464857, 0.9777505532395218, 0.9734076062182643, 0.901186491180328, 0.9664564185961372, 0.9833702563918686, 0.9716681094097689, 0.9668794338707445, 0.922154711576705, 0.9659936753491217, 0.9747479222777593, 0.9905597509907772, 0.9622491104249721, 0.04888856601420098, 0.9760122896699114, 0.9773979195187201, 0.9466414973376985, 0.9845336177208517, 0.9827230059092195, 0.9777861714740014, 0.9798730635350906, 0.02221320606447481]","[0.007371329807933456, 4.670713825261187e-05, 0.01601991049391417, 0.07680785314739699, 0.01379824227505093, 0.02493774573226633, 0.04042852564402735, 0.02080434573137853, 0.06952045224900802, 0.01507819612936441, 0.02391433697562544, 0.03429000077487641, 0.02116887496050541, 0.07585859810997228, 0.01203514930405689, 0.003234513699068655, 0.02445690427913315, 0.02213265632148644, 0.0148067426776257, 0.02213184038211912, 0.02643146319649414, 0.02525664610682287, 0.003054653311929021, 0.001636285243847484, 0.02249941629357652, 0.0007369440366737696, 0.01158749606172284, 0.01795143058169253, 0.07630720338456758, 0.02257225794533017, 0.01073682911235808, 0.01934226809095004, 0.02221583811028244, 0.05490896045738886, 0.0233891262953024, 0.01716577940307576, 0.004879498226222945, 0.02571579726731507, 0.9027044293750803, 0.0163062411478048, 0.0150779055642679, 0.03608523382694267, 0.01003849895628018, 0.0111401131176746, 0.01481594945870028, 0.01337060751176584, 0.9486632845355952]","[0.01556488391600496, 9.790173807389635e-05, 0.03412405494489722, 0.174381489473308, 0.02932546126697648, 0.05360579062892887, 0.08830746801448629, 0.04453192233770936, 0.1566003091321101, 0.03208739749337877, 0.05135198889800652, 0.07442307749295869, 0.04532907585584867, 0.1720494320514834, 0.02553270612316033, 0.006801471162308195, 0.0525462686881069, 0.04743953849049879, 0.03150104463886835, 0.04743775000881329, 0.05690383460168147, 0.05430905604322599, 0.00642210548199632, 0.003435239996388588, 0.0482437528451973, 0.00154575811670619, 0.02457187100528674, 0.03831359945844669, 0.1731509339488618, 0.04840354849663284, 0.02274841056519558, 0.0413406022984955, 0.04762188278221636, 0.1217745221555855, 0.05019717788277623, 0.03660750376158997, 0.01027747309851492, 0.05532242267747688, 19.44640659617643, 0.03474407891036158, 0.0320867696856315, 0.07846531969560996, 0.02125383627210444, 0.02361248519625256, 0.03152092644667156, 0.02840429072956255, 38.73208459789364]"
0,0-169,FUBAR,SGMS2,NODE19,0.003933925069367804,"[4, 9, 10, 16, 21, 27, 39, 40, 48, 51, 64, 73, 74, 86, 92, 99, 102, 107, 108, 118, 125, 142, 145, 152, 164]","[9.90539868838927, 6.638407485578903, 13.68410244465362, 7.433348869944573, 30.96497539749305, 16.42364368899342, 12.20771613049763, 15.55089245077811, 7.840582171982225, 4.072116511275855, 6.003336870064388, 24.18404947769066, 9.718020749737276, 38.85077341972757, 4.247064971779869, 16.77611732976976, 9.765858349053248, 5.712719860038229, 13.63265085424597, 6.574036003990683, 4.499509311618641, 17.77088515343239, 12.21977420583627, 4.386559398636384, 19.17358603834484]","[0.3652006211195406, 0.3859760419019019, 0.3791708906077972, 0.4327453369650653, 0.4101945948656994, 0.3695045468741209, 0.3813037734677897, 0.3574163808477328, 0.3658282160528603, 0.3939454797791791, 0.3651739989870619, 0.4598208941483769, 0.3643254688015657, 0.4147071083985416, 0.4310487790033312, 0.3577313546931069, 0.3640270565907434, 0.380001439485173, 0.3717600252454872, 0.3387309353414232, 0.4473085384988477, 0.3835644538733159, 0.4056263501753861, 0.3502400758170799, 0.3854050749445669]","[-9.54019806726973, -6.252431443677001, -13.30493155404582, -7.000603532979508, -30.55478080262735, -16.0541391421193, -11.82641235702984, -15.19347606993038, -7.474753955929365, -3.678171031496676, -5.638162871077325, -23.72422858354228, -9.35369528093571, -38.43606631132904, -3.816016192776538, -16.41838597507666, -9.401831292462505, -5.332718420553056, -13.26089082900049, -6.23530506864926, -4.052200773119793, -17.38732069955907, -11.81414785566088, -4.036319322819304, -18.78818096340027]","[0.9383095428176791, 0.9607008107218618, 0.988976582084346, 0.9098603892229924, 0.9999656427700001, 0.9983574141031801, 0.9783753632918929, 0.9976983211764439, 0.9683896533494435, 0.9382454881441665, 0.9548102893673487, 0.9980016569537278, 0.9800952982928921, 0.9999649917327033, 0.9261647121381369, 0.9855184100875851, 0.9714907977839108, 0.9581197934297206, 0.9974798330202076, 0.967771746192467, 0.9322114716067973, 0.9947637632010655, 0.980870468788406, 0.9215361431647922, 0.9899055475349308]","[0.04839964289512604, 0.02804787628806105, 0.007598630956820493, 0.07061280360538459, 3.73603531439419e-06, 0.0009250938140490726, 0.01529987190080023, 0.001358683891227991, 0.022586004500595, 0.04470366131892131, 0.03276784474252294, 0.0009226682387035164, 0.01418848895053799, 1.156279631318537e-05, 0.05379873712856897, 0.01037196652993822, 0.02053187225567535, 0.03001614730863083, 0.001407840261118539, 0.02319712370004904, 0.04920455843852722, 0.003446472592166882, 0.01326652651479149, 0.06047960612870201, 0.007090290751527903]","[0.08993497851108198, 0.0510265474783692, 0.01353907743505027, 0.1343469601333635, 6.606229690101909e-06, 0.001637302029853407, 0.02747418855643861, 0.002405747098919471, 0.04086033577964968, 0.08274581829474215, 0.05990433141657486, 0.001633005095807759, 0.0254497391632488, 2.044602894307839e-05, 0.1005378588978819, 0.01853233711566046, 0.03706630707395986, 0.05471816411796945, 0.002492908297948326, 0.04199216660886567, 0.09150805449573747, 0.006115264874676861, 0.02377379110514694, 0.113826613922183, 0.01262685988777995]"
0,0-169,FUBAR,SGMS2,NODE21,0.002411792239751815,"[4, 9, 10, 16, 21, 27, 39, 40, 48, 51, 64, 73, 74, 86, 92, 99, 102, 107, 108, 118, 125, 142, 145, 152, 164]","[9.90539868838927, 6.638407485578903, 13.68410244465362, 7.433348869944573, 30.96497539749305, 16.42364368899342, 12.20771613049763, 15.55089245077811, 7.840582171982225, 4.072116511275855, 6.003336870064388, 24.18404947769066, 9.718020749737276, 38.85077341972757, 4.247064971779869, 16.77611732976976, 9.765858349053248, 5.712719860038229, 13.63265085424597, 6.574036003990683, 4.499509311618641, 17.77088515343239, 12.21977420583627, 4.386559398636384, 19.17358603834484]","[0.3652006211195406, 0.3859760419019019, 0.3791708906077972, 0.4327453369650653, 0.4101945948656994, 0.3695045468741209, 0.3813037734677897, 0.3574163808477328, 0.3658282160528603, 0.3939454797791791, 0.3651739989870619, 0.4598208941483769, 0.3643254688015657, 0.4147071083985416, 0.4310487790033312, 0.3577313546931069, 0.3640270565907434, 0.380001439485173, 0.3717600252454872, 0.3387309353414232, 0.4473085384988477, 0.3835644538733159, 0.4056263501753861, 0.3502400758170799, 0.3854050749445669]","[-9.54019806726973, -6.252431443677001, -13.30493155404582, -7.000603532979508, -30.55478080262735, -16.0541391421193, -11.82641235702984, -15.19347606993038, -7.474753955929365, -3.678171031496676, -5.638162871077325, -23.72422858354228, -9.35369528093571, -38.43606631132904, -3.816016192776538, -16.41838597507666, -9.401831292462505, -5.332718420553056, -13.26089082900049, -6.23530506864926, -4.052200773119793, -17.38732069955907, -11.81414785566088, -4.036319322819304, -18.78818096340027]","[0.9383095428176791, 0.9607008107218618, 0.988976582084346, 0.9098603892229924, 0.9999656427700001, 0.9983574141031801, 0.9783753632918929, 0.9976983211764439, 0.9683896533494435, 0.9382454881441665, 0.9548102893673487, 0.9980016569537278, 0.9800952982928921, 0.9999649917327033, 0.9261647121381369, 0.9855184100875851, 0.9714907977839108, 0.9581197934297206, 0.9974798330202076, 0.967771746192467, 0.9322114716067973, 0.9947637632010655, 0.980870468788406, 0.9215361431647922, 0.9899055475349308]","[0.04839964289512604, 0.02804787628806105, 0.007598630956820493, 0.07061280360538459, 3.73603531439419e-06, 0.0009250938140490726, 0.01529987190080023, 0.001358683891227991, 0.022586004500595, 0.04470366131892131, 0.03276784474252294, 0.0009226682387035164, 0.01418848895053799, 1.156279631318537e-05, 0.05379873712856897, 0.01037196652993822, 0.02053187225567535, 0.03001614730863083, 0.001407840261118539, 0.02319712370004904, 0.04920455843852722, 0.003446472592166882, 0.01326652651479149, 0.06047960612870201, 0.007090290751527903]","[0.08993497851108198, 0.0510265474783692, 0.01353907743505027, 0.1343469601333635, 6.606229690101909e-06, 0.001637302029853407, 0.02747418855643861, 0.002405747098919471, 0.04086033577964968, 0.08274581829474215, 0.05990433141657486, 0.001633005095807759, 0.0254497391632488, 2.044602894307839e-05, 0.1005378588978819, 0.01853233711566046, 0.03706630707395986, 0.05471816411796945, 0.002492908297948326, 0.04199216660886567, 0.09150805449573747, 0.006115264874676861, 0.02377379110514694, 0.113826613922183, 0.01262685988777995]"
0,0-169,FUBAR,SGMS2,NODE22,0.009490370337360634,"[4, 9, 10, 16, 21, 27, 39, 40, 48, 51, 64, 73, 74, 86, 92, 99, 102, 107, 108, 118, 125, 142, 145, 152, 164]","[9.90539868838927, 6.638407485578903, 13.68410244465362, 7.433348869944573, 30.96497539749305, 16.42364368899342, 12.20771613049763, 15.55089245077811, 7.840582171982225, 4.072116511275855, 6.003336870064388, 24.18404947769066, 9.718020749737276, 38.85077341972757, 4.247064971779869, 16.77611732976976, 9.765858349053248, 5.712719860038229, 13.63265085424597, 6.574036003990683, 4.499509311618641, 17.77088515343239, 12.21977420583627, 4.386559398636384, 19.17358603834484]","[0.3652006211195406, 0.3859760419019019, 0.3791708906077972, 0.4327453369650653, 0.4101945948656994, 0.3695045468741209, 0.3813037734677897, 0.3574163808477328, 0.3658282160528603, 0.3939454797791791, 0.3651739989870619, 0.4598208941483769, 0.3643254688015657, 0.4147071083985416, 0.4310487790033312, 0.3577313546931069, 0.3640270565907434, 0.380001439485173, 0.3717600252454872, 0.3387309353414232, 0.4473085384988477, 0.3835644538733159, 0.4056263501753861, 0.3502400758170799, 0.3854050749445669]","[-9.54019806726973, -6.252431443677001, -13.30493155404582, -7.000603532979508, -30.55478080262735, -16.0541391421193, -11.82641235702984, -15.19347606993038, -7.474753955929365, -3.678171031496676, -5.638162871077325, -23.72422858354228, -9.35369528093571, -38.43606631132904, -3.816016192776538, -16.41838597507666, -9.401831292462505, -5.332718420553056, -13.26089082900049, -6.23530506864926, -4.052200773119793, -17.38732069955907, -11.81414785566088, -4.036319322819304, -18.78818096340027]","[0.9383095428176791, 0.9607008107218618, 0.988976582084346, 0.9098603892229924, 0.9999656427700001, 0.9983574141031801, 0.9783753632918929, 0.9976983211764439, 0.9683896533494435, 0.9382454881441665, 0.9548102893673487, 0.9980016569537278, 0.9800952982928921, 0.9999649917327033, 0.9261647121381369, 0.9855184100875851, 0.9714907977839108, 0.9581197934297206, 0.9974798330202076, 0.967771746192467, 0.9322114716067973, 0.9947637632010655, 0.980870468788406, 0.9215361431647922, 0.9899055475349308]","[0.04839964289512604, 0.02804787628806105, 0.007598630956820493, 0.07061280360538459, 3.73603531439419e-06, 0.0009250938140490726, 0.01529987190080023, 0.001358683891227991, 0.022586004500595, 0.04470366131892131, 0.03276784474252294, 0.0009226682387035164, 0.01418848895053799, 1.156279631318537e-05, 0.05379873712856897, 0.01037196652993822, 0.02053187225567535, 0.03001614730863083, 0.001407840261118539, 0.02319712370004904, 0.04920455843852722, 0.003446472592166882, 0.01326652651479149, 0.06047960612870201, 0.007090290751527903]","[0.08993497851108198, 0.0510265474783692, 0.01353907743505027, 0.1343469601333635, 6.606229690101909e-06, 0.001637302029853407, 0.02747418855643861, 0.002405747098919471, 0.04086033577964968, 0.08274581829474215, 0.05990433141657486, 0.001633005095807759, 0.0254497391632488, 2.044602894307839e-05, 0.1005378588978819, 0.01853233711566046, 0.03706630707395986, 0.05471816411796945, 0.002492908297948326, 0.04199216660886567, 0.09150805449573747, 0.006115264874676861, 0.02377379110514694, 0.113826613922183, 0.01262685988777995]"
0,0-169,FUBAR,SGMS2,NODE23,0.02299625934901373,"[4, 9, 10, 16, 21, 27, 39, 40, 48, 51, 64, 73, 74, 86, 92, 99, 102, 107, 108, 118, 125, 142, 145, 152, 164]","[9.90539868838927, 6.638407485578903, 13.68410244465362, 7.433348869944573, 30.96497539749305, 16.42364368899342, 12.20771613049763, 15.55089245077811, 7.840582171982225, 4.072116511275855, 6.003336870064388, 24.18404947769066, 9.718020749737276, 38.85077341972757, 4.247064971779869, 16.77611732976976, 9.765858349053248, 5.712719860038229, 13.63265085424597, 6.574036003990683, 4.499509311618641, 17.77088515343239, 12.21977420583627, 4.386559398636384, 19.17358603834484]","[0.3652006211195406, 0.3859760419019019, 0.3791708906077972, 0.4327453369650653, 0.4101945948656994, 0.3695045468741209, 0.3813037734677897, 0.3574163808477328, 0.3658282160528603, 0.3939454797791791, 0.3651739989870619, 0.4598208941483769, 0.3643254688015657, 0.4147071083985416, 0.4310487790033312, 0.3577313546931069, 0.3640270565907434, 0.380001439485173, 0.3717600252454872, 0.3387309353414232, 0.4473085384988477, 0.3835644538733159, 0.4056263501753861, 0.3502400758170799, 0.3854050749445669]","[-9.54019806726973, -6.252431443677001, -13.30493155404582, -7.000603532979508, -30.55478080262735, -16.0541391421193, -11.82641235702984, -15.19347606993038, -7.474753955929365, -3.678171031496676, -5.638162871077325, -23.72422858354228, -9.35369528093571, -38.43606631132904, -3.816016192776538, -16.41838597507666, -9.401831292462505, -5.332718420553056, -13.26089082900049, -6.23530506864926, -4.052200773119793, -17.38732069955907, -11.81414785566088, -4.036319322819304, -18.78818096340027]","[0.9383095428176791, 0.9607008107218618, 0.988976582084346, 0.9098603892229924, 0.9999656427700001, 0.9983574141031801, 0.9783753632918929, 0.9976983211764439, 0.9683896533494435, 0.9382454881441665, 0.9548102893673487, 0.9980016569537278, 0.9800952982928921, 0.9999649917327033, 0.9261647121381369, 0.9855184100875851, 0.9714907977839108, 0.9581197934297206, 0.9974798330202076, 0.967771746192467, 0.9322114716067973, 0.9947637632010655, 0.980870468788406, 0.9215361431647922, 0.9899055475349308]","[0.04839964289512604, 0.02804787628806105, 0.007598630956820493, 0.07061280360538459, 3.73603531439419e-06, 0.0009250938140490726, 0.01529987190080023, 0.001358683891227991, 0.022586004500595, 0.04470366131892131, 0.03276784474252294, 0.0009226682387035164, 0.01418848895053799, 1.156279631318537e-05, 0.05379873712856897, 0.01037196652993822, 0.02053187225567535, 0.03001614730863083, 0.001407840261118539, 0.02319712370004904, 0.04920455843852722, 0.003446472592166882, 0.01326652651479149, 0.06047960612870201, 0.007090290751527903]","[0.08993497851108198, 0.0510265474783692, 0.01353907743505027, 0.1343469601333635, 6.606229690101909e-06, 0.001637302029853407, 0.02747418855643861, 0.002405747098919471, 0.04086033577964968, 0.08274581829474215, 0.05990433141657486, 0.001633005095807759, 0.0254497391632488, 2.044602894307839e-05, 0.1005378588978819, 0.01853233711566046, 0.03706630707395986, 0.05471816411796945, 0.002492908297948326, 0.04199216660886567, 0.09150805449573747, 0.006115264874676861, 0.02377379110514694, 0.113826613922183, 0.01262685988777995]"
0,0-169,FUBAR,SGMS2,NODE24,0.1213168456956917,"[4, 9, 10, 16, 21, 27, 39, 40, 48, 51, 64, 73, 74, 86, 92, 99, 102, 107, 108, 118, 125, 142, 145, 152, 164]","[9.90539868838927, 6.638407485578903, 13.68410244465362, 7.433348869944573, 30.96497539749305, 16.42364368899342, 12.20771613049763, 15.55089245077811, 7.840582171982225, 4.072116511275855, 6.003336870064388, 24.18404947769066, 9.718020749737276, 38.85077341972757, 4.247064971779869, 16.77611732976976, 9.765858349053248, 5.712719860038229, 13.63265085424597, 6.574036003990683, 4.499509311618641, 17.77088515343239, 12.21977420583627, 4.386559398636384, 19.17358603834484]","[0.3652006211195406, 0.3859760419019019, 0.3791708906077972, 0.4327453369650653, 0.4101945948656994, 0.3695045468741209, 0.3813037734677897, 0.3574163808477328, 0.3658282160528603, 0.3939454797791791, 0.3651739989870619, 0.4598208941483769, 0.3643254688015657, 0.4147071083985416, 0.4310487790033312, 0.3577313546931069, 0.3640270565907434, 0.380001439485173, 0.3717600252454872, 0.3387309353414232, 0.4473085384988477, 0.3835644538733159, 0.4056263501753861, 0.3502400758170799, 0.3854050749445669]","[-9.54019806726973, -6.252431443677001, -13.30493155404582, -7.000603532979508, -30.55478080262735, -16.0541391421193, -11.82641235702984, -15.19347606993038, -7.474753955929365, -3.678171031496676, -5.638162871077325, -23.72422858354228, -9.35369528093571, -38.43606631132904, -3.816016192776538, -16.41838597507666, -9.401831292462505, -5.332718420553056, -13.26089082900049, -6.23530506864926, -4.052200773119793, -17.38732069955907, -11.81414785566088, -4.036319322819304, -18.78818096340027]","[0.9383095428176791, 0.9607008107218618, 0.988976582084346, 0.9098603892229924, 0.9999656427700001, 0.9983574141031801, 0.9783753632918929, 0.9976983211764439, 0.9683896533494435, 0.9382454881441665, 0.9548102893673487, 0.9980016569537278, 0.9800952982928921, 0.9999649917327033, 0.9261647121381369, 0.9855184100875851, 0.9714907977839108, 0.9581197934297206, 0.9974798330202076, 0.967771746192467, 0.9322114716067973, 0.9947637632010655, 0.980870468788406, 0.9215361431647922, 0.9899055475349308]","[0.04839964289512604, 0.02804787628806105, 0.007598630956820493, 0.07061280360538459, 3.73603531439419e-06, 0.0009250938140490726, 0.01529987190080023, 0.001358683891227991, 0.022586004500595, 0.04470366131892131, 0.03276784474252294, 0.0009226682387035164, 0.01418848895053799, 1.156279631318537e-05, 0.05379873712856897, 0.01037196652993822, 0.02053187225567535, 0.03001614730863083, 0.001407840261118539, 0.02319712370004904, 0.04920455843852722, 0.003446472592166882, 0.01326652651479149, 0.06047960612870201, 0.007090290751527903]","[0.08993497851108198, 0.0510265474783692, 0.01353907743505027, 0.1343469601333635, 6.606229690101909e-06, 0.001637302029853407, 0.02747418855643861, 0.002405747098919471, 0.04086033577964968, 0.08274581829474215, 0.05990433141657486, 0.001633005095807759, 0.0254497391632488, 2.044602894307839e-05, 0.1005378588978819, 0.01853233711566046, 0.03706630707395986, 0.05471816411796945, 0.002492908297948326, 0.04199216660886567, 0.09150805449573747, 0.006115264874676861, 0.02377379110514694, 0.113826613922183, 0.01262685988777995]"
0,0-169,FUBAR,SGMS2,NODE28,0.01093296375732675,"[4, 9, 10, 16, 21, 27, 39, 40, 48, 51, 64, 73, 74, 86, 92, 99, 102, 107, 108, 118, 125, 142, 145, 152, 164]","[9.90539868838927, 6.638407485578903, 13.68410244465362, 7.433348869944573, 30.96497539749305, 16.42364368899342, 12.20771613049763, 15.55089245077811, 7.840582171982225, 4.072116511275855, 6.003336870064388, 24.18404947769066, 9.718020749737276, 38.85077341972757, 4.247064971779869, 16.77611732976976, 9.765858349053248, 5.712719860038229, 13.63265085424597, 6.574036003990683, 4.499509311618641, 17.77088515343239, 12.21977420583627, 4.386559398636384, 19.17358603834484]","[0.3652006211195406, 0.3859760419019019, 0.3791708906077972, 0.4327453369650653, 0.4101945948656994, 0.3695045468741209, 0.3813037734677897, 0.3574163808477328, 0.3658282160528603, 0.3939454797791791, 0.3651739989870619, 0.4598208941483769, 0.3643254688015657, 0.4147071083985416, 0.4310487790033312, 0.3577313546931069, 0.3640270565907434, 0.380001439485173, 0.3717600252454872, 0.3387309353414232, 0.4473085384988477, 0.3835644538733159, 0.4056263501753861, 0.3502400758170799, 0.3854050749445669]","[-9.54019806726973, -6.252431443677001, -13.30493155404582, -7.000603532979508, -30.55478080262735, -16.0541391421193, -11.82641235702984, -15.19347606993038, -7.474753955929365, -3.678171031496676, -5.638162871077325, -23.72422858354228, -9.35369528093571, -38.43606631132904, -3.816016192776538, -16.41838597507666, -9.401831292462505, -5.332718420553056, -13.26089082900049, -6.23530506864926, -4.052200773119793, -17.38732069955907, -11.81414785566088, -4.036319322819304, -18.78818096340027]","[0.9383095428176791, 0.9607008107218618, 0.988976582084346, 0.9098603892229924, 0.9999656427700001, 0.9983574141031801, 0.9783753632918929, 0.9976983211764439, 0.9683896533494435, 0.9382454881441665, 0.9548102893673487, 0.9980016569537278, 0.9800952982928921, 0.9999649917327033, 0.9261647121381369, 0.9855184100875851, 0.9714907977839108, 0.9581197934297206, 0.9974798330202076, 0.967771746192467, 0.9322114716067973, 0.9947637632010655, 0.980870468788406, 0.9215361431647922, 0.9899055475349308]","[0.04839964289512604, 0.02804787628806105, 0.007598630956820493, 0.07061280360538459, 3.73603531439419e-06, 0.0009250938140490726, 0.01529987190080023, 0.001358683891227991, 0.022586004500595, 0.04470366131892131, 0.03276784474252294, 0.0009226682387035164, 0.01418848895053799, 1.156279631318537e-05, 0.05379873712856897, 0.01037196652993822, 0.02053187225567535, 0.03001614730863083, 0.001407840261118539, 0.02319712370004904, 0.04920455843852722, 0.003446472592166882, 0.01326652651479149, 0.06047960612870201, 0.007090290751527903]","[0.08993497851108198, 0.0510265474783692, 0.01353907743505027, 0.1343469601333635, 6.606229690101909e-06, 0.001637302029853407, 0.02747418855643861, 0.002405747098919471, 0.04086033577964968, 0.08274581829474215, 0.05990433141657486, 0.001633005095807759, 0.0254497391632488, 2.044602894307839e-05, 0.1005378588978819, 0.01853233711566046, 0.03706630707395986, 0.05471816411796945, 0.002492908297948326, 0.04199216660886567, 0.09150805449573747, 0.006115264874676861, 0.02377379110514694, 0.113826613922183, 0.01262685988777995]"
0,0-169,FUBAR,SGMS2,NODE31,0.007918432695525873,"[4, 9, 10, 16, 21, 27, 39, 40, 48, 51, 64, 73, 74, 86, 92, 99, 102, 107, 108, 118, 125, 142, 145, 152, 164]","[9.90539868838927, 6.638407485578903, 13.68410244465362, 7.433348869944573, 30.96497539749305, 16.42364368899342, 12.20771613049763, 15.55089245077811, 7.840582171982225, 4.072116511275855, 6.003336870064388, 24.18404947769066, 9.718020749737276, 38.85077341972757, 4.247064971779869, 16.77611732976976, 9.765858349053248, 5.712719860038229, 13.63265085424597, 6.574036003990683, 4.499509311618641, 17.77088515343239, 12.21977420583627, 4.386559398636384, 19.17358603834484]","[0.3652006211195406, 0.3859760419019019, 0.3791708906077972, 0.4327453369650653, 0.4101945948656994, 0.3695045468741209, 0.3813037734677897, 0.3574163808477328, 0.3658282160528603, 0.3939454797791791, 0.3651739989870619, 0.4598208941483769, 0.3643254688015657, 0.4147071083985416, 0.4310487790033312, 0.3577313546931069, 0.3640270565907434, 0.380001439485173, 0.3717600252454872, 0.3387309353414232, 0.4473085384988477, 0.3835644538733159, 0.4056263501753861, 0.3502400758170799, 0.3854050749445669]","[-9.54019806726973, -6.252431443677001, -13.30493155404582, -7.000603532979508, -30.55478080262735, -16.0541391421193, -11.82641235702984, -15.19347606993038, -7.474753955929365, -3.678171031496676, -5.638162871077325, -23.72422858354228, -9.35369528093571, -38.43606631132904, -3.816016192776538, -16.41838597507666, -9.401831292462505, -5.332718420553056, -13.26089082900049, -6.23530506864926, -4.052200773119793, -17.38732069955907, -11.81414785566088, -4.036319322819304, -18.78818096340027]","[0.9383095428176791, 0.9607008107218618, 0.988976582084346, 0.9098603892229924, 0.9999656427700001, 0.9983574141031801, 0.9783753632918929, 0.9976983211764439, 0.9683896533494435, 0.9382454881441665, 0.9548102893673487, 0.9980016569537278, 0.9800952982928921, 0.9999649917327033, 0.9261647121381369, 0.9855184100875851, 0.9714907977839108, 0.9581197934297206, 0.9974798330202076, 0.967771746192467, 0.9322114716067973, 0.9947637632010655, 0.980870468788406, 0.9215361431647922, 0.9899055475349308]","[0.04839964289512604, 0.02804787628806105, 0.007598630956820493, 0.07061280360538459, 3.73603531439419e-06, 0.0009250938140490726, 0.01529987190080023, 0.001358683891227991, 0.022586004500595, 0.04470366131892131, 0.03276784474252294, 0.0009226682387035164, 0.01418848895053799, 1.156279631318537e-05, 0.05379873712856897, 0.01037196652993822, 0.02053187225567535, 0.03001614730863083, 0.001407840261118539, 0.02319712370004904, 0.04920455843852722, 0.003446472592166882, 0.01326652651479149, 0.06047960612870201, 0.007090290751527903]","[0.08993497851108198, 0.0510265474783692, 0.01353907743505027, 0.1343469601333635, 6.606229690101909e-06, 0.001637302029853407, 0.02747418855643861, 0.002405747098919471, 0.04086033577964968, 0.08274581829474215, 0.05990433141657486, 0.001633005095807759, 0.0254497391632488, 2.044602894307839e-05, 0.1005378588978819, 0.01853233711566046, 0.03706630707395986, 0.05471816411796945, 0.002492908297948326, 0.04199216660886567, 0.09150805449573747, 0.006115264874676861, 0.02377379110514694, 0.113826613922183, 0.01262685988777995]"
0,0-169,FUBAR,SGMS2,NODE37,0.005486950543395984,"[4, 9, 10, 16, 21, 27, 39, 40, 48, 51, 64, 73, 74, 86, 92, 99, 102, 107, 108, 118, 125, 142, 145, 152, 164]","[9.90539868838927, 6.638407485578903, 13.68410244465362, 7.433348869944573, 30.96497539749305, 16.42364368899342, 12.20771613049763, 15.55089245077811, 7.840582171982225, 4.072116511275855, 6.003336870064388, 24.18404947769066, 9.718020749737276, 38.85077341972757, 4.247064971779869, 16.77611732976976, 9.765858349053248, 5.712719860038229, 13.63265085424597, 6.574036003990683, 4.499509311618641, 17.77088515343239, 12.21977420583627, 4.386559398636384, 19.17358603834484]","[0.3652006211195406, 0.3859760419019019, 0.3791708906077972, 0.4327453369650653, 0.4101945948656994, 0.3695045468741209, 0.3813037734677897, 0.3574163808477328, 0.3658282160528603, 0.3939454797791791, 0.3651739989870619, 0.4598208941483769, 0.3643254688015657, 0.4147071083985416, 0.4310487790033312, 0.3577313546931069, 0.3640270565907434, 0.380001439485173, 0.3717600252454872, 0.3387309353414232, 0.4473085384988477, 0.3835644538733159, 0.4056263501753861, 0.3502400758170799, 0.3854050749445669]","[-9.54019806726973, -6.252431443677001, -13.30493155404582, -7.000603532979508, -30.55478080262735, -16.0541391421193, -11.82641235702984, -15.19347606993038, -7.474753955929365, -3.678171031496676, -5.638162871077325, -23.72422858354228, -9.35369528093571, -38.43606631132904, -3.816016192776538, -16.41838597507666, -9.401831292462505, -5.332718420553056, -13.26089082900049, -6.23530506864926, -4.052200773119793, -17.38732069955907, -11.81414785566088, -4.036319322819304, -18.78818096340027]","[0.9383095428176791, 0.9607008107218618, 0.988976582084346, 0.9098603892229924, 0.9999656427700001, 0.9983574141031801, 0.9783753632918929, 0.9976983211764439, 0.9683896533494435, 0.9382454881441665, 0.9548102893673487, 0.9980016569537278, 0.9800952982928921, 0.9999649917327033, 0.9261647121381369, 0.9855184100875851, 0.9714907977839108, 0.9581197934297206, 0.9974798330202076, 0.967771746192467, 0.9322114716067973, 0.9947637632010655, 0.980870468788406, 0.9215361431647922, 0.9899055475349308]","[0.04839964289512604, 0.02804787628806105, 0.007598630956820493, 0.07061280360538459, 3.73603531439419e-06, 0.0009250938140490726, 0.01529987190080023, 0.001358683891227991, 0.022586004500595, 0.04470366131892131, 0.03276784474252294, 0.0009226682387035164, 0.01418848895053799, 1.156279631318537e-05, 0.05379873712856897, 0.01037196652993822, 0.02053187225567535, 0.03001614730863083, 0.001407840261118539, 0.02319712370004904, 0.04920455843852722, 0.003446472592166882, 0.01326652651479149, 0.06047960612870201, 0.007090290751527903]","[0.08993497851108198, 0.0510265474783692, 0.01353907743505027, 0.1343469601333635, 6.606229690101909e-06, 0.001637302029853407, 0.02747418855643861, 0.002405747098919471, 0.04086033577964968, 0.08274581829474215, 0.05990433141657486, 0.001633005095807759, 0.0254497391632488, 2.044602894307839e-05, 0.1005378588978819, 0.01853233711566046, 0.03706630707395986, 0.05471816411796945, 0.002492908297948326, 0.04199216660886567, 0.09150805449573747, 0.006115264874676861, 0.02377379110514694, 0.113826613922183, 0.01262685988777995]"
0,0-169,FUBAR,SGMS2,NODE39,0.003940998597369103,"[4, 9, 10, 16, 21, 27, 39, 40, 48, 51, 64, 73, 74, 86, 92, 99, 102, 107, 108, 118, 125, 142, 145, 152, 164]","[9.90539868838927, 6.638407485578903, 13.68410244465362, 7.433348869944573, 30.96497539749305, 16.42364368899342, 12.20771613049763, 15.55089245077811, 7.840582171982225, 4.072116511275855, 6.003336870064388, 24.18404947769066, 9.718020749737276, 38.85077341972757, 4.247064971779869, 16.77611732976976, 9.765858349053248, 5.712719860038229, 13.63265085424597, 6.574036003990683, 4.499509311618641, 17.77088515343239, 12.21977420583627, 4.386559398636384, 19.17358603834484]","[0.3652006211195406, 0.3859760419019019, 0.3791708906077972, 0.4327453369650653, 0.4101945948656994, 0.3695045468741209, 0.3813037734677897, 0.3574163808477328, 0.3658282160528603, 0.3939454797791791, 0.3651739989870619, 0.4598208941483769, 0.3643254688015657, 0.4147071083985416, 0.4310487790033312, 0.3577313546931069, 0.3640270565907434, 0.380001439485173, 0.3717600252454872, 0.3387309353414232, 0.4473085384988477, 0.3835644538733159, 0.4056263501753861, 0.3502400758170799, 0.3854050749445669]","[-9.54019806726973, -6.252431443677001, -13.30493155404582, -7.000603532979508, -30.55478080262735, -16.0541391421193, -11.82641235702984, -15.19347606993038, -7.474753955929365, -3.678171031496676, -5.638162871077325, -23.72422858354228, -9.35369528093571, -38.43606631132904, -3.816016192776538, -16.41838597507666, -9.401831292462505, -5.332718420553056, -13.26089082900049, -6.23530506864926, -4.052200773119793, -17.38732069955907, -11.81414785566088, -4.036319322819304, -18.78818096340027]","[0.9383095428176791, 0.9607008107218618, 0.988976582084346, 0.9098603892229924, 0.9999656427700001, 0.9983574141031801, 0.9783753632918929, 0.9976983211764439, 0.9683896533494435, 0.9382454881441665, 0.9548102893673487, 0.9980016569537278, 0.9800952982928921, 0.9999649917327033, 0.9261647121381369, 0.9855184100875851, 0.9714907977839108, 0.9581197934297206, 0.9974798330202076, 0.967771746192467, 0.9322114716067973, 0.9947637632010655, 0.980870468788406, 0.9215361431647922, 0.9899055475349308]","[0.04839964289512604, 0.02804787628806105, 0.007598630956820493, 0.07061280360538459, 3.73603531439419e-06, 0.0009250938140490726, 0.01529987190080023, 0.001358683891227991, 0.022586004500595, 0.04470366131892131, 0.03276784474252294, 0.0009226682387035164, 0.01418848895053799, 1.156279631318537e-05, 0.05379873712856897, 0.01037196652993822, 0.02053187225567535, 0.03001614730863083, 0.001407840261118539, 0.02319712370004904, 0.04920455843852722, 0.003446472592166882, 0.01326652651479149, 0.06047960612870201, 0.007090290751527903]","[0.08993497851108198, 0.0510265474783692, 0.01353907743505027, 0.1343469601333635, 6.606229690101909e-06, 0.001637302029853407, 0.02747418855643861, 0.002405747098919471, 0.04086033577964968, 0.08274581829474215, 0.05990433141657486, 0.001633005095807759, 0.0254497391632488, 2.044602894307839e-05, 0.1005378588978819, 0.01853233711566046, 0.03706630707395986, 0.05471816411796945, 0.002492908297948326, 0.04199216660886567, 0.09150805449573747, 0.006115264874676861, 0.02377379110514694, 0.113826613922183, 0.01262685988777995]"
0,0-169,FUBAR,SGMS2,NODE68,0.001966545662807925,"[4, 9, 10, 16, 21, 27, 39, 40, 48, 51, 64, 73, 74, 86, 92, 99, 102, 107, 108, 118, 125, 142, 145, 152, 164]","[9.90539868838927, 6.638407485578903, 13.68410244465362, 7.433348869944573, 30.96497539749305, 16.42364368899342, 12.20771613049763, 15.55089245077811, 7.840582171982225, 4.072116511275855, 6.003336870064388, 24.18404947769066, 9.718020749737276, 38.85077341972757, 4.247064971779869, 16.77611732976976, 9.765858349053248, 5.712719860038229, 13.63265085424597, 6.574036003990683, 4.499509311618641, 17.77088515343239, 12.21977420583627, 4.386559398636384, 19.17358603834484]","[0.3652006211195406, 0.3859760419019019, 0.3791708906077972, 0.4327453369650653, 0.4101945948656994, 0.3695045468741209, 0.3813037734677897, 0.3574163808477328, 0.3658282160528603, 0.3939454797791791, 0.3651739989870619, 0.4598208941483769, 0.3643254688015657, 0.4147071083985416, 0.4310487790033312, 0.3577313546931069, 0.3640270565907434, 0.380001439485173, 0.3717600252454872, 0.3387309353414232, 0.4473085384988477, 0.3835644538733159, 0.4056263501753861, 0.3502400758170799, 0.3854050749445669]","[-9.54019806726973, -6.252431443677001, -13.30493155404582, -7.000603532979508, -30.55478080262735, -16.0541391421193, -11.82641235702984, -15.19347606993038, -7.474753955929365, -3.678171031496676, -5.638162871077325, -23.72422858354228, -9.35369528093571, -38.43606631132904, -3.816016192776538, -16.41838597507666, -9.401831292462505, -5.332718420553056, -13.26089082900049, -6.23530506864926, -4.052200773119793, -17.38732069955907, -11.81414785566088, -4.036319322819304, -18.78818096340027]","[0.9383095428176791, 0.9607008107218618, 0.988976582084346, 0.9098603892229924, 0.9999656427700001, 0.9983574141031801, 0.9783753632918929, 0.9976983211764439, 0.9683896533494435, 0.9382454881441665, 0.9548102893673487, 0.9980016569537278, 0.9800952982928921, 0.9999649917327033, 0.9261647121381369, 0.9855184100875851, 0.9714907977839108, 0.9581197934297206, 0.9974798330202076, 0.967771746192467, 0.9322114716067973, 0.9947637632010655, 0.980870468788406, 0.9215361431647922, 0.9899055475349308]","[0.04839964289512604, 0.02804787628806105, 0.007598630956820493, 0.07061280360538459, 3.73603531439419e-06, 0.0009250938140490726, 0.01529987190080023, 0.001358683891227991, 0.022586004500595, 0.04470366131892131, 0.03276784474252294, 0.0009226682387035164, 0.01418848895053799, 1.156279631318537e-05, 0.05379873712856897, 0.01037196652993822, 0.02053187225567535, 0.03001614730863083, 0.001407840261118539, 0.02319712370004904, 0.04920455843852722, 0.003446472592166882, 0.01326652651479149, 0.06047960612870201, 0.007090290751527903]","[0.08993497851108198, 0.0510265474783692, 0.01353907743505027, 0.1343469601333635, 6.606229690101909e-06, 0.001637302029853407, 0.02747418855643861, 0.002405747098919471, 0.04086033577964968, 0.08274581829474215, 0.05990433141657486, 0.001633005095807759, 0.0254497391632488, 2.044602894307839e-05, 0.1005378588978819, 0.01853233711566046, 0.03706630707395986, 0.05471816411796945, 0.002492908297948326, 0.04199216660886567, 0.09150805449573747, 0.006115264874676861, 0.02377379110514694, 0.113826613922183, 0.01262685988777995]"
0,0-169,FUBAR,SGMS2,SGMS2_AOTUS_NANCYMAAE_ENSANAT00000045841_ENSANAP00000027819_CANONICAL,0.01194825073626375,"[4, 9, 10, 16, 21, 27, 39, 40, 48, 51, 64, 73, 74, 86, 92, 99, 102, 107, 108, 118, 125, 142, 145, 152, 164]","[9.90539868838927, 6.638407485578903, 13.68410244465362, 7.433348869944573, 30.96497539749305, 16.42364368899342, 12.20771613049763, 15.55089245077811, 7.840582171982225, 4.072116511275855, 6.003336870064388, 24.18404947769066, 9.718020749737276, 38.85077341972757, 4.247064971779869, 16.77611732976976, 9.765858349053248, 5.712719860038229, 13.63265085424597, 6.574036003990683, 4.499509311618641, 17.77088515343239, 12.21977420583627, 4.386559398636384, 19.17358603834484]","[0.3652006211195406, 0.3859760419019019, 0.3791708906077972, 0.4327453369650653, 0.4101945948656994, 0.3695045468741209, 0.3813037734677897, 0.3574163808477328, 0.3658282160528603, 0.3939454797791791, 0.3651739989870619, 0.4598208941483769, 0.3643254688015657, 0.4147071083985416, 0.4310487790033312, 0.3577313546931069, 0.3640270565907434, 0.380001439485173, 0.3717600252454872, 0.3387309353414232, 0.4473085384988477, 0.3835644538733159, 0.4056263501753861, 0.3502400758170799, 0.3854050749445669]","[-9.54019806726973, -6.252431443677001, -13.30493155404582, -7.000603532979508, -30.55478080262735, -16.0541391421193, -11.82641235702984, -15.19347606993038, -7.474753955929365, -3.678171031496676, -5.638162871077325, -23.72422858354228, -9.35369528093571, -38.43606631132904, -3.816016192776538, -16.41838597507666, -9.401831292462505, -5.332718420553056, -13.26089082900049, -6.23530506864926, -4.052200773119793, -17.38732069955907, -11.81414785566088, -4.036319322819304, -18.78818096340027]","[0.9383095428176791, 0.9607008107218618, 0.988976582084346, 0.9098603892229924, 0.9999656427700001, 0.9983574141031801, 0.9783753632918929, 0.9976983211764439, 0.9683896533494435, 0.9382454881441665, 0.9548102893673487, 0.9980016569537278, 0.9800952982928921, 0.9999649917327033, 0.9261647121381369, 0.9855184100875851, 0.9714907977839108, 0.9581197934297206, 0.9974798330202076, 0.967771746192467, 0.9322114716067973, 0.9947637632010655, 0.980870468788406, 0.9215361431647922, 0.9899055475349308]","[0.04839964289512604, 0.02804787628806105, 0.007598630956820493, 0.07061280360538459, 3.73603531439419e-06, 0.0009250938140490726, 0.01529987190080023, 0.001358683891227991, 0.022586004500595, 0.04470366131892131, 0.03276784474252294, 0.0009226682387035164, 0.01418848895053799, 1.156279631318537e-05, 0.05379873712856897, 0.01037196652993822, 0.02053187225567535, 0.03001614730863083, 0.001407840261118539, 0.02319712370004904, 0.04920455843852722, 0.003446472592166882, 0.01326652651479149, 0.06047960612870201, 0.007090290751527903]","[0.08993497851108198, 0.0510265474783692, 0.01353907743505027, 0.1343469601333635, 6.606229690101909e-06, 0.001637302029853407, 0.02747418855643861, 0.002405747098919471, 0.04086033577964968, 0.08274581829474215, 0.05990433141657486, 0.001633005095807759, 0.0254497391632488, 2.044602894307839e-05, 0.1005378588978819, 0.01853233711566046, 0.03706630707395986, 0.05471816411796945, 0.002492908297948326, 0.04199216660886567, 0.09150805449573747, 0.006115264874676861, 0.02377379110514694, 0.113826613922183, 0.01262685988777995]"
0,0-169,FUBAR,SGMS2,SGMS2_CALLITHRIX_JACCHUS_ENSCJAT00000060387_ENSCJAP00000047097_CANONICAL,0.01800705829034613,"[4, 9, 10, 16, 21, 27, 39, 40, 48, 51, 64, 73, 74, 86, 92, 99, 102, 107, 108, 118, 125, 142, 145, 152, 164]","[9.90539868838927, 6.638407485578903, 13.68410244465362, 7.433348869944573, 30.96497539749305, 16.42364368899342, 12.20771613049763, 15.55089245077811, 7.840582171982225, 4.072116511275855, 6.003336870064388, 24.18404947769066, 9.718020749737276, 38.85077341972757, 4.247064971779869, 16.77611732976976, 9.765858349053248, 5.712719860038229, 13.63265085424597, 6.574036003990683, 4.499509311618641, 17.77088515343239, 12.21977420583627, 4.386559398636384, 19.17358603834484]","[0.3652006211195406, 0.3859760419019019, 0.3791708906077972, 0.4327453369650653, 0.4101945948656994, 0.3695045468741209, 0.3813037734677897, 0.3574163808477328, 0.3658282160528603, 0.3939454797791791, 0.3651739989870619, 0.4598208941483769, 0.3643254688015657, 0.4147071083985416, 0.4310487790033312, 0.3577313546931069, 0.3640270565907434, 0.380001439485173, 0.3717600252454872, 0.3387309353414232, 0.4473085384988477, 0.3835644538733159, 0.4056263501753861, 0.3502400758170799, 0.3854050749445669]","[-9.54019806726973, -6.252431443677001, -13.30493155404582, -7.000603532979508, -30.55478080262735, -16.0541391421193, -11.82641235702984, -15.19347606993038, -7.474753955929365, -3.678171031496676, -5.638162871077325, -23.72422858354228, -9.35369528093571, -38.43606631132904, -3.816016192776538, -16.41838597507666, -9.401831292462505, -5.332718420553056, -13.26089082900049, -6.23530506864926, -4.052200773119793, -17.38732069955907, -11.81414785566088, -4.036319322819304, -18.78818096340027]","[0.9383095428176791, 0.9607008107218618, 0.988976582084346, 0.9098603892229924, 0.9999656427700001, 0.9983574141031801, 0.9783753632918929, 0.9976983211764439, 0.9683896533494435, 0.9382454881441665, 0.9548102893673487, 0.9980016569537278, 0.9800952982928921, 0.9999649917327033, 0.9261647121381369, 0.9855184100875851, 0.9714907977839108, 0.9581197934297206, 0.9974798330202076, 0.967771746192467, 0.9322114716067973, 0.9947637632010655, 0.980870468788406, 0.9215361431647922, 0.9899055475349308]","[0.04839964289512604, 0.02804787628806105, 0.007598630956820493, 0.07061280360538459, 3.73603531439419e-06, 0.0009250938140490726, 0.01529987190080023, 0.001358683891227991, 0.022586004500595, 0.04470366131892131, 0.03276784474252294, 0.0009226682387035164, 0.01418848895053799, 1.156279631318537e-05, 0.05379873712856897, 0.01037196652993822, 0.02053187225567535, 0.03001614730863083, 0.001407840261118539, 0.02319712370004904, 0.04920455843852722, 0.003446472592166882, 0.01326652651479149, 0.06047960612870201, 0.007090290751527903]","[0.08993497851108198, 0.0510265474783692, 0.01353907743505027, 0.1343469601333635, 6.606229690101909e-06, 0.001637302029853407, 0.02747418855643861, 0.002405747098919471, 0.04086033577964968, 0.08274581829474215, 0.05990433141657486, 0.001633005095807759, 0.0254497391632488, 2.044602894307839e-05, 0.1005378588978819, 0.01853233711566046, 0.03706630707395986, 0.05471816411796945, 0.002492908297948326, 0.04199216660886567, 0.09150805449573747, 0.006115264874676861, 0.02377379110514694, 0.113826613922183, 0.01262685988777995]"
0,0-169,FUBAR,SGMS2,SGMS2_CARLITO_SYRICHTA_ENSTSYT00000008953_ENSTSYP00000008212_CANONICAL,0.01861987997871071,"[4, 9, 10, 16, 21, 27, 39, 40, 48, 51, 64, 73, 74, 86, 92, 99, 102, 107, 108, 118, 125, 142, 145, 152, 164]","[9.90539868838927, 6.638407485578903, 13.68410244465362, 7.433348869944573, 30.96497539749305, 16.42364368899342, 12.20771613049763, 15.55089245077811, 7.840582171982225, 4.072116511275855, 6.003336870064388, 24.18404947769066, 9.718020749737276, 38.85077341972757, 4.247064971779869, 16.77611732976976, 9.765858349053248, 5.712719860038229, 13.63265085424597, 6.574036003990683, 4.499509311618641, 17.77088515343239, 12.21977420583627, 4.386559398636384, 19.17358603834484]","[0.3652006211195406, 0.3859760419019019, 0.3791708906077972, 0.4327453369650653, 0.4101945948656994, 0.3695045468741209, 0.3813037734677897, 0.3574163808477328, 0.3658282160528603, 0.3939454797791791, 0.3651739989870619, 0.4598208941483769, 0.3643254688015657, 0.4147071083985416, 0.4310487790033312, 0.3577313546931069, 0.3640270565907434, 0.380001439485173, 0.3717600252454872, 0.3387309353414232, 0.4473085384988477, 0.3835644538733159, 0.4056263501753861, 0.3502400758170799, 0.3854050749445669]","[-9.54019806726973, -6.252431443677001, -13.30493155404582, -7.000603532979508, -30.55478080262735, -16.0541391421193, -11.82641235702984, -15.19347606993038, -7.474753955929365, -3.678171031496676, -5.638162871077325, -23.72422858354228, -9.35369528093571, -38.43606631132904, -3.816016192776538, -16.41838597507666, -9.401831292462505, -5.332718420553056, -13.26089082900049, -6.23530506864926, -4.052200773119793, -17.38732069955907, -11.81414785566088, -4.036319322819304, -18.78818096340027]","[0.9383095428176791, 0.9607008107218618, 0.988976582084346, 0.9098603892229924, 0.9999656427700001, 0.9983574141031801, 0.9783753632918929, 0.9976983211764439, 0.9683896533494435, 0.9382454881441665, 0.9548102893673487, 0.9980016569537278, 0.9800952982928921, 0.9999649917327033, 0.9261647121381369, 0.9855184100875851, 0.9714907977839108, 0.9581197934297206, 0.9974798330202076, 0.967771746192467, 0.9322114716067973, 0.9947637632010655, 0.980870468788406, 0.9215361431647922, 0.9899055475349308]","[0.04839964289512604, 0.02804787628806105, 0.007598630956820493, 0.07061280360538459, 3.73603531439419e-06, 0.0009250938140490726, 0.01529987190080023, 0.001358683891227991, 0.022586004500595, 0.04470366131892131, 0.03276784474252294, 0.0009226682387035164, 0.01418848895053799, 1.156279631318537e-05, 0.05379873712856897, 0.01037196652993822, 0.02053187225567535, 0.03001614730863083, 0.001407840261118539, 0.02319712370004904, 0.04920455843852722, 0.003446472592166882, 0.01326652651479149, 0.06047960612870201, 0.007090290751527903]","[0.08993497851108198, 0.0510265474783692, 0.01353907743505027, 0.1343469601333635, 6.606229690101909e-06, 0.001637302029853407, 0.02747418855643861, 0.002405747098919471, 0.04086033577964968, 0.08274581829474215, 0.05990433141657486, 0.001633005095807759, 0.0254497391632488, 2.044602894307839e-05, 0.1005378588978819, 0.01853233711566046, 0.03706630707395986, 0.05471816411796945, 0.002492908297948326, 0.04199216660886567, 0.09150805449573747, 0.006115264874676861, 0.02377379110514694, 0.113826613922183, 0.01262685988777995]"
0,0-169,FUBAR,SGMS2,SGMS2_CERCOCEBUS_ATYS_ENSCATT00000067531_ENSCATP00000043094_ALTERNATIVE,1e-06,"[4, 9, 10, 16, 21, 27, 39, 40, 48, 51, 64, 73, 74, 86, 92, 99, 102, 107, 108, 118, 125, 142, 145, 152, 164]","[9.90539868838927, 6.638407485578903, 13.68410244465362, 7.433348869944573, 30.96497539749305, 16.42364368899342, 12.20771613049763, 15.55089245077811, 7.840582171982225, 4.072116511275855, 6.003336870064388, 24.18404947769066, 9.718020749737276, 38.85077341972757, 4.247064971779869, 16.77611732976976, 9.765858349053248, 5.712719860038229, 13.63265085424597, 6.574036003990683, 4.499509311618641, 17.77088515343239, 12.21977420583627, 4.386559398636384, 19.17358603834484]","[0.3652006211195406, 0.3859760419019019, 0.3791708906077972, 0.4327453369650653, 0.4101945948656994, 0.3695045468741209, 0.3813037734677897, 0.3574163808477328, 0.3658282160528603, 0.3939454797791791, 0.3651739989870619, 0.4598208941483769, 0.3643254688015657, 0.4147071083985416, 0.4310487790033312, 0.3577313546931069, 0.3640270565907434, 0.380001439485173, 0.3717600252454872, 0.3387309353414232, 0.4473085384988477, 0.3835644538733159, 0.4056263501753861, 0.3502400758170799, 0.3854050749445669]","[-9.54019806726973, -6.252431443677001, -13.30493155404582, -7.000603532979508, -30.55478080262735, -16.0541391421193, -11.82641235702984, -15.19347606993038, -7.474753955929365, -3.678171031496676, -5.638162871077325, -23.72422858354228, -9.35369528093571, -38.43606631132904, -3.816016192776538, -16.41838597507666, -9.401831292462505, -5.332718420553056, -13.26089082900049, -6.23530506864926, -4.052200773119793, -17.38732069955907, -11.81414785566088, -4.036319322819304, -18.78818096340027]","[0.9383095428176791, 0.9607008107218618, 0.988976582084346, 0.9098603892229924, 0.9999656427700001, 0.9983574141031801, 0.9783753632918929, 0.9976983211764439, 0.9683896533494435, 0.9382454881441665, 0.9548102893673487, 0.9980016569537278, 0.9800952982928921, 0.9999649917327033, 0.9261647121381369, 0.9855184100875851, 0.9714907977839108, 0.9581197934297206, 0.9974798330202076, 0.967771746192467, 0.9322114716067973, 0.9947637632010655, 0.980870468788406, 0.9215361431647922, 0.9899055475349308]","[0.04839964289512604, 0.02804787628806105, 0.007598630956820493, 0.07061280360538459, 3.73603531439419e-06, 0.0009250938140490726, 0.01529987190080023, 0.001358683891227991, 0.022586004500595, 0.04470366131892131, 0.03276784474252294, 0.0009226682387035164, 0.01418848895053799, 1.156279631318537e-05, 0.05379873712856897, 0.01037196652993822, 0.02053187225567535, 0.03001614730863083, 0.001407840261118539, 0.02319712370004904, 0.04920455843852722, 0.003446472592166882, 0.01326652651479149, 0.06047960612870201, 0.007090290751527903]","[0.08993497851108198, 0.0510265474783692, 0.01353907743505027, 0.1343469601333635, 6.606229690101909e-06, 0.001637302029853407, 0.02747418855643861, 0.002405747098919471, 0.04086033577964968, 0.08274581829474215, 0.05990433141657486, 0.001633005095807759, 0.0254497391632488, 2.044602894307839e-05, 0.1005378588978819, 0.01853233711566046, 0.03706630707395986, 0.05471816411796945, 0.002492908297948326, 0.04199216660886567, 0.09150805449573747, 0.006115264874676861, 0.02377379110514694, 0.113826613922183, 0.01262685988777995]"
0,0-169,FUBAR,SGMS2,SGMS2_CERCOCEBUS_ATYS_ENSCATT00000067535_ENSCATP00000043098_CANONICAL,1e-06,"[4, 9, 10, 16, 21, 27, 39, 40, 48, 51, 64, 73, 74, 86, 92, 99, 102, 107, 108, 118, 125, 142, 145, 152, 164]","[9.90539868838927, 6.638407485578903, 13.68410244465362, 7.433348869944573, 30.96497539749305, 16.42364368899342, 12.20771613049763, 15.55089245077811, 7.840582171982225, 4.072116511275855, 6.003336870064388, 24.18404947769066, 9.718020749737276, 38.85077341972757, 4.247064971779869, 16.77611732976976, 9.765858349053248, 5.712719860038229, 13.63265085424597, 6.574036003990683, 4.499509311618641, 17.77088515343239, 12.21977420583627, 4.386559398636384, 19.17358603834484]","[0.3652006211195406, 0.3859760419019019, 0.3791708906077972, 0.4327453369650653, 0.4101945948656994, 0.3695045468741209, 0.3813037734677897, 0.3574163808477328, 0.3658282160528603, 0.3939454797791791, 0.3651739989870619, 0.4598208941483769, 0.3643254688015657, 0.4147071083985416, 0.4310487790033312, 0.3577313546931069, 0.3640270565907434, 0.380001439485173, 0.3717600252454872, 0.3387309353414232, 0.4473085384988477, 0.3835644538733159, 0.4056263501753861, 0.3502400758170799, 0.3854050749445669]","[-9.54019806726973, -6.252431443677001, -13.30493155404582, -7.000603532979508, -30.55478080262735, -16.0541391421193, -11.82641235702984, -15.19347606993038, -7.474753955929365, -3.678171031496676, -5.638162871077325, -23.72422858354228, -9.35369528093571, -38.43606631132904, -3.816016192776538, -16.41838597507666, -9.401831292462505, -5.332718420553056, -13.26089082900049, -6.23530506864926, -4.052200773119793, -17.38732069955907, -11.81414785566088, -4.036319322819304, -18.78818096340027]","[0.9383095428176791, 0.9607008107218618, 0.988976582084346, 0.9098603892229924, 0.9999656427700001, 0.9983574141031801, 0.9783753632918929, 0.9976983211764439, 0.9683896533494435, 0.9382454881441665, 0.9548102893673487, 0.9980016569537278, 0.9800952982928921, 0.9999649917327033, 0.9261647121381369, 0.9855184100875851, 0.9714907977839108, 0.9581197934297206, 0.9974798330202076, 0.967771746192467, 0.9322114716067973, 0.9947637632010655, 0.980870468788406, 0.9215361431647922, 0.9899055475349308]","[0.04839964289512604, 0.02804787628806105, 0.007598630956820493, 0.07061280360538459, 3.73603531439419e-06, 0.0009250938140490726, 0.01529987190080023, 0.001358683891227991, 0.022586004500595, 0.04470366131892131, 0.03276784474252294, 0.0009226682387035164, 0.01418848895053799, 1.156279631318537e-05, 0.05379873712856897, 0.01037196652993822, 0.02053187225567535, 0.03001614730863083, 0.001407840261118539, 0.02319712370004904, 0.04920455843852722, 0.003446472592166882, 0.01326652651479149, 0.06047960612870201, 0.007090290751527903]","[0.08993497851108198, 0.0510265474783692, 0.01353907743505027, 0.1343469601333635, 6.606229690101909e-06, 0.001637302029853407, 0.02747418855643861, 0.002405747098919471, 0.04086033577964968, 0.08274581829474215, 0.05990433141657486, 0.001633005095807759, 0.0254497391632488, 2.044602894307839e-05, 0.1005378588978819, 0.01853233711566046, 0.03706630707395986, 0.05471816411796945, 0.002492908297948326, 0.04199216660886567, 0.09150805449573747, 0.006115264874676861, 0.02377379110514694, 0.113826613922183, 0.01262685988777995]"
0,0-169,FUBAR,SGMS2,SGMS2_CHLOROCEBUS_SABAEUS_ENSCSAT00000002007_ENSCSAP00000000338_CANONICAL,0.001965399550738993,"[4, 9, 10, 16, 21, 27, 39, 40, 48, 51, 64, 73, 74, 86, 92, 99, 102, 107, 108, 118, 125, 142, 145, 152, 164]","[9.90539868838927, 6.638407485578903, 13.68410244465362, 7.433348869944573, 30.96497539749305, 16.42364368899342, 12.20771613049763, 15.55089245077811, 7.840582171982225, 4.072116511275855, 6.003336870064388, 24.18404947769066, 9.718020749737276, 38.85077341972757, 4.247064971779869, 16.77611732976976, 9.765858349053248, 5.712719860038229, 13.63265085424597, 6.574036003990683, 4.499509311618641, 17.77088515343239, 12.21977420583627, 4.386559398636384, 19.17358603834484]","[0.3652006211195406, 0.3859760419019019, 0.3791708906077972, 0.4327453369650653, 0.4101945948656994, 0.3695045468741209, 0.3813037734677897, 0.3574163808477328, 0.3658282160528603, 0.3939454797791791, 0.3651739989870619, 0.4598208941483769, 0.3643254688015657, 0.4147071083985416, 0.4310487790033312, 0.3577313546931069, 0.3640270565907434, 0.380001439485173, 0.3717600252454872, 0.3387309353414232, 0.4473085384988477, 0.3835644538733159, 0.4056263501753861, 0.3502400758170799, 0.3854050749445669]","[-9.54019806726973, -6.252431443677001, -13.30493155404582, -7.000603532979508, -30.55478080262735, -16.0541391421193, -11.82641235702984, -15.19347606993038, -7.474753955929365, -3.678171031496676, -5.638162871077325, -23.72422858354228, -9.35369528093571, -38.43606631132904, -3.816016192776538, -16.41838597507666, -9.401831292462505, -5.332718420553056, -13.26089082900049, -6.23530506864926, -4.052200773119793, -17.38732069955907, -11.81414785566088, -4.036319322819304, -18.78818096340027]","[0.9383095428176791, 0.9607008107218618, 0.988976582084346, 0.9098603892229924, 0.9999656427700001, 0.9983574141031801, 0.9783753632918929, 0.9976983211764439, 0.9683896533494435, 0.9382454881441665, 0.9548102893673487, 0.9980016569537278, 0.9800952982928921, 0.9999649917327033, 0.9261647121381369, 0.9855184100875851, 0.9714907977839108, 0.9581197934297206, 0.9974798330202076, 0.967771746192467, 0.9322114716067973, 0.9947637632010655, 0.980870468788406, 0.9215361431647922, 0.9899055475349308]","[0.04839964289512604, 0.02804787628806105, 0.007598630956820493, 0.07061280360538459, 3.73603531439419e-06, 0.0009250938140490726, 0.01529987190080023, 0.001358683891227991, 0.022586004500595, 0.04470366131892131, 0.03276784474252294, 0.0009226682387035164, 0.01418848895053799, 1.156279631318537e-05, 0.05379873712856897, 0.01037196652993822, 0.02053187225567535, 0.03001614730863083, 0.001407840261118539, 0.02319712370004904, 0.04920455843852722, 0.003446472592166882, 0.01326652651479149, 0.06047960612870201, 0.007090290751527903]","[0.08993497851108198, 0.0510265474783692, 0.01353907743505027, 0.1343469601333635, 6.606229690101909e-06, 0.001637302029853407, 0.02747418855643861, 0.002405747098919471, 0.04086033577964968, 0.08274581829474215, 0.05990433141657486, 0.001633005095807759, 0.0254497391632488, 2.044602894307839e-05, 0.1005378588978819, 0.01853233711566046, 0.03706630707395986, 0.05471816411796945, 0.002492908297948326, 0.04199216660886567, 0.09150805449573747, 0.006115264874676861, 0.02377379110514694, 0.113826613922183, 0.01262685988777995]"
0,0-169,FUBAR,SGMS2,SGMS2_COLOBUS_ANGOLENSIS_PALLIATUS_ENSCANT00000062433_ENSCANP00000039175_CANONICAL,1e-06,"[4, 9, 10, 16, 21, 27, 39, 40, 48, 51, 64, 73, 74, 86, 92, 99, 102, 107, 108, 118, 125, 142, 145, 152, 164]","[9.90539868838927, 6.638407485578903, 13.68410244465362, 7.433348869944573, 30.96497539749305, 16.42364368899342, 12.20771613049763, 15.55089245077811, 7.840582171982225, 4.072116511275855, 6.003336870064388, 24.18404947769066, 9.718020749737276, 38.85077341972757, 4.247064971779869, 16.77611732976976, 9.765858349053248, 5.712719860038229, 13.63265085424597, 6.574036003990683, 4.499509311618641, 17.77088515343239, 12.21977420583627, 4.386559398636384, 19.17358603834484]","[0.3652006211195406, 0.3859760419019019, 0.3791708906077972, 0.4327453369650653, 0.4101945948656994, 0.3695045468741209, 0.3813037734677897, 0.3574163808477328, 0.3658282160528603, 0.3939454797791791, 0.3651739989870619, 0.4598208941483769, 0.3643254688015657, 0.4147071083985416, 0.4310487790033312, 0.3577313546931069, 0.3640270565907434, 0.380001439485173, 0.3717600252454872, 0.3387309353414232, 0.4473085384988477, 0.3835644538733159, 0.4056263501753861, 0.3502400758170799, 0.3854050749445669]","[-9.54019806726973, -6.252431443677001, -13.30493155404582, -7.000603532979508, -30.55478080262735, -16.0541391421193, -11.82641235702984, -15.19347606993038, -7.474753955929365, -3.678171031496676, -5.638162871077325, -23.72422858354228, -9.35369528093571, -38.43606631132904, -3.816016192776538, -16.41838597507666, -9.401831292462505, -5.332718420553056, -13.26089082900049, -6.23530506864926, -4.052200773119793, -17.38732069955907, -11.81414785566088, -4.036319322819304, -18.78818096340027]","[0.9383095428176791, 0.9607008107218618, 0.988976582084346, 0.9098603892229924, 0.9999656427700001, 0.9983574141031801, 0.9783753632918929, 0.9976983211764439, 0.9683896533494435, 0.9382454881441665, 0.9548102893673487, 0.9980016569537278, 0.9800952982928921, 0.9999649917327033, 0.9261647121381369, 0.9855184100875851, 0.9714907977839108, 0.9581197934297206, 0.9974798330202076, 0.967771746192467, 0.9322114716067973, 0.9947637632010655, 0.980870468788406, 0.9215361431647922, 0.9899055475349308]","[0.04839964289512604, 0.02804787628806105, 0.007598630956820493, 0.07061280360538459, 3.73603531439419e-06, 0.0009250938140490726, 0.01529987190080023, 0.001358683891227991, 0.022586004500595, 0.04470366131892131, 0.03276784474252294, 0.0009226682387035164, 0.01418848895053799, 1.156279631318537e-05, 0.05379873712856897, 0.01037196652993822, 0.02053187225567535, 0.03001614730863083, 0.001407840261118539, 0.02319712370004904, 0.04920455843852722, 0.003446472592166882, 0.01326652651479149, 0.06047960612870201, 0.007090290751527903]","[0.08993497851108198, 0.0510265474783692, 0.01353907743505027, 0.1343469601333635, 6.606229690101909e-06, 0.001637302029853407, 0.02747418855643861, 0.002405747098919471, 0.04086033577964968, 0.08274581829474215, 0.05990433141657486, 0.001633005095807759, 0.0254497391632488, 2.044602894307839e-05, 0.1005378588978819, 0.01853233711566046, 0.03706630707395986, 0.05471816411796945, 0.002492908297948326, 0.04199216660886567, 0.09150805449573747, 0.006115264874676861, 0.02377379110514694, 0.113826613922183, 0.01262685988777995]"
0,0-169,FUBAR,SGMS2,SGMS2_GORILLA_GORILLA_ENSGGOT00000012641_ENSGGOP00000012286_ALTERNATIVE,1e-06,"[4, 9, 10, 16, 21, 27, 39, 40, 48, 51, 64, 73, 74, 86, 92, 99, 102, 107, 108, 118, 125, 142, 145, 152, 164]","[9.90539868838927, 6.638407485578903, 13.68410244465362, 7.433348869944573, 30.96497539749305, 16.42364368899342, 12.20771613049763, 15.55089245077811, 7.840582171982225, 4.072116511275855, 6.003336870064388, 24.18404947769066, 9.718020749737276, 38.85077341972757, 4.247064971779869, 16.77611732976976, 9.765858349053248, 5.712719860038229, 13.63265085424597, 6.574036003990683, 4.499509311618641, 17.77088515343239, 12.21977420583627, 4.386559398636384, 19.17358603834484]","[0.3652006211195406, 0.3859760419019019, 0.3791708906077972, 0.4327453369650653, 0.4101945948656994, 0.3695045468741209, 0.3813037734677897, 0.3574163808477328, 0.3658282160528603, 0.3939454797791791, 0.3651739989870619, 0.4598208941483769, 0.3643254688015657, 0.4147071083985416, 0.4310487790033312, 0.3577313546931069, 0.3640270565907434, 0.380001439485173, 0.3717600252454872, 0.3387309353414232, 0.4473085384988477, 0.3835644538733159, 0.4056263501753861, 0.3502400758170799, 0.3854050749445669]","[-9.54019806726973, -6.252431443677001, -13.30493155404582, -7.000603532979508, -30.55478080262735, -16.0541391421193, -11.82641235702984, -15.19347606993038, -7.474753955929365, -3.678171031496676, -5.638162871077325, -23.72422858354228, -9.35369528093571, -38.43606631132904, -3.816016192776538, -16.41838597507666, -9.401831292462505, -5.332718420553056, -13.26089082900049, -6.23530506864926, -4.052200773119793, -17.38732069955907, -11.81414785566088, -4.036319322819304, -18.78818096340027]","[0.9383095428176791, 0.9607008107218618, 0.988976582084346, 0.9098603892229924, 0.9999656427700001, 0.9983574141031801, 0.9783753632918929, 0.9976983211764439, 0.9683896533494435, 0.9382454881441665, 0.9548102893673487, 0.9980016569537278, 0.9800952982928921, 0.9999649917327033, 0.9261647121381369, 0.9855184100875851, 0.9714907977839108, 0.9581197934297206, 0.9974798330202076, 0.967771746192467, 0.9322114716067973, 0.9947637632010655, 0.980870468788406, 0.9215361431647922, 0.9899055475349308]","[0.04839964289512604, 0.02804787628806105, 0.007598630956820493, 0.07061280360538459, 3.73603531439419e-06, 0.0009250938140490726, 0.01529987190080023, 0.001358683891227991, 0.022586004500595, 0.04470366131892131, 0.03276784474252294, 0.0009226682387035164, 0.01418848895053799, 1.156279631318537e-05, 0.05379873712856897, 0.01037196652993822, 0.02053187225567535, 0.03001614730863083, 0.001407840261118539, 0.02319712370004904, 0.04920455843852722, 0.003446472592166882, 0.01326652651479149, 0.06047960612870201, 0.007090290751527903]","[0.08993497851108198, 0.0510265474783692, 0.01353907743505027, 0.1343469601333635, 6.606229690101909e-06, 0.001637302029853407, 0.02747418855643861, 0.002405747098919471, 0.04086033577964968, 0.08274581829474215, 0.05990433141657486, 0.001633005095807759, 0.0254497391632488, 2.044602894307839e-05, 0.1005378588978819, 0.01853233711566046, 0.03706630707395986, 0.05471816411796945, 0.002492908297948326, 0.04199216660886567, 0.09150805449573747, 0.006115264874676861, 0.02377379110514694, 0.113826613922183, 0.01262685988777995]"
0,0-169,FUBAR,SGMS2,SGMS2_GORILLA_GORILLA_ENSGGOT00000044436_ENSGGOP00000031382_CANONICAL,1e-06,"[4, 9, 10, 16, 21, 27, 39, 40, 48, 51, 64, 73, 74, 86, 92, 99, 102, 107, 108, 118, 125, 142, 145, 152, 164]","[9.90539868838927, 6.638407485578903, 13.68410244465362, 7.433348869944573, 30.96497539749305, 16.42364368899342, 12.20771613049763, 15.55089245077811, 7.840582171982225, 4.072116511275855, 6.003336870064388, 24.18404947769066, 9.718020749737276, 38.85077341972757, 4.247064971779869, 16.77611732976976, 9.765858349053248, 5.712719860038229, 13.63265085424597, 6.574036003990683, 4.499509311618641, 17.77088515343239, 12.21977420583627, 4.386559398636384, 19.17358603834484]","[0.3652006211195406, 0.3859760419019019, 0.3791708906077972, 0.4327453369650653, 0.4101945948656994, 0.3695045468741209, 0.3813037734677897, 0.3574163808477328, 0.3658282160528603, 0.3939454797791791, 0.3651739989870619, 0.4598208941483769, 0.3643254688015657, 0.4147071083985416, 0.4310487790033312, 0.3577313546931069, 0.3640270565907434, 0.380001439485173, 0.3717600252454872, 0.3387309353414232, 0.4473085384988477, 0.3835644538733159, 0.4056263501753861, 0.3502400758170799, 0.3854050749445669]","[-9.54019806726973, -6.252431443677001, -13.30493155404582, -7.000603532979508, -30.55478080262735, -16.0541391421193, -11.82641235702984, -15.19347606993038, -7.474753955929365, -3.678171031496676, -5.638162871077325, -23.72422858354228, -9.35369528093571, -38.43606631132904, -3.816016192776538, -16.41838597507666, -9.401831292462505, -5.332718420553056, -13.26089082900049, -6.23530506864926, -4.052200773119793, -17.38732069955907, -11.81414785566088, -4.036319322819304, -18.78818096340027]","[0.9383095428176791, 0.9607008107218618, 0.988976582084346, 0.9098603892229924, 0.9999656427700001, 0.9983574141031801, 0.9783753632918929, 0.9976983211764439, 0.9683896533494435, 0.9382454881441665, 0.9548102893673487, 0.9980016569537278, 0.9800952982928921, 0.9999649917327033, 0.9261647121381369, 0.9855184100875851, 0.9714907977839108, 0.9581197934297206, 0.9974798330202076, 0.967771746192467, 0.9322114716067973, 0.9947637632010655, 0.980870468788406, 0.9215361431647922, 0.9899055475349308]","[0.04839964289512604, 0.02804787628806105, 0.007598630956820493, 0.07061280360538459, 3.73603531439419e-06, 0.0009250938140490726, 0.01529987190080023, 0.001358683891227991, 0.022586004500595, 0.04470366131892131, 0.03276784474252294, 0.0009226682387035164, 0.01418848895053799, 1.156279631318537e-05, 0.05379873712856897, 0.01037196652993822, 0.02053187225567535, 0.03001614730863083, 0.001407840261118539, 0.02319712370004904, 0.04920455843852722, 0.003446472592166882, 0.01326652651479149, 0.06047960612870201, 0.007090290751527903]","[0.08993497851108198, 0.0510265474783692, 0.01353907743505027, 0.1343469601333635, 6.606229690101909e-06, 0.001637302029853407, 0.02747418855643861, 0.002405747098919471, 0.04086033577964968, 0.08274581829474215, 0.05990433141657486, 0.001633005095807759, 0.0254497391632488, 2.044602894307839e-05, 0.1005378588978819, 0.01853233711566046, 0.03706630707395986, 0.05471816411796945, 0.002492908297948326, 0.04199216660886567, 0.09150805449573747, 0.006115264874676861, 0.02377379110514694, 0.113826613922183, 0.01262685988777995]"
0,0-169,FUBAR,SGMS2,SGMS2_HOMO_SAPIENS_ENST00000359079_ENSP00000351981_ALTERNATIVE,1e-06,"[4, 9, 10, 16, 21, 27, 39, 40, 48, 51, 64, 73, 74, 86, 92, 99, 102, 107, 108, 118, 125, 142, 145, 152, 164]","[9.90539868838927, 6.638407485578903, 13.68410244465362, 7.433348869944573, 30.96497539749305, 16.42364368899342, 12.20771613049763, 15.55089245077811, 7.840582171982225, 4.072116511275855, 6.003336870064388, 24.18404947769066, 9.718020749737276, 38.85077341972757, 4.247064971779869, 16.77611732976976, 9.765858349053248, 5.712719860038229, 13.63265085424597, 6.574036003990683, 4.499509311618641, 17.77088515343239, 12.21977420583627, 4.386559398636384, 19.17358603834484]","[0.3652006211195406, 0.3859760419019019, 0.3791708906077972, 0.4327453369650653, 0.4101945948656994, 0.3695045468741209, 0.3813037734677897, 0.3574163808477328, 0.3658282160528603, 0.3939454797791791, 0.3651739989870619, 0.4598208941483769, 0.3643254688015657, 0.4147071083985416, 0.4310487790033312, 0.3577313546931069, 0.3640270565907434, 0.380001439485173, 0.3717600252454872, 0.3387309353414232, 0.4473085384988477, 0.3835644538733159, 0.4056263501753861, 0.3502400758170799, 0.3854050749445669]","[-9.54019806726973, -6.252431443677001, -13.30493155404582, -7.000603532979508, -30.55478080262735, -16.0541391421193, -11.82641235702984, -15.19347606993038, -7.474753955929365, -3.678171031496676, -5.638162871077325, -23.72422858354228, -9.35369528093571, -38.43606631132904, -3.816016192776538, -16.41838597507666, -9.401831292462505, -5.332718420553056, -13.26089082900049, -6.23530506864926, -4.052200773119793, -17.38732069955907, -11.81414785566088, -4.036319322819304, -18.78818096340027]","[0.9383095428176791, 0.9607008107218618, 0.988976582084346, 0.9098603892229924, 0.9999656427700001, 0.9983574141031801, 0.9783753632918929, 0.9976983211764439, 0.9683896533494435, 0.9382454881441665, 0.9548102893673487, 0.9980016569537278, 0.9800952982928921, 0.9999649917327033, 0.9261647121381369, 0.9855184100875851, 0.9714907977839108, 0.9581197934297206, 0.9974798330202076, 0.967771746192467, 0.9322114716067973, 0.9947637632010655, 0.980870468788406, 0.9215361431647922, 0.9899055475349308]","[0.04839964289512604, 0.02804787628806105, 0.007598630956820493, 0.07061280360538459, 3.73603531439419e-06, 0.0009250938140490726, 0.01529987190080023, 0.001358683891227991, 0.022586004500595, 0.04470366131892131, 0.03276784474252294, 0.0009226682387035164, 0.01418848895053799, 1.156279631318537e-05, 0.05379873712856897, 0.01037196652993822, 0.02053187225567535, 0.03001614730863083, 0.001407840261118539, 0.02319712370004904, 0.04920455843852722, 0.003446472592166882, 0.01326652651479149, 0.06047960612870201, 0.007090290751527903]","[0.08993497851108198, 0.0510265474783692, 0.01353907743505027, 0.1343469601333635, 6.606229690101909e-06, 0.001637302029853407, 0.02747418855643861, 0.002405747098919471, 0.04086033577964968, 0.08274581829474215, 0.05990433141657486, 0.001633005095807759, 0.0254497391632488, 2.044602894307839e-05, 0.1005378588978819, 0.01853233711566046, 0.03706630707395986, 0.05471816411796945, 0.002492908297948326, 0.04199216660886567, 0.09150805449573747, 0.006115264874676861, 0.02377379110514694, 0.113826613922183, 0.01262685988777995]"
0,0-169,FUBAR,SGMS2,SGMS2_HOMO_SAPIENS_ENST00000394684_ENSP00000378176_ALTERNATIVE,1e-06,"[4, 9, 10, 16, 21, 27, 39, 40, 48, 51, 64, 73, 74, 86, 92, 99, 102, 107, 108, 118, 125, 142, 145, 152, 164]","[9.90539868838927, 6.638407485578903, 13.68410244465362, 7.433348869944573, 30.96497539749305, 16.42364368899342, 12.20771613049763, 15.55089245077811, 7.840582171982225, 4.072116511275855, 6.003336870064388, 24.18404947769066, 9.718020749737276, 38.85077341972757, 4.247064971779869, 16.77611732976976, 9.765858349053248, 5.712719860038229, 13.63265085424597, 6.574036003990683, 4.499509311618641, 17.77088515343239, 12.21977420583627, 4.386559398636384, 19.17358603834484]","[0.3652006211195406, 0.3859760419019019, 0.3791708906077972, 0.4327453369650653, 0.4101945948656994, 0.3695045468741209, 0.3813037734677897, 0.3574163808477328, 0.3658282160528603, 0.3939454797791791, 0.3651739989870619, 0.4598208941483769, 0.3643254688015657, 0.4147071083985416, 0.4310487790033312, 0.3577313546931069, 0.3640270565907434, 0.380001439485173, 0.3717600252454872, 0.3387309353414232, 0.4473085384988477, 0.3835644538733159, 0.4056263501753861, 0.3502400758170799, 0.3854050749445669]","[-9.54019806726973, -6.252431443677001, -13.30493155404582, -7.000603532979508, -30.55478080262735, -16.0541391421193, -11.82641235702984, -15.19347606993038, -7.474753955929365, -3.678171031496676, -5.638162871077325, -23.72422858354228, -9.35369528093571, -38.43606631132904, -3.816016192776538, -16.41838597507666, -9.401831292462505, -5.332718420553056, -13.26089082900049, -6.23530506864926, -4.052200773119793, -17.38732069955907, -11.81414785566088, -4.036319322819304, -18.78818096340027]","[0.9383095428176791, 0.9607008107218618, 0.988976582084346, 0.9098603892229924, 0.9999656427700001, 0.9983574141031801, 0.9783753632918929, 0.9976983211764439, 0.9683896533494435, 0.9382454881441665, 0.9548102893673487, 0.9980016569537278, 0.9800952982928921, 0.9999649917327033, 0.9261647121381369, 0.9855184100875851, 0.9714907977839108, 0.9581197934297206, 0.9974798330202076, 0.967771746192467, 0.9322114716067973, 0.9947637632010655, 0.980870468788406, 0.9215361431647922, 0.9899055475349308]","[0.04839964289512604, 0.02804787628806105, 0.007598630956820493, 0.07061280360538459, 3.73603531439419e-06, 0.0009250938140490726, 0.01529987190080023, 0.001358683891227991, 0.022586004500595, 0.04470366131892131, 0.03276784474252294, 0.0009226682387035164, 0.01418848895053799, 1.156279631318537e-05, 0.05379873712856897, 0.01037196652993822, 0.02053187225567535, 0.03001614730863083, 0.001407840261118539, 0.02319712370004904, 0.04920455843852722, 0.003446472592166882, 0.01326652651479149, 0.06047960612870201, 0.007090290751527903]","[0.08993497851108198, 0.0510265474783692, 0.01353907743505027, 0.1343469601333635, 6.606229690101909e-06, 0.001637302029853407, 0.02747418855643861, 0.002405747098919471, 0.04086033577964968, 0.08274581829474215, 0.05990433141657486, 0.001633005095807759, 0.0254497391632488, 2.044602894307839e-05, 0.1005378588978819, 0.01853233711566046, 0.03706630707395986, 0.05471816411796945, 0.002492908297948326, 0.04199216660886567, 0.09150805449573747, 0.006115264874676861, 0.02377379110514694, 0.113826613922183, 0.01262685988777995]"
0,0-169,FUBAR,SGMS2,SGMS2_HOMO_SAPIENS_ENST00000394686_ENSP00000378178_ALTERNATIVE,1e-06,"[4, 9, 10, 16, 21, 27, 39, 40, 48, 51, 64, 73, 74, 86, 92, 99, 102, 107, 108, 118, 125, 142, 145, 152, 164]","[9.90539868838927, 6.638407485578903, 13.68410244465362, 7.433348869944573, 30.96497539749305, 16.42364368899342, 12.20771613049763, 15.55089245077811, 7.840582171982225, 4.072116511275855, 6.003336870064388, 24.18404947769066, 9.718020749737276, 38.85077341972757, 4.247064971779869, 16.77611732976976, 9.765858349053248, 5.712719860038229, 13.63265085424597, 6.574036003990683, 4.499509311618641, 17.77088515343239, 12.21977420583627, 4.386559398636384, 19.17358603834484]","[0.3652006211195406, 0.3859760419019019, 0.3791708906077972, 0.4327453369650653, 0.4101945948656994, 0.3695045468741209, 0.3813037734677897, 0.3574163808477328, 0.3658282160528603, 0.3939454797791791, 0.3651739989870619, 0.4598208941483769, 0.3643254688015657, 0.4147071083985416, 0.4310487790033312, 0.3577313546931069, 0.3640270565907434, 0.380001439485173, 0.3717600252454872, 0.3387309353414232, 0.4473085384988477, 0.3835644538733159, 0.4056263501753861, 0.3502400758170799, 0.3854050749445669]","[-9.54019806726973, -6.252431443677001, -13.30493155404582, -7.000603532979508, -30.55478080262735, -16.0541391421193, -11.82641235702984, -15.19347606993038, -7.474753955929365, -3.678171031496676, -5.638162871077325, -23.72422858354228, -9.35369528093571, -38.43606631132904, -3.816016192776538, -16.41838597507666, -9.401831292462505, -5.332718420553056, -13.26089082900049, -6.23530506864926, -4.052200773119793, -17.38732069955907, -11.81414785566088, -4.036319322819304, -18.78818096340027]","[0.9383095428176791, 0.9607008107218618, 0.988976582084346, 0.9098603892229924, 0.9999656427700001, 0.9983574141031801, 0.9783753632918929, 0.9976983211764439, 0.9683896533494435, 0.9382454881441665, 0.9548102893673487, 0.9980016569537278, 0.9800952982928921, 0.9999649917327033, 0.9261647121381369, 0.9855184100875851, 0.9714907977839108, 0.9581197934297206, 0.9974798330202076, 0.967771746192467, 0.9322114716067973, 0.9947637632010655, 0.980870468788406, 0.9215361431647922, 0.9899055475349308]","[0.04839964289512604, 0.02804787628806105, 0.007598630956820493, 0.07061280360538459, 3.73603531439419e-06, 0.0009250938140490726, 0.01529987190080023, 0.001358683891227991, 0.022586004500595, 0.04470366131892131, 0.03276784474252294, 0.0009226682387035164, 0.01418848895053799, 1.156279631318537e-05, 0.05379873712856897, 0.01037196652993822, 0.02053187225567535, 0.03001614730863083, 0.001407840261118539, 0.02319712370004904, 0.04920455843852722, 0.003446472592166882, 0.01326652651479149, 0.06047960612870201, 0.007090290751527903]","[0.08993497851108198, 0.0510265474783692, 0.01353907743505027, 0.1343469601333635, 6.606229690101909e-06, 0.001637302029853407, 0.02747418855643861, 0.002405747098919471, 0.04086033577964968, 0.08274581829474215, 0.05990433141657486, 0.001633005095807759, 0.0254497391632488, 2.044602894307839e-05, 0.1005378588978819, 0.01853233711566046, 0.03706630707395986, 0.05471816411796945, 0.002492908297948326, 0.04199216660886567, 0.09150805449573747, 0.006115264874676861, 0.02377379110514694, 0.113826613922183, 0.01262685988777995]"
0,0-169,FUBAR,SGMS2,SGMS2_HOMO_SAPIENS_ENST00000503385_ENSP00000430172_ALTERNATIVE,1e-06,"[4, 9, 10, 16, 21, 27, 39, 40, 48, 51, 64, 73, 74, 86, 92, 99, 102, 107, 108, 118, 125, 142, 145, 152, 164]","[9.90539868838927, 6.638407485578903, 13.68410244465362, 7.433348869944573, 30.96497539749305, 16.42364368899342, 12.20771613049763, 15.55089245077811, 7.840582171982225, 4.072116511275855, 6.003336870064388, 24.18404947769066, 9.718020749737276, 38.85077341972757, 4.247064971779869, 16.77611732976976, 9.765858349053248, 5.712719860038229, 13.63265085424597, 6.574036003990683, 4.499509311618641, 17.77088515343239, 12.21977420583627, 4.386559398636384, 19.17358603834484]","[0.3652006211195406, 0.3859760419019019, 0.3791708906077972, 0.4327453369650653, 0.4101945948656994, 0.3695045468741209, 0.3813037734677897, 0.3574163808477328, 0.3658282160528603, 0.3939454797791791, 0.3651739989870619, 0.4598208941483769, 0.3643254688015657, 0.4147071083985416, 0.4310487790033312, 0.3577313546931069, 0.3640270565907434, 0.380001439485173, 0.3717600252454872, 0.3387309353414232, 0.4473085384988477, 0.3835644538733159, 0.4056263501753861, 0.3502400758170799, 0.3854050749445669]","[-9.54019806726973, -6.252431443677001, -13.30493155404582, -7.000603532979508, -30.55478080262735, -16.0541391421193, -11.82641235702984, -15.19347606993038, -7.474753955929365, -3.678171031496676, -5.638162871077325, -23.72422858354228, -9.35369528093571, -38.43606631132904, -3.816016192776538, -16.41838597507666, -9.401831292462505, -5.332718420553056, -13.26089082900049, -6.23530506864926, -4.052200773119793, -17.38732069955907, -11.81414785566088, -4.036319322819304, -18.78818096340027]","[0.9383095428176791, 0.9607008107218618, 0.988976582084346, 0.9098603892229924, 0.9999656427700001, 0.9983574141031801, 0.9783753632918929, 0.9976983211764439, 0.9683896533494435, 0.9382454881441665, 0.9548102893673487, 0.9980016569537278, 0.9800952982928921, 0.9999649917327033, 0.9261647121381369, 0.9855184100875851, 0.9714907977839108, 0.9581197934297206, 0.9974798330202076, 0.967771746192467, 0.9322114716067973, 0.9947637632010655, 0.980870468788406, 0.9215361431647922, 0.9899055475349308]","[0.04839964289512604, 0.02804787628806105, 0.007598630956820493, 0.07061280360538459, 3.73603531439419e-06, 0.0009250938140490726, 0.01529987190080023, 0.001358683891227991, 0.022586004500595, 0.04470366131892131, 0.03276784474252294, 0.0009226682387035164, 0.01418848895053799, 1.156279631318537e-05, 0.05379873712856897, 0.01037196652993822, 0.02053187225567535, 0.03001614730863083, 0.001407840261118539, 0.02319712370004904, 0.04920455843852722, 0.003446472592166882, 0.01326652651479149, 0.06047960612870201, 0.007090290751527903]","[0.08993497851108198, 0.0510265474783692, 0.01353907743505027, 0.1343469601333635, 6.606229690101909e-06, 0.001637302029853407, 0.02747418855643861, 0.002405747098919471, 0.04086033577964968, 0.08274581829474215, 0.05990433141657486, 0.001633005095807759, 0.0254497391632488, 2.044602894307839e-05, 0.1005378588978819, 0.01853233711566046, 0.03706630707395986, 0.05471816411796945, 0.002492908297948326, 0.04199216660886567, 0.09150805449573747, 0.006115264874676861, 0.02377379110514694, 0.113826613922183, 0.01262685988777995]"
0,0-169,FUBAR,SGMS2,SGMS2_HOMO_SAPIENS_ENST00000503862_ENSP00000428176_ALTERNATIVE,1e-06,"[4, 9, 10, 16, 21, 27, 39, 40, 48, 51, 64, 73, 74, 86, 92, 99, 102, 107, 108, 118, 125, 142, 145, 152, 164]","[9.90539868838927, 6.638407485578903, 13.68410244465362, 7.433348869944573, 30.96497539749305, 16.42364368899342, 12.20771613049763, 15.55089245077811, 7.840582171982225, 4.072116511275855, 6.003336870064388, 24.18404947769066, 9.718020749737276, 38.85077341972757, 4.247064971779869, 16.77611732976976, 9.765858349053248, 5.712719860038229, 13.63265085424597, 6.574036003990683, 4.499509311618641, 17.77088515343239, 12.21977420583627, 4.386559398636384, 19.17358603834484]","[0.3652006211195406, 0.3859760419019019, 0.3791708906077972, 0.4327453369650653, 0.4101945948656994, 0.3695045468741209, 0.3813037734677897, 0.3574163808477328, 0.3658282160528603, 0.3939454797791791, 0.3651739989870619, 0.4598208941483769, 0.3643254688015657, 0.4147071083985416, 0.4310487790033312, 0.3577313546931069, 0.3640270565907434, 0.380001439485173, 0.3717600252454872, 0.3387309353414232, 0.4473085384988477, 0.3835644538733159, 0.4056263501753861, 0.3502400758170799, 0.3854050749445669]","[-9.54019806726973, -6.252431443677001, -13.30493155404582, -7.000603532979508, -30.55478080262735, -16.0541391421193, -11.82641235702984, -15.19347606993038, -7.474753955929365, -3.678171031496676, -5.638162871077325, -23.72422858354228, -9.35369528093571, -38.43606631132904, -3.816016192776538, -16.41838597507666, -9.401831292462505, -5.332718420553056, -13.26089082900049, -6.23530506864926, -4.052200773119793, -17.38732069955907, -11.81414785566088, -4.036319322819304, -18.78818096340027]","[0.9383095428176791, 0.9607008107218618, 0.988976582084346, 0.9098603892229924, 0.9999656427700001, 0.9983574141031801, 0.9783753632918929, 0.9976983211764439, 0.9683896533494435, 0.9382454881441665, 0.9548102893673487, 0.9980016569537278, 0.9800952982928921, 0.9999649917327033, 0.9261647121381369, 0.9855184100875851, 0.9714907977839108, 0.9581197934297206, 0.9974798330202076, 0.967771746192467, 0.9322114716067973, 0.9947637632010655, 0.980870468788406, 0.9215361431647922, 0.9899055475349308]","[0.04839964289512604, 0.02804787628806105, 0.007598630956820493, 0.07061280360538459, 3.73603531439419e-06, 0.0009250938140490726, 0.01529987190080023, 0.001358683891227991, 0.022586004500595, 0.04470366131892131, 0.03276784474252294, 0.0009226682387035164, 0.01418848895053799, 1.156279631318537e-05, 0.05379873712856897, 0.01037196652993822, 0.02053187225567535, 0.03001614730863083, 0.001407840261118539, 0.02319712370004904, 0.04920455843852722, 0.003446472592166882, 0.01326652651479149, 0.06047960612870201, 0.007090290751527903]","[0.08993497851108198, 0.0510265474783692, 0.01353907743505027, 0.1343469601333635, 6.606229690101909e-06, 0.001637302029853407, 0.02747418855643861, 0.002405747098919471, 0.04086033577964968, 0.08274581829474215, 0.05990433141657486, 0.001633005095807759, 0.0254497391632488, 2.044602894307839e-05, 0.1005378588978819, 0.01853233711566046, 0.03706630707395986, 0.05471816411796945, 0.002492908297948326, 0.04199216660886567, 0.09150805449573747, 0.006115264874676861, 0.02377379110514694, 0.113826613922183, 0.01262685988777995]"
0,0-169,FUBAR,SGMS2,SGMS2_HOMO_SAPIENS_ENST00000506993_ENSP00000428294_ALTERNATIVE,1e-06,"[4, 9, 10, 16, 21, 27, 39, 40, 48, 51, 64, 73, 74, 86, 92, 99, 102, 107, 108, 118, 125, 142, 145, 152, 164]","[9.90539868838927, 6.638407485578903, 13.68410244465362, 7.433348869944573, 30.96497539749305, 16.42364368899342, 12.20771613049763, 15.55089245077811, 7.840582171982225, 4.072116511275855, 6.003336870064388, 24.18404947769066, 9.718020749737276, 38.85077341972757, 4.247064971779869, 16.77611732976976, 9.765858349053248, 5.712719860038229, 13.63265085424597, 6.574036003990683, 4.499509311618641, 17.77088515343239, 12.21977420583627, 4.386559398636384, 19.17358603834484]","[0.3652006211195406, 0.3859760419019019, 0.3791708906077972, 0.4327453369650653, 0.4101945948656994, 0.3695045468741209, 0.3813037734677897, 0.3574163808477328, 0.3658282160528603, 0.3939454797791791, 0.3651739989870619, 0.4598208941483769, 0.3643254688015657, 0.4147071083985416, 0.4310487790033312, 0.3577313546931069, 0.3640270565907434, 0.380001439485173, 0.3717600252454872, 0.3387309353414232, 0.4473085384988477, 0.3835644538733159, 0.4056263501753861, 0.3502400758170799, 0.3854050749445669]","[-9.54019806726973, -6.252431443677001, -13.30493155404582, -7.000603532979508, -30.55478080262735, -16.0541391421193, -11.82641235702984, -15.19347606993038, -7.474753955929365, -3.678171031496676, -5.638162871077325, -23.72422858354228, -9.35369528093571, -38.43606631132904, -3.816016192776538, -16.41838597507666, -9.401831292462505, -5.332718420553056, -13.26089082900049, -6.23530506864926, -4.052200773119793, -17.38732069955907, -11.81414785566088, -4.036319322819304, -18.78818096340027]","[0.9383095428176791, 0.9607008107218618, 0.988976582084346, 0.9098603892229924, 0.9999656427700001, 0.9983574141031801, 0.9783753632918929, 0.9976983211764439, 0.9683896533494435, 0.9382454881441665, 0.9548102893673487, 0.9980016569537278, 0.9800952982928921, 0.9999649917327033, 0.9261647121381369, 0.9855184100875851, 0.9714907977839108, 0.9581197934297206, 0.9974798330202076, 0.967771746192467, 0.9322114716067973, 0.9947637632010655, 0.980870468788406, 0.9215361431647922, 0.9899055475349308]","[0.04839964289512604, 0.02804787628806105, 0.007598630956820493, 0.07061280360538459, 3.73603531439419e-06, 0.0009250938140490726, 0.01529987190080023, 0.001358683891227991, 0.022586004500595, 0.04470366131892131, 0.03276784474252294, 0.0009226682387035164, 0.01418848895053799, 1.156279631318537e-05, 0.05379873712856897, 0.01037196652993822, 0.02053187225567535, 0.03001614730863083, 0.001407840261118539, 0.02319712370004904, 0.04920455843852722, 0.003446472592166882, 0.01326652651479149, 0.06047960612870201, 0.007090290751527903]","[0.08993497851108198, 0.0510265474783692, 0.01353907743505027, 0.1343469601333635, 6.606229690101909e-06, 0.001637302029853407, 0.02747418855643861, 0.002405747098919471, 0.04086033577964968, 0.08274581829474215, 0.05990433141657486, 0.001633005095807759, 0.0254497391632488, 2.044602894307839e-05, 0.1005378588978819, 0.01853233711566046, 0.03706630707395986, 0.05471816411796945, 0.002492908297948326, 0.04199216660886567, 0.09150805449573747, 0.006115264874676861, 0.02377379110514694, 0.113826613922183, 0.01262685988777995]"
0,0-169,FUBAR,SGMS2,SGMS2_HOMO_SAPIENS_ENST00000690982_ENSP00000508566_CANONICAL,1e-06,"[4, 9, 10, 16, 21, 27, 39, 40, 48, 51, 64, 73, 74, 86, 92, 99, 102, 107, 108, 118, 125, 142, 145, 152, 164]","[9.90539868838927, 6.638407485578903, 13.68410244465362, 7.433348869944573, 30.96497539749305, 16.42364368899342, 12.20771613049763, 15.55089245077811, 7.840582171982225, 4.072116511275855, 6.003336870064388, 24.18404947769066, 9.718020749737276, 38.85077341972757, 4.247064971779869, 16.77611732976976, 9.765858349053248, 5.712719860038229, 13.63265085424597, 6.574036003990683, 4.499509311618641, 17.77088515343239, 12.21977420583627, 4.386559398636384, 19.17358603834484]","[0.3652006211195406, 0.3859760419019019, 0.3791708906077972, 0.4327453369650653, 0.4101945948656994, 0.3695045468741209, 0.3813037734677897, 0.3574163808477328, 0.3658282160528603, 0.3939454797791791, 0.3651739989870619, 0.4598208941483769, 0.3643254688015657, 0.4147071083985416, 0.4310487790033312, 0.3577313546931069, 0.3640270565907434, 0.380001439485173, 0.3717600252454872, 0.3387309353414232, 0.4473085384988477, 0.3835644538733159, 0.4056263501753861, 0.3502400758170799, 0.3854050749445669]","[-9.54019806726973, -6.252431443677001, -13.30493155404582, -7.000603532979508, -30.55478080262735, -16.0541391421193, -11.82641235702984, -15.19347606993038, -7.474753955929365, -3.678171031496676, -5.638162871077325, -23.72422858354228, -9.35369528093571, -38.43606631132904, -3.816016192776538, -16.41838597507666, -9.401831292462505, -5.332718420553056, -13.26089082900049, -6.23530506864926, -4.052200773119793, -17.38732069955907, -11.81414785566088, -4.036319322819304, -18.78818096340027]","[0.9383095428176791, 0.9607008107218618, 0.988976582084346, 0.9098603892229924, 0.9999656427700001, 0.9983574141031801, 0.9783753632918929, 0.9976983211764439, 0.9683896533494435, 0.9382454881441665, 0.9548102893673487, 0.9980016569537278, 0.9800952982928921, 0.9999649917327033, 0.9261647121381369, 0.9855184100875851, 0.9714907977839108, 0.9581197934297206, 0.9974798330202076, 0.967771746192467, 0.9322114716067973, 0.9947637632010655, 0.980870468788406, 0.9215361431647922, 0.9899055475349308]","[0.04839964289512604, 0.02804787628806105, 0.007598630956820493, 0.07061280360538459, 3.73603531439419e-06, 0.0009250938140490726, 0.01529987190080023, 0.001358683891227991, 0.022586004500595, 0.04470366131892131, 0.03276784474252294, 0.0009226682387035164, 0.01418848895053799, 1.156279631318537e-05, 0.05379873712856897, 0.01037196652993822, 0.02053187225567535, 0.03001614730863083, 0.001407840261118539, 0.02319712370004904, 0.04920455843852722, 0.003446472592166882, 0.01326652651479149, 0.06047960612870201, 0.007090290751527903]","[0.08993497851108198, 0.0510265474783692, 0.01353907743505027, 0.1343469601333635, 6.606229690101909e-06, 0.001637302029853407, 0.02747418855643861, 0.002405747098919471, 0.04086033577964968, 0.08274581829474215, 0.05990433141657486, 0.001633005095807759, 0.0254497391632488, 2.044602894307839e-05, 0.1005378588978819, 0.01853233711566046, 0.03706630707395986, 0.05471816411796945, 0.002492908297948326, 0.04199216660886567, 0.09150805449573747, 0.006115264874676861, 0.02377379110514694, 0.113826613922183, 0.01262685988777995]"
0,0-169,FUBAR,SGMS2,SGMS2_HOMO_SAPIENS_ENST00000856649_ENSP00000526708_ALTERNATIVE,1e-06,"[4, 9, 10, 16, 21, 27, 39, 40, 48, 51, 64, 73, 74, 86, 92, 99, 102, 107, 108, 118, 125, 142, 145, 152, 164]","[9.90539868838927, 6.638407485578903, 13.68410244465362, 7.433348869944573, 30.96497539749305, 16.42364368899342, 12.20771613049763, 15.55089245077811, 7.840582171982225, 4.072116511275855, 6.003336870064388, 24.18404947769066, 9.718020749737276, 38.85077341972757, 4.247064971779869, 16.77611732976976, 9.765858349053248, 5.712719860038229, 13.63265085424597, 6.574036003990683, 4.499509311618641, 17.77088515343239, 12.21977420583627, 4.386559398636384, 19.17358603834484]","[0.3652006211195406, 0.3859760419019019, 0.3791708906077972, 0.4327453369650653, 0.4101945948656994, 0.3695045468741209, 0.3813037734677897, 0.3574163808477328, 0.3658282160528603, 0.3939454797791791, 0.3651739989870619, 0.4598208941483769, 0.3643254688015657, 0.4147071083985416, 0.4310487790033312, 0.3577313546931069, 0.3640270565907434, 0.380001439485173, 0.3717600252454872, 0.3387309353414232, 0.4473085384988477, 0.3835644538733159, 0.4056263501753861, 0.3502400758170799, 0.3854050749445669]","[-9.54019806726973, -6.252431443677001, -13.30493155404582, -7.000603532979508, -30.55478080262735, -16.0541391421193, -11.82641235702984, -15.19347606993038, -7.474753955929365, -3.678171031496676, -5.638162871077325, -23.72422858354228, -9.35369528093571, -38.43606631132904, -3.816016192776538, -16.41838597507666, -9.401831292462505, -5.332718420553056, -13.26089082900049, -6.23530506864926, -4.052200773119793, -17.38732069955907, -11.81414785566088, -4.036319322819304, -18.78818096340027]","[0.9383095428176791, 0.9607008107218618, 0.988976582084346, 0.9098603892229924, 0.9999656427700001, 0.9983574141031801, 0.9783753632918929, 0.9976983211764439, 0.9683896533494435, 0.9382454881441665, 0.9548102893673487, 0.9980016569537278, 0.9800952982928921, 0.9999649917327033, 0.9261647121381369, 0.9855184100875851, 0.9714907977839108, 0.9581197934297206, 0.9974798330202076, 0.967771746192467, 0.9322114716067973, 0.9947637632010655, 0.980870468788406, 0.9215361431647922, 0.9899055475349308]","[0.04839964289512604, 0.02804787628806105, 0.007598630956820493, 0.07061280360538459, 3.73603531439419e-06, 0.0009250938140490726, 0.01529987190080023, 0.001358683891227991, 0.022586004500595, 0.04470366131892131, 0.03276784474252294, 0.0009226682387035164, 0.01418848895053799, 1.156279631318537e-05, 0.05379873712856897, 0.01037196652993822, 0.02053187225567535, 0.03001614730863083, 0.001407840261118539, 0.02319712370004904, 0.04920455843852722, 0.003446472592166882, 0.01326652651479149, 0.06047960612870201, 0.007090290751527903]","[0.08993497851108198, 0.0510265474783692, 0.01353907743505027, 0.1343469601333635, 6.606229690101909e-06, 0.001637302029853407, 0.02747418855643861, 0.002405747098919471, 0.04086033577964968, 0.08274581829474215, 0.05990433141657486, 0.001633005095807759, 0.0254497391632488, 2.044602894307839e-05, 0.1005378588978819, 0.01853233711566046, 0.03706630707395986, 0.05471816411796945, 0.002492908297948326, 0.04199216660886567, 0.09150805449573747, 0.006115264874676861, 0.02377379110514694, 0.113826613922183, 0.01262685988777995]"
0,0-169,FUBAR,SGMS2,SGMS2_HOMO_SAPIENS_ENST00000856650_ENSP00000526709_ALTERNATIVE,1e-06,"[4, 9, 10, 16, 21, 27, 39, 40, 48, 51, 64, 73, 74, 86, 92, 99, 102, 107, 108, 118, 125, 142, 145, 152, 164]","[9.90539868838927, 6.638407485578903, 13.68410244465362, 7.433348869944573, 30.96497539749305, 16.42364368899342, 12.20771613049763, 15.55089245077811, 7.840582171982225, 4.072116511275855, 6.003336870064388, 24.18404947769066, 9.718020749737276, 38.85077341972757, 4.247064971779869, 16.77611732976976, 9.765858349053248, 5.712719860038229, 13.63265085424597, 6.574036003990683, 4.499509311618641, 17.77088515343239, 12.21977420583627, 4.386559398636384, 19.17358603834484]","[0.3652006211195406, 0.3859760419019019, 0.3791708906077972, 0.4327453369650653, 0.4101945948656994, 0.3695045468741209, 0.3813037734677897, 0.3574163808477328, 0.3658282160528603, 0.3939454797791791, 0.3651739989870619, 0.4598208941483769, 0.3643254688015657, 0.4147071083985416, 0.4310487790033312, 0.3577313546931069, 0.3640270565907434, 0.380001439485173, 0.3717600252454872, 0.3387309353414232, 0.4473085384988477, 0.3835644538733159, 0.4056263501753861, 0.3502400758170799, 0.3854050749445669]","[-9.54019806726973, -6.252431443677001, -13.30493155404582, -7.000603532979508, -30.55478080262735, -16.0541391421193, -11.82641235702984, -15.19347606993038, -7.474753955929365, -3.678171031496676, -5.638162871077325, -23.72422858354228, -9.35369528093571, -38.43606631132904, -3.816016192776538, -16.41838597507666, -9.401831292462505, -5.332718420553056, -13.26089082900049, -6.23530506864926, -4.052200773119793, -17.38732069955907, -11.81414785566088, -4.036319322819304, -18.78818096340027]","[0.9383095428176791, 0.9607008107218618, 0.988976582084346, 0.9098603892229924, 0.9999656427700001, 0.9983574141031801, 0.9783753632918929, 0.9976983211764439, 0.9683896533494435, 0.9382454881441665, 0.9548102893673487, 0.9980016569537278, 0.9800952982928921, 0.9999649917327033, 0.9261647121381369, 0.9855184100875851, 0.9714907977839108, 0.9581197934297206, 0.9974798330202076, 0.967771746192467, 0.9322114716067973, 0.9947637632010655, 0.980870468788406, 0.9215361431647922, 0.9899055475349308]","[0.04839964289512604, 0.02804787628806105, 0.007598630956820493, 0.07061280360538459, 3.73603531439419e-06, 0.0009250938140490726, 0.01529987190080023, 0.001358683891227991, 0.022586004500595, 0.04470366131892131, 0.03276784474252294, 0.0009226682387035164, 0.01418848895053799, 1.156279631318537e-05, 0.05379873712856897, 0.01037196652993822, 0.02053187225567535, 0.03001614730863083, 0.001407840261118539, 0.02319712370004904, 0.04920455843852722, 0.003446472592166882, 0.01326652651479149, 0.06047960612870201, 0.007090290751527903]","[0.08993497851108198, 0.0510265474783692, 0.01353907743505027, 0.1343469601333635, 6.606229690101909e-06, 0.001637302029853407, 0.02747418855643861, 0.002405747098919471, 0.04086033577964968, 0.08274581829474215, 0.05990433141657486, 0.001633005095807759, 0.0254497391632488, 2.044602894307839e-05, 0.1005378588978819, 0.01853233711566046, 0.03706630707395986, 0.05471816411796945, 0.002492908297948326, 0.04199216660886567, 0.09150805449573747, 0.006115264874676861, 0.02377379110514694, 0.113826613922183, 0.01262685988777995]"
0,0-169,FUBAR,SGMS2,SGMS2_HOMO_SAPIENS_ENST00000856651_ENSP00000526710_ALTERNATIVE,1e-06,"[4, 9, 10, 16, 21, 27, 39, 40, 48, 51, 64, 73, 74, 86, 92, 99, 102, 107, 108, 118, 125, 142, 145, 152, 164]","[9.90539868838927, 6.638407485578903, 13.68410244465362, 7.433348869944573, 30.96497539749305, 16.42364368899342, 12.20771613049763, 15.55089245077811, 7.840582171982225, 4.072116511275855, 6.003336870064388, 24.18404947769066, 9.718020749737276, 38.85077341972757, 4.247064971779869, 16.77611732976976, 9.765858349053248, 5.712719860038229, 13.63265085424597, 6.574036003990683, 4.499509311618641, 17.77088515343239, 12.21977420583627, 4.386559398636384, 19.17358603834484]","[0.3652006211195406, 0.3859760419019019, 0.3791708906077972, 0.4327453369650653, 0.4101945948656994, 0.3695045468741209, 0.3813037734677897, 0.3574163808477328, 0.3658282160528603, 0.3939454797791791, 0.3651739989870619, 0.4598208941483769, 0.3643254688015657, 0.4147071083985416, 0.4310487790033312, 0.3577313546931069, 0.3640270565907434, 0.380001439485173, 0.3717600252454872, 0.3387309353414232, 0.4473085384988477, 0.3835644538733159, 0.4056263501753861, 0.3502400758170799, 0.3854050749445669]","[-9.54019806726973, -6.252431443677001, -13.30493155404582, -7.000603532979508, -30.55478080262735, -16.0541391421193, -11.82641235702984, -15.19347606993038, -7.474753955929365, -3.678171031496676, -5.638162871077325, -23.72422858354228, -9.35369528093571, -38.43606631132904, -3.816016192776538, -16.41838597507666, -9.401831292462505, -5.332718420553056, -13.26089082900049, -6.23530506864926, -4.052200773119793, -17.38732069955907, -11.81414785566088, -4.036319322819304, -18.78818096340027]","[0.9383095428176791, 0.9607008107218618, 0.988976582084346, 0.9098603892229924, 0.9999656427700001, 0.9983574141031801, 0.9783753632918929, 0.9976983211764439, 0.9683896533494435, 0.9382454881441665, 0.9548102893673487, 0.9980016569537278, 0.9800952982928921, 0.9999649917327033, 0.9261647121381369, 0.9855184100875851, 0.9714907977839108, 0.9581197934297206, 0.9974798330202076, 0.967771746192467, 0.9322114716067973, 0.9947637632010655, 0.980870468788406, 0.9215361431647922, 0.9899055475349308]","[0.04839964289512604, 0.02804787628806105, 0.007598630956820493, 0.07061280360538459, 3.73603531439419e-06, 0.0009250938140490726, 0.01529987190080023, 0.001358683891227991, 0.022586004500595, 0.04470366131892131, 0.03276784474252294, 0.0009226682387035164, 0.01418848895053799, 1.156279631318537e-05, 0.05379873712856897, 0.01037196652993822, 0.02053187225567535, 0.03001614730863083, 0.001407840261118539, 0.02319712370004904, 0.04920455843852722, 0.003446472592166882, 0.01326652651479149, 0.06047960612870201, 0.007090290751527903]","[0.08993497851108198, 0.0510265474783692, 0.01353907743505027, 0.1343469601333635, 6.606229690101909e-06, 0.001637302029853407, 0.02747418855643861, 0.002405747098919471, 0.04086033577964968, 0.08274581829474215, 0.05990433141657486, 0.001633005095807759, 0.0254497391632488, 2.044602894307839e-05, 0.1005378588978819, 0.01853233711566046, 0.03706630707395986, 0.05471816411796945, 0.002492908297948326, 0.04199216660886567, 0.09150805449573747, 0.006115264874676861, 0.02377379110514694, 0.113826613922183, 0.01262685988777995]"
0,0-169,FUBAR,SGMS2,SGMS2_HOMO_SAPIENS_ENST00000856652_ENSP00000526711_ALTERNATIVE,1e-06,"[4, 9, 10, 16, 21, 27, 39, 40, 48, 51, 64, 73, 74, 86, 92, 99, 102, 107, 108, 118, 125, 142, 145, 152, 164]","[9.90539868838927, 6.638407485578903, 13.68410244465362, 7.433348869944573, 30.96497539749305, 16.42364368899342, 12.20771613049763, 15.55089245077811, 7.840582171982225, 4.072116511275855, 6.003336870064388, 24.18404947769066, 9.718020749737276, 38.85077341972757, 4.247064971779869, 16.77611732976976, 9.765858349053248, 5.712719860038229, 13.63265085424597, 6.574036003990683, 4.499509311618641, 17.77088515343239, 12.21977420583627, 4.386559398636384, 19.17358603834484]","[0.3652006211195406, 0.3859760419019019, 0.3791708906077972, 0.4327453369650653, 0.4101945948656994, 0.3695045468741209, 0.3813037734677897, 0.3574163808477328, 0.3658282160528603, 0.3939454797791791, 0.3651739989870619, 0.4598208941483769, 0.3643254688015657, 0.4147071083985416, 0.4310487790033312, 0.3577313546931069, 0.3640270565907434, 0.380001439485173, 0.3717600252454872, 0.3387309353414232, 0.4473085384988477, 0.3835644538733159, 0.4056263501753861, 0.3502400758170799, 0.3854050749445669]","[-9.54019806726973, -6.252431443677001, -13.30493155404582, -7.000603532979508, -30.55478080262735, -16.0541391421193, -11.82641235702984, -15.19347606993038, -7.474753955929365, -3.678171031496676, -5.638162871077325, -23.72422858354228, -9.35369528093571, -38.43606631132904, -3.816016192776538, -16.41838597507666, -9.401831292462505, -5.332718420553056, -13.26089082900049, -6.23530506864926, -4.052200773119793, -17.38732069955907, -11.81414785566088, -4.036319322819304, -18.78818096340027]","[0.9383095428176791, 0.9607008107218618, 0.988976582084346, 0.9098603892229924, 0.9999656427700001, 0.9983574141031801, 0.9783753632918929, 0.9976983211764439, 0.9683896533494435, 0.9382454881441665, 0.9548102893673487, 0.9980016569537278, 0.9800952982928921, 0.9999649917327033, 0.9261647121381369, 0.9855184100875851, 0.9714907977839108, 0.9581197934297206, 0.9974798330202076, 0.967771746192467, 0.9322114716067973, 0.9947637632010655, 0.980870468788406, 0.9215361431647922, 0.9899055475349308]","[0.04839964289512604, 0.02804787628806105, 0.007598630956820493, 0.07061280360538459, 3.73603531439419e-06, 0.0009250938140490726, 0.01529987190080023, 0.001358683891227991, 0.022586004500595, 0.04470366131892131, 0.03276784474252294, 0.0009226682387035164, 0.01418848895053799, 1.156279631318537e-05, 0.05379873712856897, 0.01037196652993822, 0.02053187225567535, 0.03001614730863083, 0.001407840261118539, 0.02319712370004904, 0.04920455843852722, 0.003446472592166882, 0.01326652651479149, 0.06047960612870201, 0.007090290751527903]","[0.08993497851108198, 0.0510265474783692, 0.01353907743505027, 0.1343469601333635, 6.606229690101909e-06, 0.001637302029853407, 0.02747418855643861, 0.002405747098919471, 0.04086033577964968, 0.08274581829474215, 0.05990433141657486, 0.001633005095807759, 0.0254497391632488, 2.044602894307839e-05, 0.1005378588978819, 0.01853233711566046, 0.03706630707395986, 0.05471816411796945, 0.002492908297948326, 0.04199216660886567, 0.09150805449573747, 0.006115264874676861, 0.02377379110514694, 0.113826613922183, 0.01262685988777995]"
0,0-169,FUBAR,SGMS2,SGMS2_HOMO_SAPIENS_ENST00000856653_ENSP00000526712_ALTERNATIVE,1e-06,"[4, 9, 10, 16, 21, 27, 39, 40, 48, 51, 64, 73, 74, 86, 92, 99, 102, 107, 108, 118, 125, 142, 145, 152, 164]","[9.90539868838927, 6.638407485578903, 13.68410244465362, 7.433348869944573, 30.96497539749305, 16.42364368899342, 12.20771613049763, 15.55089245077811, 7.840582171982225, 4.072116511275855, 6.003336870064388, 24.18404947769066, 9.718020749737276, 38.85077341972757, 4.247064971779869, 16.77611732976976, 9.765858349053248, 5.712719860038229, 13.63265085424597, 6.574036003990683, 4.499509311618641, 17.77088515343239, 12.21977420583627, 4.386559398636384, 19.17358603834484]","[0.3652006211195406, 0.3859760419019019, 0.3791708906077972, 0.4327453369650653, 0.4101945948656994, 0.3695045468741209, 0.3813037734677897, 0.3574163808477328, 0.3658282160528603, 0.3939454797791791, 0.3651739989870619, 0.4598208941483769, 0.3643254688015657, 0.4147071083985416, 0.4310487790033312, 0.3577313546931069, 0.3640270565907434, 0.380001439485173, 0.3717600252454872, 0.3387309353414232, 0.4473085384988477, 0.3835644538733159, 0.4056263501753861, 0.3502400758170799, 0.3854050749445669]","[-9.54019806726973, -6.252431443677001, -13.30493155404582, -7.000603532979508, -30.55478080262735, -16.0541391421193, -11.82641235702984, -15.19347606993038, -7.474753955929365, -3.678171031496676, -5.638162871077325, -23.72422858354228, -9.35369528093571, -38.43606631132904, -3.816016192776538, -16.41838597507666, -9.401831292462505, -5.332718420553056, -13.26089082900049, -6.23530506864926, -4.052200773119793, -17.38732069955907, -11.81414785566088, -4.036319322819304, -18.78818096340027]","[0.9383095428176791, 0.9607008107218618, 0.988976582084346, 0.9098603892229924, 0.9999656427700001, 0.9983574141031801, 0.9783753632918929, 0.9976983211764439, 0.9683896533494435, 0.9382454881441665, 0.9548102893673487, 0.9980016569537278, 0.9800952982928921, 0.9999649917327033, 0.9261647121381369, 0.9855184100875851, 0.9714907977839108, 0.9581197934297206, 0.9974798330202076, 0.967771746192467, 0.9322114716067973, 0.9947637632010655, 0.980870468788406, 0.9215361431647922, 0.9899055475349308]","[0.04839964289512604, 0.02804787628806105, 0.007598630956820493, 0.07061280360538459, 3.73603531439419e-06, 0.0009250938140490726, 0.01529987190080023, 0.001358683891227991, 0.022586004500595, 0.04470366131892131, 0.03276784474252294, 0.0009226682387035164, 0.01418848895053799, 1.156279631318537e-05, 0.05379873712856897, 0.01037196652993822, 0.02053187225567535, 0.03001614730863083, 0.001407840261118539, 0.02319712370004904, 0.04920455843852722, 0.003446472592166882, 0.01326652651479149, 0.06047960612870201, 0.007090290751527903]","[0.08993497851108198, 0.0510265474783692, 0.01353907743505027, 0.1343469601333635, 6.606229690101909e-06, 0.001637302029853407, 0.02747418855643861, 0.002405747098919471, 0.04086033577964968, 0.08274581829474215, 0.05990433141657486, 0.001633005095807759, 0.0254497391632488, 2.044602894307839e-05, 0.1005378588978819, 0.01853233711566046, 0.03706630707395986, 0.05471816411796945, 0.002492908297948326, 0.04199216660886567, 0.09150805449573747, 0.006115264874676861, 0.02377379110514694, 0.113826613922183, 0.01262685988777995]"
0,0-169,FUBAR,SGMS2,SGMS2_HOMO_SAPIENS_ENST00000856654_ENSP00000526713_ALTERNATIVE,1e-06,"[4, 9, 10, 16, 21, 27, 39, 40, 48, 51, 64, 73, 74, 86, 92, 99, 102, 107, 108, 118, 125, 142, 145, 152, 164]","[9.90539868838927, 6.638407485578903, 13.68410244465362, 7.433348869944573, 30.96497539749305, 16.42364368899342, 12.20771613049763, 15.55089245077811, 7.840582171982225, 4.072116511275855, 6.003336870064388, 24.18404947769066, 9.718020749737276, 38.85077341972757, 4.247064971779869, 16.77611732976976, 9.765858349053248, 5.712719860038229, 13.63265085424597, 6.574036003990683, 4.499509311618641, 17.77088515343239, 12.21977420583627, 4.386559398636384, 19.17358603834484]","[0.3652006211195406, 0.3859760419019019, 0.3791708906077972, 0.4327453369650653, 0.4101945948656994, 0.3695045468741209, 0.3813037734677897, 0.3574163808477328, 0.3658282160528603, 0.3939454797791791, 0.3651739989870619, 0.4598208941483769, 0.3643254688015657, 0.4147071083985416, 0.4310487790033312, 0.3577313546931069, 0.3640270565907434, 0.380001439485173, 0.3717600252454872, 0.3387309353414232, 0.4473085384988477, 0.3835644538733159, 0.4056263501753861, 0.3502400758170799, 0.3854050749445669]","[-9.54019806726973, -6.252431443677001, -13.30493155404582, -7.000603532979508, -30.55478080262735, -16.0541391421193, -11.82641235702984, -15.19347606993038, -7.474753955929365, -3.678171031496676, -5.638162871077325, -23.72422858354228, -9.35369528093571, -38.43606631132904, -3.816016192776538, -16.41838597507666, -9.401831292462505, -5.332718420553056, -13.26089082900049, -6.23530506864926, -4.052200773119793, -17.38732069955907, -11.81414785566088, -4.036319322819304, -18.78818096340027]","[0.9383095428176791, 0.9607008107218618, 0.988976582084346, 0.9098603892229924, 0.9999656427700001, 0.9983574141031801, 0.9783753632918929, 0.9976983211764439, 0.9683896533494435, 0.9382454881441665, 0.9548102893673487, 0.9980016569537278, 0.9800952982928921, 0.9999649917327033, 0.9261647121381369, 0.9855184100875851, 0.9714907977839108, 0.9581197934297206, 0.9974798330202076, 0.967771746192467, 0.9322114716067973, 0.9947637632010655, 0.980870468788406, 0.9215361431647922, 0.9899055475349308]","[0.04839964289512604, 0.02804787628806105, 0.007598630956820493, 0.07061280360538459, 3.73603531439419e-06, 0.0009250938140490726, 0.01529987190080023, 0.001358683891227991, 0.022586004500595, 0.04470366131892131, 0.03276784474252294, 0.0009226682387035164, 0.01418848895053799, 1.156279631318537e-05, 0.05379873712856897, 0.01037196652993822, 0.02053187225567535, 0.03001614730863083, 0.001407840261118539, 0.02319712370004904, 0.04920455843852722, 0.003446472592166882, 0.01326652651479149, 0.06047960612870201, 0.007090290751527903]","[0.08993497851108198, 0.0510265474783692, 0.01353907743505027, 0.1343469601333635, 6.606229690101909e-06, 0.001637302029853407, 0.02747418855643861, 0.002405747098919471, 0.04086033577964968, 0.08274581829474215, 0.05990433141657486, 0.001633005095807759, 0.0254497391632488, 2.044602894307839e-05, 0.1005378588978819, 0.01853233711566046, 0.03706630707395986, 0.05471816411796945, 0.002492908297948326, 0.04199216660886567, 0.09150805449573747, 0.006115264874676861, 0.02377379110514694, 0.113826613922183, 0.01262685988777995]"
0,0-169,FUBAR,SGMS2,SGMS2_HOMO_SAPIENS_ENST00000856655_ENSP00000526714_ALTERNATIVE,1e-06,"[4, 9, 10, 16, 21, 27, 39, 40, 48, 51, 64, 73, 74, 86, 92, 99, 102, 107, 108, 118, 125, 142, 145, 152, 164]","[9.90539868838927, 6.638407485578903, 13.68410244465362, 7.433348869944573, 30.96497539749305, 16.42364368899342, 12.20771613049763, 15.55089245077811, 7.840582171982225, 4.072116511275855, 6.003336870064388, 24.18404947769066, 9.718020749737276, 38.85077341972757, 4.247064971779869, 16.77611732976976, 9.765858349053248, 5.712719860038229, 13.63265085424597, 6.574036003990683, 4.499509311618641, 17.77088515343239, 12.21977420583627, 4.386559398636384, 19.17358603834484]","[0.3652006211195406, 0.3859760419019019, 0.3791708906077972, 0.4327453369650653, 0.4101945948656994, 0.3695045468741209, 0.3813037734677897, 0.3574163808477328, 0.3658282160528603, 0.3939454797791791, 0.3651739989870619, 0.4598208941483769, 0.3643254688015657, 0.4147071083985416, 0.4310487790033312, 0.3577313546931069, 0.3640270565907434, 0.380001439485173, 0.3717600252454872, 0.3387309353414232, 0.4473085384988477, 0.3835644538733159, 0.4056263501753861, 0.3502400758170799, 0.3854050749445669]","[-9.54019806726973, -6.252431443677001, -13.30493155404582, -7.000603532979508, -30.55478080262735, -16.0541391421193, -11.82641235702984, -15.19347606993038, -7.474753955929365, -3.678171031496676, -5.638162871077325, -23.72422858354228, -9.35369528093571, -38.43606631132904, -3.816016192776538, -16.41838597507666, -9.401831292462505, -5.332718420553056, -13.26089082900049, -6.23530506864926, -4.052200773119793, -17.38732069955907, -11.81414785566088, -4.036319322819304, -18.78818096340027]","[0.9383095428176791, 0.9607008107218618, 0.988976582084346, 0.9098603892229924, 0.9999656427700001, 0.9983574141031801, 0.9783753632918929, 0.9976983211764439, 0.9683896533494435, 0.9382454881441665, 0.9548102893673487, 0.9980016569537278, 0.9800952982928921, 0.9999649917327033, 0.9261647121381369, 0.9855184100875851, 0.9714907977839108, 0.9581197934297206, 0.9974798330202076, 0.967771746192467, 0.9322114716067973, 0.9947637632010655, 0.980870468788406, 0.9215361431647922, 0.9899055475349308]","[0.04839964289512604, 0.02804787628806105, 0.007598630956820493, 0.07061280360538459, 3.73603531439419e-06, 0.0009250938140490726, 0.01529987190080023, 0.001358683891227991, 0.022586004500595, 0.04470366131892131, 0.03276784474252294, 0.0009226682387035164, 0.01418848895053799, 1.156279631318537e-05, 0.05379873712856897, 0.01037196652993822, 0.02053187225567535, 0.03001614730863083, 0.001407840261118539, 0.02319712370004904, 0.04920455843852722, 0.003446472592166882, 0.01326652651479149, 0.06047960612870201, 0.007090290751527903]","[0.08993497851108198, 0.0510265474783692, 0.01353907743505027, 0.1343469601333635, 6.606229690101909e-06, 0.001637302029853407, 0.02747418855643861, 0.002405747098919471, 0.04086033577964968, 0.08274581829474215, 0.05990433141657486, 0.001633005095807759, 0.0254497391632488, 2.044602894307839e-05, 0.1005378588978819, 0.01853233711566046, 0.03706630707395986, 0.05471816411796945, 0.002492908297948326, 0.04199216660886567, 0.09150805449573747, 0.006115264874676861, 0.02377379110514694, 0.113826613922183, 0.01262685988777995]"
0,0-169,FUBAR,SGMS2,SGMS2_HOMO_SAPIENS_ENST00000856656_ENSP00000526715_ALTERNATIVE,1e-06,"[4, 9, 10, 16, 21, 27, 39, 40, 48, 51, 64, 73, 74, 86, 92, 99, 102, 107, 108, 118, 125, 142, 145, 152, 164]","[9.90539868838927, 6.638407485578903, 13.68410244465362, 7.433348869944573, 30.96497539749305, 16.42364368899342, 12.20771613049763, 15.55089245077811, 7.840582171982225, 4.072116511275855, 6.003336870064388, 24.18404947769066, 9.718020749737276, 38.85077341972757, 4.247064971779869, 16.77611732976976, 9.765858349053248, 5.712719860038229, 13.63265085424597, 6.574036003990683, 4.499509311618641, 17.77088515343239, 12.21977420583627, 4.386559398636384, 19.17358603834484]","[0.3652006211195406, 0.3859760419019019, 0.3791708906077972, 0.4327453369650653, 0.4101945948656994, 0.3695045468741209, 0.3813037734677897, 0.3574163808477328, 0.3658282160528603, 0.3939454797791791, 0.3651739989870619, 0.4598208941483769, 0.3643254688015657, 0.4147071083985416, 0.4310487790033312, 0.3577313546931069, 0.3640270565907434, 0.380001439485173, 0.3717600252454872, 0.3387309353414232, 0.4473085384988477, 0.3835644538733159, 0.4056263501753861, 0.3502400758170799, 0.3854050749445669]","[-9.54019806726973, -6.252431443677001, -13.30493155404582, -7.000603532979508, -30.55478080262735, -16.0541391421193, -11.82641235702984, -15.19347606993038, -7.474753955929365, -3.678171031496676, -5.638162871077325, -23.72422858354228, -9.35369528093571, -38.43606631132904, -3.816016192776538, -16.41838597507666, -9.401831292462505, -5.332718420553056, -13.26089082900049, -6.23530506864926, -4.052200773119793, -17.38732069955907, -11.81414785566088, -4.036319322819304, -18.78818096340027]","[0.9383095428176791, 0.9607008107218618, 0.988976582084346, 0.9098603892229924, 0.9999656427700001, 0.9983574141031801, 0.9783753632918929, 0.9976983211764439, 0.9683896533494435, 0.9382454881441665, 0.9548102893673487, 0.9980016569537278, 0.9800952982928921, 0.9999649917327033, 0.9261647121381369, 0.9855184100875851, 0.9714907977839108, 0.9581197934297206, 0.9974798330202076, 0.967771746192467, 0.9322114716067973, 0.9947637632010655, 0.980870468788406, 0.9215361431647922, 0.9899055475349308]","[0.04839964289512604, 0.02804787628806105, 0.007598630956820493, 0.07061280360538459, 3.73603531439419e-06, 0.0009250938140490726, 0.01529987190080023, 0.001358683891227991, 0.022586004500595, 0.04470366131892131, 0.03276784474252294, 0.0009226682387035164, 0.01418848895053799, 1.156279631318537e-05, 0.05379873712856897, 0.01037196652993822, 0.02053187225567535, 0.03001614730863083, 0.001407840261118539, 0.02319712370004904, 0.04920455843852722, 0.003446472592166882, 0.01326652651479149, 0.06047960612870201, 0.007090290751527903]","[0.08993497851108198, 0.0510265474783692, 0.01353907743505027, 0.1343469601333635, 6.606229690101909e-06, 0.001637302029853407, 0.02747418855643861, 0.002405747098919471, 0.04086033577964968, 0.08274581829474215, 0.05990433141657486, 0.001633005095807759, 0.0254497391632488, 2.044602894307839e-05, 0.1005378588978819, 0.01853233711566046, 0.03706630707395986, 0.05471816411796945, 0.002492908297948326, 0.04199216660886567, 0.09150805449573747, 0.006115264874676861, 0.02377379110514694, 0.113826613922183, 0.01262685988777995]"
0,0-169,FUBAR,SGMS2,SGMS2_HOMO_SAPIENS_ENST00000944788_ENSP00000614847_ALTERNATIVE,1e-06,"[4, 9, 10, 16, 21, 27, 39, 40, 48, 51, 64, 73, 74, 86, 92, 99, 102, 107, 108, 118, 125, 142, 145, 152, 164]","[9.90539868838927, 6.638407485578903, 13.68410244465362, 7.433348869944573, 30.96497539749305, 16.42364368899342, 12.20771613049763, 15.55089245077811, 7.840582171982225, 4.072116511275855, 6.003336870064388, 24.18404947769066, 9.718020749737276, 38.85077341972757, 4.247064971779869, 16.77611732976976, 9.765858349053248, 5.712719860038229, 13.63265085424597, 6.574036003990683, 4.499509311618641, 17.77088515343239, 12.21977420583627, 4.386559398636384, 19.17358603834484]","[0.3652006211195406, 0.3859760419019019, 0.3791708906077972, 0.4327453369650653, 0.4101945948656994, 0.3695045468741209, 0.3813037734677897, 0.3574163808477328, 0.3658282160528603, 0.3939454797791791, 0.3651739989870619, 0.4598208941483769, 0.3643254688015657, 0.4147071083985416, 0.4310487790033312, 0.3577313546931069, 0.3640270565907434, 0.380001439485173, 0.3717600252454872, 0.3387309353414232, 0.4473085384988477, 0.3835644538733159, 0.4056263501753861, 0.3502400758170799, 0.3854050749445669]","[-9.54019806726973, -6.252431443677001, -13.30493155404582, -7.000603532979508, -30.55478080262735, -16.0541391421193, -11.82641235702984, -15.19347606993038, -7.474753955929365, -3.678171031496676, -5.638162871077325, -23.72422858354228, -9.35369528093571, -38.43606631132904, -3.816016192776538, -16.41838597507666, -9.401831292462505, -5.332718420553056, -13.26089082900049, -6.23530506864926, -4.052200773119793, -17.38732069955907, -11.81414785566088, -4.036319322819304, -18.78818096340027]","[0.9383095428176791, 0.9607008107218618, 0.988976582084346, 0.9098603892229924, 0.9999656427700001, 0.9983574141031801, 0.9783753632918929, 0.9976983211764439, 0.9683896533494435, 0.9382454881441665, 0.9548102893673487, 0.9980016569537278, 0.9800952982928921, 0.9999649917327033, 0.9261647121381369, 0.9855184100875851, 0.9714907977839108, 0.9581197934297206, 0.9974798330202076, 0.967771746192467, 0.9322114716067973, 0.9947637632010655, 0.980870468788406, 0.9215361431647922, 0.9899055475349308]","[0.04839964289512604, 0.02804787628806105, 0.007598630956820493, 0.07061280360538459, 3.73603531439419e-06, 0.0009250938140490726, 0.01529987190080023, 0.001358683891227991, 0.022586004500595, 0.04470366131892131, 0.03276784474252294, 0.0009226682387035164, 0.01418848895053799, 1.156279631318537e-05, 0.05379873712856897, 0.01037196652993822, 0.02053187225567535, 0.03001614730863083, 0.001407840261118539, 0.02319712370004904, 0.04920455843852722, 0.003446472592166882, 0.01326652651479149, 0.06047960612870201, 0.007090290751527903]","[0.08993497851108198, 0.0510265474783692, 0.01353907743505027, 0.1343469601333635, 6.606229690101909e-06, 0.001637302029853407, 0.02747418855643861, 0.002405747098919471, 0.04086033577964968, 0.08274581829474215, 0.05990433141657486, 0.001633005095807759, 0.0254497391632488, 2.044602894307839e-05, 0.1005378588978819, 0.01853233711566046, 0.03706630707395986, 0.05471816411796945, 0.002492908297948326, 0.04199216660886567, 0.09150805449573747, 0.006115264874676861, 0.02377379110514694, 0.113826613922183, 0.01262685988777995]"
0,0-169,FUBAR,SGMS2,SGMS2_HOMO_SAPIENS_ENST00000944789_ENSP00000614848_ALTERNATIVE,1e-06,"[4, 9, 10, 16, 21, 27, 39, 40, 48, 51, 64, 73, 74, 86, 92, 99, 102, 107, 108, 118, 125, 142, 145, 152, 164]","[9.90539868838927, 6.638407485578903, 13.68410244465362, 7.433348869944573, 30.96497539749305, 16.42364368899342, 12.20771613049763, 15.55089245077811, 7.840582171982225, 4.072116511275855, 6.003336870064388, 24.18404947769066, 9.718020749737276, 38.85077341972757, 4.247064971779869, 16.77611732976976, 9.765858349053248, 5.712719860038229, 13.63265085424597, 6.574036003990683, 4.499509311618641, 17.77088515343239, 12.21977420583627, 4.386559398636384, 19.17358603834484]","[0.3652006211195406, 0.3859760419019019, 0.3791708906077972, 0.4327453369650653, 0.4101945948656994, 0.3695045468741209, 0.3813037734677897, 0.3574163808477328, 0.3658282160528603, 0.3939454797791791, 0.3651739989870619, 0.4598208941483769, 0.3643254688015657, 0.4147071083985416, 0.4310487790033312, 0.3577313546931069, 0.3640270565907434, 0.380001439485173, 0.3717600252454872, 0.3387309353414232, 0.4473085384988477, 0.3835644538733159, 0.4056263501753861, 0.3502400758170799, 0.3854050749445669]","[-9.54019806726973, -6.252431443677001, -13.30493155404582, -7.000603532979508, -30.55478080262735, -16.0541391421193, -11.82641235702984, -15.19347606993038, -7.474753955929365, -3.678171031496676, -5.638162871077325, -23.72422858354228, -9.35369528093571, -38.43606631132904, -3.816016192776538, -16.41838597507666, -9.401831292462505, -5.332718420553056, -13.26089082900049, -6.23530506864926, -4.052200773119793, -17.38732069955907, -11.81414785566088, -4.036319322819304, -18.78818096340027]","[0.9383095428176791, 0.9607008107218618, 0.988976582084346, 0.9098603892229924, 0.9999656427700001, 0.9983574141031801, 0.9783753632918929, 0.9976983211764439, 0.9683896533494435, 0.9382454881441665, 0.9548102893673487, 0.9980016569537278, 0.9800952982928921, 0.9999649917327033, 0.9261647121381369, 0.9855184100875851, 0.9714907977839108, 0.9581197934297206, 0.9974798330202076, 0.967771746192467, 0.9322114716067973, 0.9947637632010655, 0.980870468788406, 0.9215361431647922, 0.9899055475349308]","[0.04839964289512604, 0.02804787628806105, 0.007598630956820493, 0.07061280360538459, 3.73603531439419e-06, 0.0009250938140490726, 0.01529987190080023, 0.001358683891227991, 0.022586004500595, 0.04470366131892131, 0.03276784474252294, 0.0009226682387035164, 0.01418848895053799, 1.156279631318537e-05, 0.05379873712856897, 0.01037196652993822, 0.02053187225567535, 0.03001614730863083, 0.001407840261118539, 0.02319712370004904, 0.04920455843852722, 0.003446472592166882, 0.01326652651479149, 0.06047960612870201, 0.007090290751527903]","[0.08993497851108198, 0.0510265474783692, 0.01353907743505027, 0.1343469601333635, 6.606229690101909e-06, 0.001637302029853407, 0.02747418855643861, 0.002405747098919471, 0.04086033577964968, 0.08274581829474215, 0.05990433141657486, 0.001633005095807759, 0.0254497391632488, 2.044602894307839e-05, 0.1005378588978819, 0.01853233711566046, 0.03706630707395986, 0.05471816411796945, 0.002492908297948326, 0.04199216660886567, 0.09150805449573747, 0.006115264874676861, 0.02377379110514694, 0.113826613922183, 0.01262685988777995]"
0,0-169,FUBAR,SGMS2,SGMS2_HOMO_SAPIENS_ENST00000944790_ENSP00000614849_ALTERNATIVE,1e-06,"[4, 9, 10, 16, 21, 27, 39, 40, 48, 51, 64, 73, 74, 86, 92, 99, 102, 107, 108, 118, 125, 142, 145, 152, 164]","[9.90539868838927, 6.638407485578903, 13.68410244465362, 7.433348869944573, 30.96497539749305, 16.42364368899342, 12.20771613049763, 15.55089245077811, 7.840582171982225, 4.072116511275855, 6.003336870064388, 24.18404947769066, 9.718020749737276, 38.85077341972757, 4.247064971779869, 16.77611732976976, 9.765858349053248, 5.712719860038229, 13.63265085424597, 6.574036003990683, 4.499509311618641, 17.77088515343239, 12.21977420583627, 4.386559398636384, 19.17358603834484]","[0.3652006211195406, 0.3859760419019019, 0.3791708906077972, 0.4327453369650653, 0.4101945948656994, 0.3695045468741209, 0.3813037734677897, 0.3574163808477328, 0.3658282160528603, 0.3939454797791791, 0.3651739989870619, 0.4598208941483769, 0.3643254688015657, 0.4147071083985416, 0.4310487790033312, 0.3577313546931069, 0.3640270565907434, 0.380001439485173, 0.3717600252454872, 0.3387309353414232, 0.4473085384988477, 0.3835644538733159, 0.4056263501753861, 0.3502400758170799, 0.3854050749445669]","[-9.54019806726973, -6.252431443677001, -13.30493155404582, -7.000603532979508, -30.55478080262735, -16.0541391421193, -11.82641235702984, -15.19347606993038, -7.474753955929365, -3.678171031496676, -5.638162871077325, -23.72422858354228, -9.35369528093571, -38.43606631132904, -3.816016192776538, -16.41838597507666, -9.401831292462505, -5.332718420553056, -13.26089082900049, -6.23530506864926, -4.052200773119793, -17.38732069955907, -11.81414785566088, -4.036319322819304, -18.78818096340027]","[0.9383095428176791, 0.9607008107218618, 0.988976582084346, 0.9098603892229924, 0.9999656427700001, 0.9983574141031801, 0.9783753632918929, 0.9976983211764439, 0.9683896533494435, 0.9382454881441665, 0.9548102893673487, 0.9980016569537278, 0.9800952982928921, 0.9999649917327033, 0.9261647121381369, 0.9855184100875851, 0.9714907977839108, 0.9581197934297206, 0.9974798330202076, 0.967771746192467, 0.9322114716067973, 0.9947637632010655, 0.980870468788406, 0.9215361431647922, 0.9899055475349308]","[0.04839964289512604, 0.02804787628806105, 0.007598630956820493, 0.07061280360538459, 3.73603531439419e-06, 0.0009250938140490726, 0.01529987190080023, 0.001358683891227991, 0.022586004500595, 0.04470366131892131, 0.03276784474252294, 0.0009226682387035164, 0.01418848895053799, 1.156279631318537e-05, 0.05379873712856897, 0.01037196652993822, 0.02053187225567535, 0.03001614730863083, 0.001407840261118539, 0.02319712370004904, 0.04920455843852722, 0.003446472592166882, 0.01326652651479149, 0.06047960612870201, 0.007090290751527903]","[0.08993497851108198, 0.0510265474783692, 0.01353907743505027, 0.1343469601333635, 6.606229690101909e-06, 0.001637302029853407, 0.02747418855643861, 0.002405747098919471, 0.04086033577964968, 0.08274581829474215, 0.05990433141657486, 0.001633005095807759, 0.0254497391632488, 2.044602894307839e-05, 0.1005378588978819, 0.01853233711566046, 0.03706630707395986, 0.05471816411796945, 0.002492908297948326, 0.04199216660886567, 0.09150805449573747, 0.006115264874676861, 0.02377379110514694, 0.113826613922183, 0.01262685988777995]"
0,0-169,FUBAR,SGMS2,SGMS2_HOMO_SAPIENS_ENST00000944791_ENSP00000614850_ALTERNATIVE,1e-06,"[4, 9, 10, 16, 21, 27, 39, 40, 48, 51, 64, 73, 74, 86, 92, 99, 102, 107, 108, 118, 125, 142, 145, 152, 164]","[9.90539868838927, 6.638407485578903, 13.68410244465362, 7.433348869944573, 30.96497539749305, 16.42364368899342, 12.20771613049763, 15.55089245077811, 7.840582171982225, 4.072116511275855, 6.003336870064388, 24.18404947769066, 9.718020749737276, 38.85077341972757, 4.247064971779869, 16.77611732976976, 9.765858349053248, 5.712719860038229, 13.63265085424597, 6.574036003990683, 4.499509311618641, 17.77088515343239, 12.21977420583627, 4.386559398636384, 19.17358603834484]","[0.3652006211195406, 0.3859760419019019, 0.3791708906077972, 0.4327453369650653, 0.4101945948656994, 0.3695045468741209, 0.3813037734677897, 0.3574163808477328, 0.3658282160528603, 0.3939454797791791, 0.3651739989870619, 0.4598208941483769, 0.3643254688015657, 0.4147071083985416, 0.4310487790033312, 0.3577313546931069, 0.3640270565907434, 0.380001439485173, 0.3717600252454872, 0.3387309353414232, 0.4473085384988477, 0.3835644538733159, 0.4056263501753861, 0.3502400758170799, 0.3854050749445669]","[-9.54019806726973, -6.252431443677001, -13.30493155404582, -7.000603532979508, -30.55478080262735, -16.0541391421193, -11.82641235702984, -15.19347606993038, -7.474753955929365, -3.678171031496676, -5.638162871077325, -23.72422858354228, -9.35369528093571, -38.43606631132904, -3.816016192776538, -16.41838597507666, -9.401831292462505, -5.332718420553056, -13.26089082900049, -6.23530506864926, -4.052200773119793, -17.38732069955907, -11.81414785566088, -4.036319322819304, -18.78818096340027]","[0.9383095428176791, 0.9607008107218618, 0.988976582084346, 0.9098603892229924, 0.9999656427700001, 0.9983574141031801, 0.9783753632918929, 0.9976983211764439, 0.9683896533494435, 0.9382454881441665, 0.9548102893673487, 0.9980016569537278, 0.9800952982928921, 0.9999649917327033, 0.9261647121381369, 0.9855184100875851, 0.9714907977839108, 0.9581197934297206, 0.9974798330202076, 0.967771746192467, 0.9322114716067973, 0.9947637632010655, 0.980870468788406, 0.9215361431647922, 0.9899055475349308]","[0.04839964289512604, 0.02804787628806105, 0.007598630956820493, 0.07061280360538459, 3.73603531439419e-06, 0.0009250938140490726, 0.01529987190080023, 0.001358683891227991, 0.022586004500595, 0.04470366131892131, 0.03276784474252294, 0.0009226682387035164, 0.01418848895053799, 1.156279631318537e-05, 0.05379873712856897, 0.01037196652993822, 0.02053187225567535, 0.03001614730863083, 0.001407840261118539, 0.02319712370004904, 0.04920455843852722, 0.003446472592166882, 0.01326652651479149, 0.06047960612870201, 0.007090290751527903]","[0.08993497851108198, 0.0510265474783692, 0.01353907743505027, 0.1343469601333635, 6.606229690101909e-06, 0.001637302029853407, 0.02747418855643861, 0.002405747098919471, 0.04086033577964968, 0.08274581829474215, 0.05990433141657486, 0.001633005095807759, 0.0254497391632488, 2.044602894307839e-05, 0.1005378588978819, 0.01853233711566046, 0.03706630707395986, 0.05471816411796945, 0.002492908297948326, 0.04199216660886567, 0.09150805449573747, 0.006115264874676861, 0.02377379110514694, 0.113826613922183, 0.01262685988777995]"
0,0-169,FUBAR,SGMS2,SGMS2_MACACA_FASCICULARIS_ENSMFAT00000015977_ENSMFAP00000041700_CANONICAL,1e-06,"[4, 9, 10, 16, 21, 27, 39, 40, 48, 51, 64, 73, 74, 86, 92, 99, 102, 107, 108, 118, 125, 142, 145, 152, 164]","[9.90539868838927, 6.638407485578903, 13.68410244465362, 7.433348869944573, 30.96497539749305, 16.42364368899342, 12.20771613049763, 15.55089245077811, 7.840582171982225, 4.072116511275855, 6.003336870064388, 24.18404947769066, 9.718020749737276, 38.85077341972757, 4.247064971779869, 16.77611732976976, 9.765858349053248, 5.712719860038229, 13.63265085424597, 6.574036003990683, 4.499509311618641, 17.77088515343239, 12.21977420583627, 4.386559398636384, 19.17358603834484]","[0.3652006211195406, 0.3859760419019019, 0.3791708906077972, 0.4327453369650653, 0.4101945948656994, 0.3695045468741209, 0.3813037734677897, 0.3574163808477328, 0.3658282160528603, 0.3939454797791791, 0.3651739989870619, 0.4598208941483769, 0.3643254688015657, 0.4147071083985416, 0.4310487790033312, 0.3577313546931069, 0.3640270565907434, 0.380001439485173, 0.3717600252454872, 0.3387309353414232, 0.4473085384988477, 0.3835644538733159, 0.4056263501753861, 0.3502400758170799, 0.3854050749445669]","[-9.54019806726973, -6.252431443677001, -13.30493155404582, -7.000603532979508, -30.55478080262735, -16.0541391421193, -11.82641235702984, -15.19347606993038, -7.474753955929365, -3.678171031496676, -5.638162871077325, -23.72422858354228, -9.35369528093571, -38.43606631132904, -3.816016192776538, -16.41838597507666, -9.401831292462505, -5.332718420553056, -13.26089082900049, -6.23530506864926, -4.052200773119793, -17.38732069955907, -11.81414785566088, -4.036319322819304, -18.78818096340027]","[0.9383095428176791, 0.9607008107218618, 0.988976582084346, 0.9098603892229924, 0.9999656427700001, 0.9983574141031801, 0.9783753632918929, 0.9976983211764439, 0.9683896533494435, 0.9382454881441665, 0.9548102893673487, 0.9980016569537278, 0.9800952982928921, 0.9999649917327033, 0.9261647121381369, 0.9855184100875851, 0.9714907977839108, 0.9581197934297206, 0.9974798330202076, 0.967771746192467, 0.9322114716067973, 0.9947637632010655, 0.980870468788406, 0.9215361431647922, 0.9899055475349308]","[0.04839964289512604, 0.02804787628806105, 0.007598630956820493, 0.07061280360538459, 3.73603531439419e-06, 0.0009250938140490726, 0.01529987190080023, 0.001358683891227991, 0.022586004500595, 0.04470366131892131, 0.03276784474252294, 0.0009226682387035164, 0.01418848895053799, 1.156279631318537e-05, 0.05379873712856897, 0.01037196652993822, 0.02053187225567535, 0.03001614730863083, 0.001407840261118539, 0.02319712370004904, 0.04920455843852722, 0.003446472592166882, 0.01326652651479149, 0.06047960612870201, 0.007090290751527903]","[0.08993497851108198, 0.0510265474783692, 0.01353907743505027, 0.1343469601333635, 6.606229690101909e-06, 0.001637302029853407, 0.02747418855643861, 0.002405747098919471, 0.04086033577964968, 0.08274581829474215, 0.05990433141657486, 0.001633005095807759, 0.0254497391632488, 2.044602894307839e-05, 0.1005378588978819, 0.01853233711566046, 0.03706630707395986, 0.05471816411796945, 0.002492908297948326, 0.04199216660886567, 0.09150805449573747, 0.006115264874676861, 0.02377379110514694, 0.113826613922183, 0.01262685988777995]"
0,0-169,FUBAR,SGMS2,SGMS2_MACACA_MULATTA_ENSMMUT00000009884_ENSMMUP00000009279_ALTERNATIVE,1e-06,"[4, 9, 10, 16, 21, 27, 39, 40, 48, 51, 64, 73, 74, 86, 92, 99, 102, 107, 108, 118, 125, 142, 145, 152, 164]","[9.90539868838927, 6.638407485578903, 13.68410244465362, 7.433348869944573, 30.96497539749305, 16.42364368899342, 12.20771613049763, 15.55089245077811, 7.840582171982225, 4.072116511275855, 6.003336870064388, 24.18404947769066, 9.718020749737276, 38.85077341972757, 4.247064971779869, 16.77611732976976, 9.765858349053248, 5.712719860038229, 13.63265085424597, 6.574036003990683, 4.499509311618641, 17.77088515343239, 12.21977420583627, 4.386559398636384, 19.17358603834484]","[0.3652006211195406, 0.3859760419019019, 0.3791708906077972, 0.4327453369650653, 0.4101945948656994, 0.3695045468741209, 0.3813037734677897, 0.3574163808477328, 0.3658282160528603, 0.3939454797791791, 0.3651739989870619, 0.4598208941483769, 0.3643254688015657, 0.4147071083985416, 0.4310487790033312, 0.3577313546931069, 0.3640270565907434, 0.380001439485173, 0.3717600252454872, 0.3387309353414232, 0.4473085384988477, 0.3835644538733159, 0.4056263501753861, 0.3502400758170799, 0.3854050749445669]","[-9.54019806726973, -6.252431443677001, -13.30493155404582, -7.000603532979508, -30.55478080262735, -16.0541391421193, -11.82641235702984, -15.19347606993038, -7.474753955929365, -3.678171031496676, -5.638162871077325, -23.72422858354228, -9.35369528093571, -38.43606631132904, -3.816016192776538, -16.41838597507666, -9.401831292462505, -5.332718420553056, -13.26089082900049, -6.23530506864926, -4.052200773119793, -17.38732069955907, -11.81414785566088, -4.036319322819304, -18.78818096340027]","[0.9383095428176791, 0.9607008107218618, 0.988976582084346, 0.9098603892229924, 0.9999656427700001, 0.9983574141031801, 0.9783753632918929, 0.9976983211764439, 0.9683896533494435, 0.9382454881441665, 0.9548102893673487, 0.9980016569537278, 0.9800952982928921, 0.9999649917327033, 0.9261647121381369, 0.9855184100875851, 0.9714907977839108, 0.9581197934297206, 0.9974798330202076, 0.967771746192467, 0.9322114716067973, 0.9947637632010655, 0.980870468788406, 0.9215361431647922, 0.9899055475349308]","[0.04839964289512604, 0.02804787628806105, 0.007598630956820493, 0.07061280360538459, 3.73603531439419e-06, 0.0009250938140490726, 0.01529987190080023, 0.001358683891227991, 0.022586004500595, 0.04470366131892131, 0.03276784474252294, 0.0009226682387035164, 0.01418848895053799, 1.156279631318537e-05, 0.05379873712856897, 0.01037196652993822, 0.02053187225567535, 0.03001614730863083, 0.001407840261118539, 0.02319712370004904, 0.04920455843852722, 0.003446472592166882, 0.01326652651479149, 0.06047960612870201, 0.007090290751527903]","[0.08993497851108198, 0.0510265474783692, 0.01353907743505027, 0.1343469601333635, 6.606229690101909e-06, 0.001637302029853407, 0.02747418855643861, 0.002405747098919471, 0.04086033577964968, 0.08274581829474215, 0.05990433141657486, 0.001633005095807759, 0.0254497391632488, 2.044602894307839e-05, 0.1005378588978819, 0.01853233711566046, 0.03706630707395986, 0.05471816411796945, 0.002492908297948326, 0.04199216660886567, 0.09150805449573747, 0.006115264874676861, 0.02377379110514694, 0.113826613922183, 0.01262685988777995]"
0,0-169,FUBAR,SGMS2,SGMS2_MACACA_MULATTA_ENSMMUT00000096919_ENSMMUP00000072382_CANONICAL,1e-06,"[4, 9, 10, 16, 21, 27, 39, 40, 48, 51, 64, 73, 74, 86, 92, 99, 102, 107, 108, 118, 125, 142, 145, 152, 164]","[9.90539868838927, 6.638407485578903, 13.68410244465362, 7.433348869944573, 30.96497539749305, 16.42364368899342, 12.20771613049763, 15.55089245077811, 7.840582171982225, 4.072116511275855, 6.003336870064388, 24.18404947769066, 9.718020749737276, 38.85077341972757, 4.247064971779869, 16.77611732976976, 9.765858349053248, 5.712719860038229, 13.63265085424597, 6.574036003990683, 4.499509311618641, 17.77088515343239, 12.21977420583627, 4.386559398636384, 19.17358603834484]","[0.3652006211195406, 0.3859760419019019, 0.3791708906077972, 0.4327453369650653, 0.4101945948656994, 0.3695045468741209, 0.3813037734677897, 0.3574163808477328, 0.3658282160528603, 0.3939454797791791, 0.3651739989870619, 0.4598208941483769, 0.3643254688015657, 0.4147071083985416, 0.4310487790033312, 0.3577313546931069, 0.3640270565907434, 0.380001439485173, 0.3717600252454872, 0.3387309353414232, 0.4473085384988477, 0.3835644538733159, 0.4056263501753861, 0.3502400758170799, 0.3854050749445669]","[-9.54019806726973, -6.252431443677001, -13.30493155404582, -7.000603532979508, -30.55478080262735, -16.0541391421193, -11.82641235702984, -15.19347606993038, -7.474753955929365, -3.678171031496676, -5.638162871077325, -23.72422858354228, -9.35369528093571, -38.43606631132904, -3.816016192776538, -16.41838597507666, -9.401831292462505, -5.332718420553056, -13.26089082900049, -6.23530506864926, -4.052200773119793, -17.38732069955907, -11.81414785566088, -4.036319322819304, -18.78818096340027]","[0.9383095428176791, 0.9607008107218618, 0.988976582084346, 0.9098603892229924, 0.9999656427700001, 0.9983574141031801, 0.9783753632918929, 0.9976983211764439, 0.9683896533494435, 0.9382454881441665, 0.9548102893673487, 0.9980016569537278, 0.9800952982928921, 0.9999649917327033, 0.9261647121381369, 0.9855184100875851, 0.9714907977839108, 0.9581197934297206, 0.9974798330202076, 0.967771746192467, 0.9322114716067973, 0.9947637632010655, 0.980870468788406, 0.9215361431647922, 0.9899055475349308]","[0.04839964289512604, 0.02804787628806105, 0.007598630956820493, 0.07061280360538459, 3.73603531439419e-06, 0.0009250938140490726, 0.01529987190080023, 0.001358683891227991, 0.022586004500595, 0.04470366131892131, 0.03276784474252294, 0.0009226682387035164, 0.01418848895053799, 1.156279631318537e-05, 0.05379873712856897, 0.01037196652993822, 0.02053187225567535, 0.03001614730863083, 0.001407840261118539, 0.02319712370004904, 0.04920455843852722, 0.003446472592166882, 0.01326652651479149, 0.06047960612870201, 0.007090290751527903]","[0.08993497851108198, 0.0510265474783692, 0.01353907743505027, 0.1343469601333635, 6.606229690101909e-06, 0.001637302029853407, 0.02747418855643861, 0.002405747098919471, 0.04086033577964968, 0.08274581829474215, 0.05990433141657486, 0.001633005095807759, 0.0254497391632488, 2.044602894307839e-05, 0.1005378588978819, 0.01853233711566046, 0.03706630707395986, 0.05471816411796945, 0.002492908297948326, 0.04199216660886567, 0.09150805449573747, 0.006115264874676861, 0.02377379110514694, 0.113826613922183, 0.01262685988777995]"
0,0-169,FUBAR,SGMS2,SGMS2_MACACA_MULATTA_ENSMMUT00000100492_ENSMMUP00000078729_ALTERNATIVE,1e-06,"[4, 9, 10, 16, 21, 27, 39, 40, 48, 51, 64, 73, 74, 86, 92, 99, 102, 107, 108, 118, 125, 142, 145, 152, 164]","[9.90539868838927, 6.638407485578903, 13.68410244465362, 7.433348869944573, 30.96497539749305, 16.42364368899342, 12.20771613049763, 15.55089245077811, 7.840582171982225, 4.072116511275855, 6.003336870064388, 24.18404947769066, 9.718020749737276, 38.85077341972757, 4.247064971779869, 16.77611732976976, 9.765858349053248, 5.712719860038229, 13.63265085424597, 6.574036003990683, 4.499509311618641, 17.77088515343239, 12.21977420583627, 4.386559398636384, 19.17358603834484]","[0.3652006211195406, 0.3859760419019019, 0.3791708906077972, 0.4327453369650653, 0.4101945948656994, 0.3695045468741209, 0.3813037734677897, 0.3574163808477328, 0.3658282160528603, 0.3939454797791791, 0.3651739989870619, 0.4598208941483769, 0.3643254688015657, 0.4147071083985416, 0.4310487790033312, 0.3577313546931069, 0.3640270565907434, 0.380001439485173, 0.3717600252454872, 0.3387309353414232, 0.4473085384988477, 0.3835644538733159, 0.4056263501753861, 0.3502400758170799, 0.3854050749445669]","[-9.54019806726973, -6.252431443677001, -13.30493155404582, -7.000603532979508, -30.55478080262735, -16.0541391421193, -11.82641235702984, -15.19347606993038, -7.474753955929365, -3.678171031496676, -5.638162871077325, -23.72422858354228, -9.35369528093571, -38.43606631132904, -3.816016192776538, -16.41838597507666, -9.401831292462505, -5.332718420553056, -13.26089082900049, -6.23530506864926, -4.052200773119793, -17.38732069955907, -11.81414785566088, -4.036319322819304, -18.78818096340027]","[0.9383095428176791, 0.9607008107218618, 0.988976582084346, 0.9098603892229924, 0.9999656427700001, 0.9983574141031801, 0.9783753632918929, 0.9976983211764439, 0.9683896533494435, 0.9382454881441665, 0.9548102893673487, 0.9980016569537278, 0.9800952982928921, 0.9999649917327033, 0.9261647121381369, 0.9855184100875851, 0.9714907977839108, 0.9581197934297206, 0.9974798330202076, 0.967771746192467, 0.9322114716067973, 0.9947637632010655, 0.980870468788406, 0.9215361431647922, 0.9899055475349308]","[0.04839964289512604, 0.02804787628806105, 0.007598630956820493, 0.07061280360538459, 3.73603531439419e-06, 0.0009250938140490726, 0.01529987190080023, 0.001358683891227991, 0.022586004500595, 0.04470366131892131, 0.03276784474252294, 0.0009226682387035164, 0.01418848895053799, 1.156279631318537e-05, 0.05379873712856897, 0.01037196652993822, 0.02053187225567535, 0.03001614730863083, 0.001407840261118539, 0.02319712370004904, 0.04920455843852722, 0.003446472592166882, 0.01326652651479149, 0.06047960612870201, 0.007090290751527903]","[0.08993497851108198, 0.0510265474783692, 0.01353907743505027, 0.1343469601333635, 6.606229690101909e-06, 0.001637302029853407, 0.02747418855643861, 0.002405747098919471, 0.04086033577964968, 0.08274581829474215, 0.05990433141657486, 0.001633005095807759, 0.0254497391632488, 2.044602894307839e-05, 0.1005378588978819, 0.01853233711566046, 0.03706630707395986, 0.05471816411796945, 0.002492908297948326, 0.04199216660886567, 0.09150805449573747, 0.006115264874676861, 0.02377379110514694, 0.113826613922183, 0.01262685988777995]"
0,0-169,FUBAR,SGMS2,SGMS2_MACACA_MULATTA_ENSMMUT00000103213_ENSMMUP00000071529_ALTERNATIVE,1e-06,"[4, 9, 10, 16, 21, 27, 39, 40, 48, 51, 64, 73, 74, 86, 92, 99, 102, 107, 108, 118, 125, 142, 145, 152, 164]","[9.90539868838927, 6.638407485578903, 13.68410244465362, 7.433348869944573, 30.96497539749305, 16.42364368899342, 12.20771613049763, 15.55089245077811, 7.840582171982225, 4.072116511275855, 6.003336870064388, 24.18404947769066, 9.718020749737276, 38.85077341972757, 4.247064971779869, 16.77611732976976, 9.765858349053248, 5.712719860038229, 13.63265085424597, 6.574036003990683, 4.499509311618641, 17.77088515343239, 12.21977420583627, 4.386559398636384, 19.17358603834484]","[0.3652006211195406, 0.3859760419019019, 0.3791708906077972, 0.4327453369650653, 0.4101945948656994, 0.3695045468741209, 0.3813037734677897, 0.3574163808477328, 0.3658282160528603, 0.3939454797791791, 0.3651739989870619, 0.4598208941483769, 0.3643254688015657, 0.4147071083985416, 0.4310487790033312, 0.3577313546931069, 0.3640270565907434, 0.380001439485173, 0.3717600252454872, 0.3387309353414232, 0.4473085384988477, 0.3835644538733159, 0.4056263501753861, 0.3502400758170799, 0.3854050749445669]","[-9.54019806726973, -6.252431443677001, -13.30493155404582, -7.000603532979508, -30.55478080262735, -16.0541391421193, -11.82641235702984, -15.19347606993038, -7.474753955929365, -3.678171031496676, -5.638162871077325, -23.72422858354228, -9.35369528093571, -38.43606631132904, -3.816016192776538, -16.41838597507666, -9.401831292462505, -5.332718420553056, -13.26089082900049, -6.23530506864926, -4.052200773119793, -17.38732069955907, -11.81414785566088, -4.036319322819304, -18.78818096340027]","[0.9383095428176791, 0.9607008107218618, 0.988976582084346, 0.9098603892229924, 0.9999656427700001, 0.9983574141031801, 0.9783753632918929, 0.9976983211764439, 0.9683896533494435, 0.9382454881441665, 0.9548102893673487, 0.9980016569537278, 0.9800952982928921, 0.9999649917327033, 0.9261647121381369, 0.9855184100875851, 0.9714907977839108, 0.9581197934297206, 0.9974798330202076, 0.967771746192467, 0.9322114716067973, 0.9947637632010655, 0.980870468788406, 0.9215361431647922, 0.9899055475349308]","[0.04839964289512604, 0.02804787628806105, 0.007598630956820493, 0.07061280360538459, 3.73603531439419e-06, 0.0009250938140490726, 0.01529987190080023, 0.001358683891227991, 0.022586004500595, 0.04470366131892131, 0.03276784474252294, 0.0009226682387035164, 0.01418848895053799, 1.156279631318537e-05, 0.05379873712856897, 0.01037196652993822, 0.02053187225567535, 0.03001614730863083, 0.001407840261118539, 0.02319712370004904, 0.04920455843852722, 0.003446472592166882, 0.01326652651479149, 0.06047960612870201, 0.007090290751527903]","[0.08993497851108198, 0.0510265474783692, 0.01353907743505027, 0.1343469601333635, 6.606229690101909e-06, 0.001637302029853407, 0.02747418855643861, 0.002405747098919471, 0.04086033577964968, 0.08274581829474215, 0.05990433141657486, 0.001633005095807759, 0.0254497391632488, 2.044602894307839e-05, 0.1005378588978819, 0.01853233711566046, 0.03706630707395986, 0.05471816411796945, 0.002492908297948326, 0.04199216660886567, 0.09150805449573747, 0.006115264874676861, 0.02377379110514694, 0.113826613922183, 0.01262685988777995]"
0,0-169,FUBAR,SGMS2,SGMS2_MACACA_MULATTA_ENSMMUT00000103881_ENSMMUP00000064324_ALTERNATIVE,1e-06,"[4, 9, 10, 16, 21, 27, 39, 40, 48, 51, 64, 73, 74, 86, 92, 99, 102, 107, 108, 118, 125, 142, 145, 152, 164]","[9.90539868838927, 6.638407485578903, 13.68410244465362, 7.433348869944573, 30.96497539749305, 16.42364368899342, 12.20771613049763, 15.55089245077811, 7.840582171982225, 4.072116511275855, 6.003336870064388, 24.18404947769066, 9.718020749737276, 38.85077341972757, 4.247064971779869, 16.77611732976976, 9.765858349053248, 5.712719860038229, 13.63265085424597, 6.574036003990683, 4.499509311618641, 17.77088515343239, 12.21977420583627, 4.386559398636384, 19.17358603834484]","[0.3652006211195406, 0.3859760419019019, 0.3791708906077972, 0.4327453369650653, 0.4101945948656994, 0.3695045468741209, 0.3813037734677897, 0.3574163808477328, 0.3658282160528603, 0.3939454797791791, 0.3651739989870619, 0.4598208941483769, 0.3643254688015657, 0.4147071083985416, 0.4310487790033312, 0.3577313546931069, 0.3640270565907434, 0.380001439485173, 0.3717600252454872, 0.3387309353414232, 0.4473085384988477, 0.3835644538733159, 0.4056263501753861, 0.3502400758170799, 0.3854050749445669]","[-9.54019806726973, -6.252431443677001, -13.30493155404582, -7.000603532979508, -30.55478080262735, -16.0541391421193, -11.82641235702984, -15.19347606993038, -7.474753955929365, -3.678171031496676, -5.638162871077325, -23.72422858354228, -9.35369528093571, -38.43606631132904, -3.816016192776538, -16.41838597507666, -9.401831292462505, -5.332718420553056, -13.26089082900049, -6.23530506864926, -4.052200773119793, -17.38732069955907, -11.81414785566088, -4.036319322819304, -18.78818096340027]","[0.9383095428176791, 0.9607008107218618, 0.988976582084346, 0.9098603892229924, 0.9999656427700001, 0.9983574141031801, 0.9783753632918929, 0.9976983211764439, 0.9683896533494435, 0.9382454881441665, 0.9548102893673487, 0.9980016569537278, 0.9800952982928921, 0.9999649917327033, 0.9261647121381369, 0.9855184100875851, 0.9714907977839108, 0.9581197934297206, 0.9974798330202076, 0.967771746192467, 0.9322114716067973, 0.9947637632010655, 0.980870468788406, 0.9215361431647922, 0.9899055475349308]","[0.04839964289512604, 0.02804787628806105, 0.007598630956820493, 0.07061280360538459, 3.73603531439419e-06, 0.0009250938140490726, 0.01529987190080023, 0.001358683891227991, 0.022586004500595, 0.04470366131892131, 0.03276784474252294, 0.0009226682387035164, 0.01418848895053799, 1.156279631318537e-05, 0.05379873712856897, 0.01037196652993822, 0.02053187225567535, 0.03001614730863083, 0.001407840261118539, 0.02319712370004904, 0.04920455843852722, 0.003446472592166882, 0.01326652651479149, 0.06047960612870201, 0.007090290751527903]","[0.08993497851108198, 0.0510265474783692, 0.01353907743505027, 0.1343469601333635, 6.606229690101909e-06, 0.001637302029853407, 0.02747418855643861, 0.002405747098919471, 0.04086033577964968, 0.08274581829474215, 0.05990433141657486, 0.001633005095807759, 0.0254497391632488, 2.044602894307839e-05, 0.1005378588978819, 0.01853233711566046, 0.03706630707395986, 0.05471816411796945, 0.002492908297948326, 0.04199216660886567, 0.09150805449573747, 0.006115264874676861, 0.02377379110514694, 0.113826613922183, 0.01262685988777995]"
0,0-169,FUBAR,SGMS2,SGMS2_MACACA_NEMESTRINA_ENSMNET00000046385_ENSMNEP00000022131_CANONICAL,1e-06,"[4, 9, 10, 16, 21, 27, 39, 40, 48, 51, 64, 73, 74, 86, 92, 99, 102, 107, 108, 118, 125, 142, 145, 152, 164]","[9.90539868838927, 6.638407485578903, 13.68410244465362, 7.433348869944573, 30.96497539749305, 16.42364368899342, 12.20771613049763, 15.55089245077811, 7.840582171982225, 4.072116511275855, 6.003336870064388, 24.18404947769066, 9.718020749737276, 38.85077341972757, 4.247064971779869, 16.77611732976976, 9.765858349053248, 5.712719860038229, 13.63265085424597, 6.574036003990683, 4.499509311618641, 17.77088515343239, 12.21977420583627, 4.386559398636384, 19.17358603834484]","[0.3652006211195406, 0.3859760419019019, 0.3791708906077972, 0.4327453369650653, 0.4101945948656994, 0.3695045468741209, 0.3813037734677897, 0.3574163808477328, 0.3658282160528603, 0.3939454797791791, 0.3651739989870619, 0.4598208941483769, 0.3643254688015657, 0.4147071083985416, 0.4310487790033312, 0.3577313546931069, 0.3640270565907434, 0.380001439485173, 0.3717600252454872, 0.3387309353414232, 0.4473085384988477, 0.3835644538733159, 0.4056263501753861, 0.3502400758170799, 0.3854050749445669]","[-9.54019806726973, -6.252431443677001, -13.30493155404582, -7.000603532979508, -30.55478080262735, -16.0541391421193, -11.82641235702984, -15.19347606993038, -7.474753955929365, -3.678171031496676, -5.638162871077325, -23.72422858354228, -9.35369528093571, -38.43606631132904, -3.816016192776538, -16.41838597507666, -9.401831292462505, -5.332718420553056, -13.26089082900049, -6.23530506864926, -4.052200773119793, -17.38732069955907, -11.81414785566088, -4.036319322819304, -18.78818096340027]","[0.9383095428176791, 0.9607008107218618, 0.988976582084346, 0.9098603892229924, 0.9999656427700001, 0.9983574141031801, 0.9783753632918929, 0.9976983211764439, 0.9683896533494435, 0.9382454881441665, 0.9548102893673487, 0.9980016569537278, 0.9800952982928921, 0.9999649917327033, 0.9261647121381369, 0.9855184100875851, 0.9714907977839108, 0.9581197934297206, 0.9974798330202076, 0.967771746192467, 0.9322114716067973, 0.9947637632010655, 0.980870468788406, 0.9215361431647922, 0.9899055475349308]","[0.04839964289512604, 0.02804787628806105, 0.007598630956820493, 0.07061280360538459, 3.73603531439419e-06, 0.0009250938140490726, 0.01529987190080023, 0.001358683891227991, 0.022586004500595, 0.04470366131892131, 0.03276784474252294, 0.0009226682387035164, 0.01418848895053799, 1.156279631318537e-05, 0.05379873712856897, 0.01037196652993822, 0.02053187225567535, 0.03001614730863083, 0.001407840261118539, 0.02319712370004904, 0.04920455843852722, 0.003446472592166882, 0.01326652651479149, 0.06047960612870201, 0.007090290751527903]","[0.08993497851108198, 0.0510265474783692, 0.01353907743505027, 0.1343469601333635, 6.606229690101909e-06, 0.001637302029853407, 0.02747418855643861, 0.002405747098919471, 0.04086033577964968, 0.08274581829474215, 0.05990433141657486, 0.001633005095807759, 0.0254497391632488, 2.044602894307839e-05, 0.1005378588978819, 0.01853233711566046, 0.03706630707395986, 0.05471816411796945, 0.002492908297948326, 0.04199216660886567, 0.09150805449573747, 0.006115264874676861, 0.02377379110514694, 0.113826613922183, 0.01262685988777995]"
0,0-169,FUBAR,SGMS2,SGMS2_MACACA_NEMESTRINA_ENSMNET00000046391_ENSMNEP00000022137_ALTERNATIVE,1e-06,"[4, 9, 10, 16, 21, 27, 39, 40, 48, 51, 64, 73, 74, 86, 92, 99, 102, 107, 108, 118, 125, 142, 145, 152, 164]","[9.90539868838927, 6.638407485578903, 13.68410244465362, 7.433348869944573, 30.96497539749305, 16.42364368899342, 12.20771613049763, 15.55089245077811, 7.840582171982225, 4.072116511275855, 6.003336870064388, 24.18404947769066, 9.718020749737276, 38.85077341972757, 4.247064971779869, 16.77611732976976, 9.765858349053248, 5.712719860038229, 13.63265085424597, 6.574036003990683, 4.499509311618641, 17.77088515343239, 12.21977420583627, 4.386559398636384, 19.17358603834484]","[0.3652006211195406, 0.3859760419019019, 0.3791708906077972, 0.4327453369650653, 0.4101945948656994, 0.3695045468741209, 0.3813037734677897, 0.3574163808477328, 0.3658282160528603, 0.3939454797791791, 0.3651739989870619, 0.4598208941483769, 0.3643254688015657, 0.4147071083985416, 0.4310487790033312, 0.3577313546931069, 0.3640270565907434, 0.380001439485173, 0.3717600252454872, 0.3387309353414232, 0.4473085384988477, 0.3835644538733159, 0.4056263501753861, 0.3502400758170799, 0.3854050749445669]","[-9.54019806726973, -6.252431443677001, -13.30493155404582, -7.000603532979508, -30.55478080262735, -16.0541391421193, -11.82641235702984, -15.19347606993038, -7.474753955929365, -3.678171031496676, -5.638162871077325, -23.72422858354228, -9.35369528093571, -38.43606631132904, -3.816016192776538, -16.41838597507666, -9.401831292462505, -5.332718420553056, -13.26089082900049, -6.23530506864926, -4.052200773119793, -17.38732069955907, -11.81414785566088, -4.036319322819304, -18.78818096340027]","[0.9383095428176791, 0.9607008107218618, 0.988976582084346, 0.9098603892229924, 0.9999656427700001, 0.9983574141031801, 0.9783753632918929, 0.9976983211764439, 0.9683896533494435, 0.9382454881441665, 0.9548102893673487, 0.9980016569537278, 0.9800952982928921, 0.9999649917327033, 0.9261647121381369, 0.9855184100875851, 0.9714907977839108, 0.9581197934297206, 0.9974798330202076, 0.967771746192467, 0.9322114716067973, 0.9947637632010655, 0.980870468788406, 0.9215361431647922, 0.9899055475349308]","[0.04839964289512604, 0.02804787628806105, 0.007598630956820493, 0.07061280360538459, 3.73603531439419e-06, 0.0009250938140490726, 0.01529987190080023, 0.001358683891227991, 0.022586004500595, 0.04470366131892131, 0.03276784474252294, 0.0009226682387035164, 0.01418848895053799, 1.156279631318537e-05, 0.05379873712856897, 0.01037196652993822, 0.02053187225567535, 0.03001614730863083, 0.001407840261118539, 0.02319712370004904, 0.04920455843852722, 0.003446472592166882, 0.01326652651479149, 0.06047960612870201, 0.007090290751527903]","[0.08993497851108198, 0.0510265474783692, 0.01353907743505027, 0.1343469601333635, 6.606229690101909e-06, 0.001637302029853407, 0.02747418855643861, 0.002405747098919471, 0.04086033577964968, 0.08274581829474215, 0.05990433141657486, 0.001633005095807759, 0.0254497391632488, 2.044602894307839e-05, 0.1005378588978819, 0.01853233711566046, 0.03706630707395986, 0.05471816411796945, 0.002492908297948326, 0.04199216660886567, 0.09150805449573747, 0.006115264874676861, 0.02377379110514694, 0.113826613922183, 0.01262685988777995]"
0,0-169,FUBAR,SGMS2,SGMS2_MICROCEBUS_MURINUS_ENSMICT00000008734_ENSMICP00000007954_CANONICAL,0.07519121669221057,"[4, 9, 10, 16, 21, 27, 39, 40, 48, 51, 64, 73, 74, 86, 92, 99, 102, 107, 108, 118, 125, 142, 145, 152, 164]","[9.90539868838927, 6.638407485578903, 13.68410244465362, 7.433348869944573, 30.96497539749305, 16.42364368899342, 12.20771613049763, 15.55089245077811, 7.840582171982225, 4.072116511275855, 6.003336870064388, 24.18404947769066, 9.718020749737276, 38.85077341972757, 4.247064971779869, 16.77611732976976, 9.765858349053248, 5.712719860038229, 13.63265085424597, 6.574036003990683, 4.499509311618641, 17.77088515343239, 12.21977420583627, 4.386559398636384, 19.17358603834484]","[0.3652006211195406, 0.3859760419019019, 0.3791708906077972, 0.4327453369650653, 0.4101945948656994, 0.3695045468741209, 0.3813037734677897, 0.3574163808477328, 0.3658282160528603, 0.3939454797791791, 0.3651739989870619, 0.4598208941483769, 0.3643254688015657, 0.4147071083985416, 0.4310487790033312, 0.3577313546931069, 0.3640270565907434, 0.380001439485173, 0.3717600252454872, 0.3387309353414232, 0.4473085384988477, 0.3835644538733159, 0.4056263501753861, 0.3502400758170799, 0.3854050749445669]","[-9.54019806726973, -6.252431443677001, -13.30493155404582, -7.000603532979508, -30.55478080262735, -16.0541391421193, -11.82641235702984, -15.19347606993038, -7.474753955929365, -3.678171031496676, -5.638162871077325, -23.72422858354228, -9.35369528093571, -38.43606631132904, -3.816016192776538, -16.41838597507666, -9.401831292462505, -5.332718420553056, -13.26089082900049, -6.23530506864926, -4.052200773119793, -17.38732069955907, -11.81414785566088, -4.036319322819304, -18.78818096340027]","[0.9383095428176791, 0.9607008107218618, 0.988976582084346, 0.9098603892229924, 0.9999656427700001, 0.9983574141031801, 0.9783753632918929, 0.9976983211764439, 0.9683896533494435, 0.9382454881441665, 0.9548102893673487, 0.9980016569537278, 0.9800952982928921, 0.9999649917327033, 0.9261647121381369, 0.9855184100875851, 0.9714907977839108, 0.9581197934297206, 0.9974798330202076, 0.967771746192467, 0.9322114716067973, 0.9947637632010655, 0.980870468788406, 0.9215361431647922, 0.9899055475349308]","[0.04839964289512604, 0.02804787628806105, 0.007598630956820493, 0.07061280360538459, 3.73603531439419e-06, 0.0009250938140490726, 0.01529987190080023, 0.001358683891227991, 0.022586004500595, 0.04470366131892131, 0.03276784474252294, 0.0009226682387035164, 0.01418848895053799, 1.156279631318537e-05, 0.05379873712856897, 0.01037196652993822, 0.02053187225567535, 0.03001614730863083, 0.001407840261118539, 0.02319712370004904, 0.04920455843852722, 0.003446472592166882, 0.01326652651479149, 0.06047960612870201, 0.007090290751527903]","[0.08993497851108198, 0.0510265474783692, 0.01353907743505027, 0.1343469601333635, 6.606229690101909e-06, 0.001637302029853407, 0.02747418855643861, 0.002405747098919471, 0.04086033577964968, 0.08274581829474215, 0.05990433141657486, 0.001633005095807759, 0.0254497391632488, 2.044602894307839e-05, 0.1005378588978819, 0.01853233711566046, 0.03706630707395986, 0.05471816411796945, 0.002492908297948326, 0.04199216660886567, 0.09150805449573747, 0.006115264874676861, 0.02377379110514694, 0.113826613922183, 0.01262685988777995]"
0,0-169,FUBAR,SGMS2,SGMS2_NOMASCUS_LEUCOGENYS_ENSNLET00000016561_ENSNLEP00000015760_CANONICAL,0.007900913763567068,"[4, 9, 10, 16, 21, 27, 39, 40, 48, 51, 64, 73, 74, 86, 92, 99, 102, 107, 108, 118, 125, 142, 145, 152, 164]","[9.90539868838927, 6.638407485578903, 13.68410244465362, 7.433348869944573, 30.96497539749305, 16.42364368899342, 12.20771613049763, 15.55089245077811, 7.840582171982225, 4.072116511275855, 6.003336870064388, 24.18404947769066, 9.718020749737276, 38.85077341972757, 4.247064971779869, 16.77611732976976, 9.765858349053248, 5.712719860038229, 13.63265085424597, 6.574036003990683, 4.499509311618641, 17.77088515343239, 12.21977420583627, 4.386559398636384, 19.17358603834484]","[0.3652006211195406, 0.3859760419019019, 0.3791708906077972, 0.4327453369650653, 0.4101945948656994, 0.3695045468741209, 0.3813037734677897, 0.3574163808477328, 0.3658282160528603, 0.3939454797791791, 0.3651739989870619, 0.4598208941483769, 0.3643254688015657, 0.4147071083985416, 0.4310487790033312, 0.3577313546931069, 0.3640270565907434, 0.380001439485173, 0.3717600252454872, 0.3387309353414232, 0.4473085384988477, 0.3835644538733159, 0.4056263501753861, 0.3502400758170799, 0.3854050749445669]","[-9.54019806726973, -6.252431443677001, -13.30493155404582, -7.000603532979508, -30.55478080262735, -16.0541391421193, -11.82641235702984, -15.19347606993038, -7.474753955929365, -3.678171031496676, -5.638162871077325, -23.72422858354228, -9.35369528093571, -38.43606631132904, -3.816016192776538, -16.41838597507666, -9.401831292462505, -5.332718420553056, -13.26089082900049, -6.23530506864926, -4.052200773119793, -17.38732069955907, -11.81414785566088, -4.036319322819304, -18.78818096340027]","[0.9383095428176791, 0.9607008107218618, 0.988976582084346, 0.9098603892229924, 0.9999656427700001, 0.9983574141031801, 0.9783753632918929, 0.9976983211764439, 0.9683896533494435, 0.9382454881441665, 0.9548102893673487, 0.9980016569537278, 0.9800952982928921, 0.9999649917327033, 0.9261647121381369, 0.9855184100875851, 0.9714907977839108, 0.9581197934297206, 0.9974798330202076, 0.967771746192467, 0.9322114716067973, 0.9947637632010655, 0.980870468788406, 0.9215361431647922, 0.9899055475349308]","[0.04839964289512604, 0.02804787628806105, 0.007598630956820493, 0.07061280360538459, 3.73603531439419e-06, 0.0009250938140490726, 0.01529987190080023, 0.001358683891227991, 0.022586004500595, 0.04470366131892131, 0.03276784474252294, 0.0009226682387035164, 0.01418848895053799, 1.156279631318537e-05, 0.05379873712856897, 0.01037196652993822, 0.02053187225567535, 0.03001614730863083, 0.001407840261118539, 0.02319712370004904, 0.04920455843852722, 0.003446472592166882, 0.01326652651479149, 0.06047960612870201, 0.007090290751527903]","[0.08993497851108198, 0.0510265474783692, 0.01353907743505027, 0.1343469601333635, 6.606229690101909e-06, 0.001637302029853407, 0.02747418855643861, 0.002405747098919471, 0.04086033577964968, 0.08274581829474215, 0.05990433141657486, 0.001633005095807759, 0.0254497391632488, 2.044602894307839e-05, 0.1005378588978819, 0.01853233711566046, 0.03706630707395986, 0.05471816411796945, 0.002492908297948326, 0.04199216660886567, 0.09150805449573747, 0.006115264874676861, 0.02377379110514694, 0.113826613922183, 0.01262685988777995]"
0,0-169,FUBAR,SGMS2,SGMS2_PAN_PANISCUS_ENSPPAT00000059670_ENSPPAP00000036776_CANONICAL,1e-06,"[4, 9, 10, 16, 21, 27, 39, 40, 48, 51, 64, 73, 74, 86, 92, 99, 102, 107, 108, 118, 125, 142, 145, 152, 164]","[9.90539868838927, 6.638407485578903, 13.68410244465362, 7.433348869944573, 30.96497539749305, 16.42364368899342, 12.20771613049763, 15.55089245077811, 7.840582171982225, 4.072116511275855, 6.003336870064388, 24.18404947769066, 9.718020749737276, 38.85077341972757, 4.247064971779869, 16.77611732976976, 9.765858349053248, 5.712719860038229, 13.63265085424597, 6.574036003990683, 4.499509311618641, 17.77088515343239, 12.21977420583627, 4.386559398636384, 19.17358603834484]","[0.3652006211195406, 0.3859760419019019, 0.3791708906077972, 0.4327453369650653, 0.4101945948656994, 0.3695045468741209, 0.3813037734677897, 0.3574163808477328, 0.3658282160528603, 0.3939454797791791, 0.3651739989870619, 0.4598208941483769, 0.3643254688015657, 0.4147071083985416, 0.4310487790033312, 0.3577313546931069, 0.3640270565907434, 0.380001439485173, 0.3717600252454872, 0.3387309353414232, 0.4473085384988477, 0.3835644538733159, 0.4056263501753861, 0.3502400758170799, 0.3854050749445669]","[-9.54019806726973, -6.252431443677001, -13.30493155404582, -7.000603532979508, -30.55478080262735, -16.0541391421193, -11.82641235702984, -15.19347606993038, -7.474753955929365, -3.678171031496676, -5.638162871077325, -23.72422858354228, -9.35369528093571, -38.43606631132904, -3.816016192776538, -16.41838597507666, -9.401831292462505, -5.332718420553056, -13.26089082900049, -6.23530506864926, -4.052200773119793, -17.38732069955907, -11.81414785566088, -4.036319322819304, -18.78818096340027]","[0.9383095428176791, 0.9607008107218618, 0.988976582084346, 0.9098603892229924, 0.9999656427700001, 0.9983574141031801, 0.9783753632918929, 0.9976983211764439, 0.9683896533494435, 0.9382454881441665, 0.9548102893673487, 0.9980016569537278, 0.9800952982928921, 0.9999649917327033, 0.9261647121381369, 0.9855184100875851, 0.9714907977839108, 0.9581197934297206, 0.9974798330202076, 0.967771746192467, 0.9322114716067973, 0.9947637632010655, 0.980870468788406, 0.9215361431647922, 0.9899055475349308]","[0.04839964289512604, 0.02804787628806105, 0.007598630956820493, 0.07061280360538459, 3.73603531439419e-06, 0.0009250938140490726, 0.01529987190080023, 0.001358683891227991, 0.022586004500595, 0.04470366131892131, 0.03276784474252294, 0.0009226682387035164, 0.01418848895053799, 1.156279631318537e-05, 0.05379873712856897, 0.01037196652993822, 0.02053187225567535, 0.03001614730863083, 0.001407840261118539, 0.02319712370004904, 0.04920455843852722, 0.003446472592166882, 0.01326652651479149, 0.06047960612870201, 0.007090290751527903]","[0.08993497851108198, 0.0510265474783692, 0.01353907743505027, 0.1343469601333635, 6.606229690101909e-06, 0.001637302029853407, 0.02747418855643861, 0.002405747098919471, 0.04086033577964968, 0.08274581829474215, 0.05990433141657486, 0.001633005095807759, 0.0254497391632488, 2.044602894307839e-05, 0.1005378588978819, 0.01853233711566046, 0.03706630707395986, 0.05471816411796945, 0.002492908297948326, 0.04199216660886567, 0.09150805449573747, 0.006115264874676861, 0.02377379110514694, 0.113826613922183, 0.01262685988777995]"
0,0-169,FUBAR,SGMS2,SGMS2_PAN_TROGLODYTES_ENSPTRT00000078567_ENSPTRP00000065895_CANONICAL,0.001962040945026746,"[4, 9, 10, 16, 21, 27, 39, 40, 48, 51, 64, 73, 74, 86, 92, 99, 102, 107, 108, 118, 125, 142, 145, 152, 164]","[9.90539868838927, 6.638407485578903, 13.68410244465362, 7.433348869944573, 30.96497539749305, 16.42364368899342, 12.20771613049763, 15.55089245077811, 7.840582171982225, 4.072116511275855, 6.003336870064388, 24.18404947769066, 9.718020749737276, 38.85077341972757, 4.247064971779869, 16.77611732976976, 9.765858349053248, 5.712719860038229, 13.63265085424597, 6.574036003990683, 4.499509311618641, 17.77088515343239, 12.21977420583627, 4.386559398636384, 19.17358603834484]","[0.3652006211195406, 0.3859760419019019, 0.3791708906077972, 0.4327453369650653, 0.4101945948656994, 0.3695045468741209, 0.3813037734677897, 0.3574163808477328, 0.3658282160528603, 0.3939454797791791, 0.3651739989870619, 0.4598208941483769, 0.3643254688015657, 0.4147071083985416, 0.4310487790033312, 0.3577313546931069, 0.3640270565907434, 0.380001439485173, 0.3717600252454872, 0.3387309353414232, 0.4473085384988477, 0.3835644538733159, 0.4056263501753861, 0.3502400758170799, 0.3854050749445669]","[-9.54019806726973, -6.252431443677001, -13.30493155404582, -7.000603532979508, -30.55478080262735, -16.0541391421193, -11.82641235702984, -15.19347606993038, -7.474753955929365, -3.678171031496676, -5.638162871077325, -23.72422858354228, -9.35369528093571, -38.43606631132904, -3.816016192776538, -16.41838597507666, -9.401831292462505, -5.332718420553056, -13.26089082900049, -6.23530506864926, -4.052200773119793, -17.38732069955907, -11.81414785566088, -4.036319322819304, -18.78818096340027]","[0.9383095428176791, 0.9607008107218618, 0.988976582084346, 0.9098603892229924, 0.9999656427700001, 0.9983574141031801, 0.9783753632918929, 0.9976983211764439, 0.9683896533494435, 0.9382454881441665, 0.9548102893673487, 0.9980016569537278, 0.9800952982928921, 0.9999649917327033, 0.9261647121381369, 0.9855184100875851, 0.9714907977839108, 0.9581197934297206, 0.9974798330202076, 0.967771746192467, 0.9322114716067973, 0.9947637632010655, 0.980870468788406, 0.9215361431647922, 0.9899055475349308]","[0.04839964289512604, 0.02804787628806105, 0.007598630956820493, 0.07061280360538459, 3.73603531439419e-06, 0.0009250938140490726, 0.01529987190080023, 0.001358683891227991, 0.022586004500595, 0.04470366131892131, 0.03276784474252294, 0.0009226682387035164, 0.01418848895053799, 1.156279631318537e-05, 0.05379873712856897, 0.01037196652993822, 0.02053187225567535, 0.03001614730863083, 0.001407840261118539, 0.02319712370004904, 0.04920455843852722, 0.003446472592166882, 0.01326652651479149, 0.06047960612870201, 0.007090290751527903]","[0.08993497851108198, 0.0510265474783692, 0.01353907743505027, 0.1343469601333635, 6.606229690101909e-06, 0.001637302029853407, 0.02747418855643861, 0.002405747098919471, 0.04086033577964968, 0.08274581829474215, 0.05990433141657486, 0.001633005095807759, 0.0254497391632488, 2.044602894307839e-05, 0.1005378588978819, 0.01853233711566046, 0.03706630707395986, 0.05471816411796945, 0.002492908297948326, 0.04199216660886567, 0.09150805449573747, 0.006115264874676861, 0.02377379110514694, 0.113826613922183, 0.01262685988777995]"
0,0-169,FUBAR,SGMS2,SGMS2_PAPIO_ANUBIS_ENSPANT00000021629_ENSPANP00000008934_CANONICAL,1e-06,"[4, 9, 10, 16, 21, 27, 39, 40, 48, 51, 64, 73, 74, 86, 92, 99, 102, 107, 108, 118, 125, 142, 145, 152, 164]","[9.90539868838927, 6.638407485578903, 13.68410244465362, 7.433348869944573, 30.96497539749305, 16.42364368899342, 12.20771613049763, 15.55089245077811, 7.840582171982225, 4.072116511275855, 6.003336870064388, 24.18404947769066, 9.718020749737276, 38.85077341972757, 4.247064971779869, 16.77611732976976, 9.765858349053248, 5.712719860038229, 13.63265085424597, 6.574036003990683, 4.499509311618641, 17.77088515343239, 12.21977420583627, 4.386559398636384, 19.17358603834484]","[0.3652006211195406, 0.3859760419019019, 0.3791708906077972, 0.4327453369650653, 0.4101945948656994, 0.3695045468741209, 0.3813037734677897, 0.3574163808477328, 0.3658282160528603, 0.3939454797791791, 0.3651739989870619, 0.4598208941483769, 0.3643254688015657, 0.4147071083985416, 0.4310487790033312, 0.3577313546931069, 0.3640270565907434, 0.380001439485173, 0.3717600252454872, 0.3387309353414232, 0.4473085384988477, 0.3835644538733159, 0.4056263501753861, 0.3502400758170799, 0.3854050749445669]","[-9.54019806726973, -6.252431443677001, -13.30493155404582, -7.000603532979508, -30.55478080262735, -16.0541391421193, -11.82641235702984, -15.19347606993038, -7.474753955929365, -3.678171031496676, -5.638162871077325, -23.72422858354228, -9.35369528093571, -38.43606631132904, -3.816016192776538, -16.41838597507666, -9.401831292462505, -5.332718420553056, -13.26089082900049, -6.23530506864926, -4.052200773119793, -17.38732069955907, -11.81414785566088, -4.036319322819304, -18.78818096340027]","[0.9383095428176791, 0.9607008107218618, 0.988976582084346, 0.9098603892229924, 0.9999656427700001, 0.9983574141031801, 0.9783753632918929, 0.9976983211764439, 0.9683896533494435, 0.9382454881441665, 0.9548102893673487, 0.9980016569537278, 0.9800952982928921, 0.9999649917327033, 0.9261647121381369, 0.9855184100875851, 0.9714907977839108, 0.9581197934297206, 0.9974798330202076, 0.967771746192467, 0.9322114716067973, 0.9947637632010655, 0.980870468788406, 0.9215361431647922, 0.9899055475349308]","[0.04839964289512604, 0.02804787628806105, 0.007598630956820493, 0.07061280360538459, 3.73603531439419e-06, 0.0009250938140490726, 0.01529987190080023, 0.001358683891227991, 0.022586004500595, 0.04470366131892131, 0.03276784474252294, 0.0009226682387035164, 0.01418848895053799, 1.156279631318537e-05, 0.05379873712856897, 0.01037196652993822, 0.02053187225567535, 0.03001614730863083, 0.001407840261118539, 0.02319712370004904, 0.04920455843852722, 0.003446472592166882, 0.01326652651479149, 0.06047960612870201, 0.007090290751527903]","[0.08993497851108198, 0.0510265474783692, 0.01353907743505027, 0.1343469601333635, 6.606229690101909e-06, 0.001637302029853407, 0.02747418855643861, 0.002405747098919471, 0.04086033577964968, 0.08274581829474215, 0.05990433141657486, 0.001633005095807759, 0.0254497391632488, 2.044602894307839e-05, 0.1005378588978819, 0.01853233711566046, 0.03706630707395986, 0.05471816411796945, 0.002492908297948326, 0.04199216660886567, 0.09150805449573747, 0.006115264874676861, 0.02377379110514694, 0.113826613922183, 0.01262685988777995]"
0,0-169,FUBAR,SGMS2,SGMS2_PONGO_ABELII_ENSPPYT00000017414_ENSPPYP00000016735_CANONICAL,0.005909470134572451,"[4, 9, 10, 16, 21, 27, 39, 40, 48, 51, 64, 73, 74, 86, 92, 99, 102, 107, 108, 118, 125, 142, 145, 152, 164]","[9.90539868838927, 6.638407485578903, 13.68410244465362, 7.433348869944573, 30.96497539749305, 16.42364368899342, 12.20771613049763, 15.55089245077811, 7.840582171982225, 4.072116511275855, 6.003336870064388, 24.18404947769066, 9.718020749737276, 38.85077341972757, 4.247064971779869, 16.77611732976976, 9.765858349053248, 5.712719860038229, 13.63265085424597, 6.574036003990683, 4.499509311618641, 17.77088515343239, 12.21977420583627, 4.386559398636384, 19.17358603834484]","[0.3652006211195406, 0.3859760419019019, 0.3791708906077972, 0.4327453369650653, 0.4101945948656994, 0.3695045468741209, 0.3813037734677897, 0.3574163808477328, 0.3658282160528603, 0.3939454797791791, 0.3651739989870619, 0.4598208941483769, 0.3643254688015657, 0.4147071083985416, 0.4310487790033312, 0.3577313546931069, 0.3640270565907434, 0.380001439485173, 0.3717600252454872, 0.3387309353414232, 0.4473085384988477, 0.3835644538733159, 0.4056263501753861, 0.3502400758170799, 0.3854050749445669]","[-9.54019806726973, -6.252431443677001, -13.30493155404582, -7.000603532979508, -30.55478080262735, -16.0541391421193, -11.82641235702984, -15.19347606993038, -7.474753955929365, -3.678171031496676, -5.638162871077325, -23.72422858354228, -9.35369528093571, -38.43606631132904, -3.816016192776538, -16.41838597507666, -9.401831292462505, -5.332718420553056, -13.26089082900049, -6.23530506864926, -4.052200773119793, -17.38732069955907, -11.81414785566088, -4.036319322819304, -18.78818096340027]","[0.9383095428176791, 0.9607008107218618, 0.988976582084346, 0.9098603892229924, 0.9999656427700001, 0.9983574141031801, 0.9783753632918929, 0.9976983211764439, 0.9683896533494435, 0.9382454881441665, 0.9548102893673487, 0.9980016569537278, 0.9800952982928921, 0.9999649917327033, 0.9261647121381369, 0.9855184100875851, 0.9714907977839108, 0.9581197934297206, 0.9974798330202076, 0.967771746192467, 0.9322114716067973, 0.9947637632010655, 0.980870468788406, 0.9215361431647922, 0.9899055475349308]","[0.04839964289512604, 0.02804787628806105, 0.007598630956820493, 0.07061280360538459, 3.73603531439419e-06, 0.0009250938140490726, 0.01529987190080023, 0.001358683891227991, 0.022586004500595, 0.04470366131892131, 0.03276784474252294, 0.0009226682387035164, 0.01418848895053799, 1.156279631318537e-05, 0.05379873712856897, 0.01037196652993822, 0.02053187225567535, 0.03001614730863083, 0.001407840261118539, 0.02319712370004904, 0.04920455843852722, 0.003446472592166882, 0.01326652651479149, 0.06047960612870201, 0.007090290751527903]","[0.08993497851108198, 0.0510265474783692, 0.01353907743505027, 0.1343469601333635, 6.606229690101909e-06, 0.001637302029853407, 0.02747418855643861, 0.002405747098919471, 0.04086033577964968, 0.08274581829474215, 0.05990433141657486, 0.001633005095807759, 0.0254497391632488, 2.044602894307839e-05, 0.1005378588978819, 0.01853233711566046, 0.03706630707395986, 0.05471816411796945, 0.002492908297948326, 0.04199216660886567, 0.09150805449573747, 0.006115264874676861, 0.02377379110514694, 0.113826613922183, 0.01262685988777995]"
0,0-169,FUBAR,SGMS2,SGMS2_PROPITHECUS_COQUERELI_ENSPCOT00000002844_ENSPCOP00000000789_CANONICAL,0.01688469905876042,"[4, 9, 10, 16, 21, 27, 39, 40, 48, 51, 64, 73, 74, 86, 92, 99, 102, 107, 108, 118, 125, 142, 145, 152, 164]","[9.90539868838927, 6.638407485578903, 13.68410244465362, 7.433348869944573, 30.96497539749305, 16.42364368899342, 12.20771613049763, 15.55089245077811, 7.840582171982225, 4.072116511275855, 6.003336870064388, 24.18404947769066, 9.718020749737276, 38.85077341972757, 4.247064971779869, 16.77611732976976, 9.765858349053248, 5.712719860038229, 13.63265085424597, 6.574036003990683, 4.499509311618641, 17.77088515343239, 12.21977420583627, 4.386559398636384, 19.17358603834484]","[0.3652006211195406, 0.3859760419019019, 0.3791708906077972, 0.4327453369650653, 0.4101945948656994, 0.3695045468741209, 0.3813037734677897, 0.3574163808477328, 0.3658282160528603, 0.3939454797791791, 0.3651739989870619, 0.4598208941483769, 0.3643254688015657, 0.4147071083985416, 0.4310487790033312, 0.3577313546931069, 0.3640270565907434, 0.380001439485173, 0.3717600252454872, 0.3387309353414232, 0.4473085384988477, 0.3835644538733159, 0.4056263501753861, 0.3502400758170799, 0.3854050749445669]","[-9.54019806726973, -6.252431443677001, -13.30493155404582, -7.000603532979508, -30.55478080262735, -16.0541391421193, -11.82641235702984, -15.19347606993038, -7.474753955929365, -3.678171031496676, -5.638162871077325, -23.72422858354228, -9.35369528093571, -38.43606631132904, -3.816016192776538, -16.41838597507666, -9.401831292462505, -5.332718420553056, -13.26089082900049, -6.23530506864926, -4.052200773119793, -17.38732069955907, -11.81414785566088, -4.036319322819304, -18.78818096340027]","[0.9383095428176791, 0.9607008107218618, 0.988976582084346, 0.9098603892229924, 0.9999656427700001, 0.9983574141031801, 0.9783753632918929, 0.9976983211764439, 0.9683896533494435, 0.9382454881441665, 0.9548102893673487, 0.9980016569537278, 0.9800952982928921, 0.9999649917327033, 0.9261647121381369, 0.9855184100875851, 0.9714907977839108, 0.9581197934297206, 0.9974798330202076, 0.967771746192467, 0.9322114716067973, 0.9947637632010655, 0.980870468788406, 0.9215361431647922, 0.9899055475349308]","[0.04839964289512604, 0.02804787628806105, 0.007598630956820493, 0.07061280360538459, 3.73603531439419e-06, 0.0009250938140490726, 0.01529987190080023, 0.001358683891227991, 0.022586004500595, 0.04470366131892131, 0.03276784474252294, 0.0009226682387035164, 0.01418848895053799, 1.156279631318537e-05, 0.05379873712856897, 0.01037196652993822, 0.02053187225567535, 0.03001614730863083, 0.001407840261118539, 0.02319712370004904, 0.04920455843852722, 0.003446472592166882, 0.01326652651479149, 0.06047960612870201, 0.007090290751527903]","[0.08993497851108198, 0.0510265474783692, 0.01353907743505027, 0.1343469601333635, 6.606229690101909e-06, 0.001637302029853407, 0.02747418855643861, 0.002405747098919471, 0.04086033577964968, 0.08274581829474215, 0.05990433141657486, 0.001633005095807759, 0.0254497391632488, 2.044602894307839e-05, 0.1005378588978819, 0.01853233711566046, 0.03706630707395986, 0.05471816411796945, 0.002492908297948326, 0.04199216660886567, 0.09150805449573747, 0.006115264874676861, 0.02377379110514694, 0.113826613922183, 0.01262685988777995]"
0,0-169,FUBAR,SGMS2,SGMS2_SAIMIRI_BOLIVIENSIS_BOLIVIENSIS_ENSSBOT00000034197_ENSSBOP00000017385_CANONICAL,1e-06,"[4, 9, 10, 16, 21, 27, 39, 40, 48, 51, 64, 73, 74, 86, 92, 99, 102, 107, 108, 118, 125, 142, 145, 152, 164]","[9.90539868838927, 6.638407485578903, 13.68410244465362, 7.433348869944573, 30.96497539749305, 16.42364368899342, 12.20771613049763, 15.55089245077811, 7.840582171982225, 4.072116511275855, 6.003336870064388, 24.18404947769066, 9.718020749737276, 38.85077341972757, 4.247064971779869, 16.77611732976976, 9.765858349053248, 5.712719860038229, 13.63265085424597, 6.574036003990683, 4.499509311618641, 17.77088515343239, 12.21977420583627, 4.386559398636384, 19.17358603834484]","[0.3652006211195406, 0.3859760419019019, 0.3791708906077972, 0.4327453369650653, 0.4101945948656994, 0.3695045468741209, 0.3813037734677897, 0.3574163808477328, 0.3658282160528603, 0.3939454797791791, 0.3651739989870619, 0.4598208941483769, 0.3643254688015657, 0.4147071083985416, 0.4310487790033312, 0.3577313546931069, 0.3640270565907434, 0.380001439485173, 0.3717600252454872, 0.3387309353414232, 0.4473085384988477, 0.3835644538733159, 0.4056263501753861, 0.3502400758170799, 0.3854050749445669]","[-9.54019806726973, -6.252431443677001, -13.30493155404582, -7.000603532979508, -30.55478080262735, -16.0541391421193, -11.82641235702984, -15.19347606993038, -7.474753955929365, -3.678171031496676, -5.638162871077325, -23.72422858354228, -9.35369528093571, -38.43606631132904, -3.816016192776538, -16.41838597507666, -9.401831292462505, -5.332718420553056, -13.26089082900049, -6.23530506864926, -4.052200773119793, -17.38732069955907, -11.81414785566088, -4.036319322819304, -18.78818096340027]","[0.9383095428176791, 0.9607008107218618, 0.988976582084346, 0.9098603892229924, 0.9999656427700001, 0.9983574141031801, 0.9783753632918929, 0.9976983211764439, 0.9683896533494435, 0.9382454881441665, 0.9548102893673487, 0.9980016569537278, 0.9800952982928921, 0.9999649917327033, 0.9261647121381369, 0.9855184100875851, 0.9714907977839108, 0.9581197934297206, 0.9974798330202076, 0.967771746192467, 0.9322114716067973, 0.9947637632010655, 0.980870468788406, 0.9215361431647922, 0.9899055475349308]","[0.04839964289512604, 0.02804787628806105, 0.007598630956820493, 0.07061280360538459, 3.73603531439419e-06, 0.0009250938140490726, 0.01529987190080023, 0.001358683891227991, 0.022586004500595, 0.04470366131892131, 0.03276784474252294, 0.0009226682387035164, 0.01418848895053799, 1.156279631318537e-05, 0.05379873712856897, 0.01037196652993822, 0.02053187225567535, 0.03001614730863083, 0.001407840261118539, 0.02319712370004904, 0.04920455843852722, 0.003446472592166882, 0.01326652651479149, 0.06047960612870201, 0.007090290751527903]","[0.08993497851108198, 0.0510265474783692, 0.01353907743505027, 0.1343469601333635, 6.606229690101909e-06, 0.001637302029853407, 0.02747418855643861, 0.002405747098919471, 0.04086033577964968, 0.08274581829474215, 0.05990433141657486, 0.001633005095807759, 0.0254497391632488, 2.044602894307839e-05, 0.1005378588978819, 0.01853233711566046, 0.03706630707395986, 0.05471816411796945, 0.002492908297948326, 0.04199216660886567, 0.09150805449573747, 0.006115264874676861, 0.02377379110514694, 0.113826613922183, 0.01262685988777995]"
0,0-169,FUBAR,SGMS2,SGMS2_SAIMIRI_BOLIVIENSIS_BOLIVIENSIS_ENSSBOT00000034202_ENSSBOP00000017389_ALTERNATIVE,1e-06,"[4, 9, 10, 16, 21, 27, 39, 40, 48, 51, 64, 73, 74, 86, 92, 99, 102, 107, 108, 118, 125, 142, 145, 152, 164]","[9.90539868838927, 6.638407485578903, 13.68410244465362, 7.433348869944573, 30.96497539749305, 16.42364368899342, 12.20771613049763, 15.55089245077811, 7.840582171982225, 4.072116511275855, 6.003336870064388, 24.18404947769066, 9.718020749737276, 38.85077341972757, 4.247064971779869, 16.77611732976976, 9.765858349053248, 5.712719860038229, 13.63265085424597, 6.574036003990683, 4.499509311618641, 17.77088515343239, 12.21977420583627, 4.386559398636384, 19.17358603834484]","[0.3652006211195406, 0.3859760419019019, 0.3791708906077972, 0.4327453369650653, 0.4101945948656994, 0.3695045468741209, 0.3813037734677897, 0.3574163808477328, 0.3658282160528603, 0.3939454797791791, 0.3651739989870619, 0.4598208941483769, 0.3643254688015657, 0.4147071083985416, 0.4310487790033312, 0.3577313546931069, 0.3640270565907434, 0.380001439485173, 0.3717600252454872, 0.3387309353414232, 0.4473085384988477, 0.3835644538733159, 0.4056263501753861, 0.3502400758170799, 0.3854050749445669]","[-9.54019806726973, -6.252431443677001, -13.30493155404582, -7.000603532979508, -30.55478080262735, -16.0541391421193, -11.82641235702984, -15.19347606993038, -7.474753955929365, -3.678171031496676, -5.638162871077325, -23.72422858354228, -9.35369528093571, -38.43606631132904, -3.816016192776538, -16.41838597507666, -9.401831292462505, -5.332718420553056, -13.26089082900049, -6.23530506864926, -4.052200773119793, -17.38732069955907, -11.81414785566088, -4.036319322819304, -18.78818096340027]","[0.9383095428176791, 0.9607008107218618, 0.988976582084346, 0.9098603892229924, 0.9999656427700001, 0.9983574141031801, 0.9783753632918929, 0.9976983211764439, 0.9683896533494435, 0.9382454881441665, 0.9548102893673487, 0.9980016569537278, 0.9800952982928921, 0.9999649917327033, 0.9261647121381369, 0.9855184100875851, 0.9714907977839108, 0.9581197934297206, 0.9974798330202076, 0.967771746192467, 0.9322114716067973, 0.9947637632010655, 0.980870468788406, 0.9215361431647922, 0.9899055475349308]","[0.04839964289512604, 0.02804787628806105, 0.007598630956820493, 0.07061280360538459, 3.73603531439419e-06, 0.0009250938140490726, 0.01529987190080023, 0.001358683891227991, 0.022586004500595, 0.04470366131892131, 0.03276784474252294, 0.0009226682387035164, 0.01418848895053799, 1.156279631318537e-05, 0.05379873712856897, 0.01037196652993822, 0.02053187225567535, 0.03001614730863083, 0.001407840261118539, 0.02319712370004904, 0.04920455843852722, 0.003446472592166882, 0.01326652651479149, 0.06047960612870201, 0.007090290751527903]","[0.08993497851108198, 0.0510265474783692, 0.01353907743505027, 0.1343469601333635, 6.606229690101909e-06, 0.001637302029853407, 0.02747418855643861, 0.002405747098919471, 0.04086033577964968, 0.08274581829474215, 0.05990433141657486, 0.001633005095807759, 0.0254497391632488, 2.044602894307839e-05, 0.1005378588978819, 0.01853233711566046, 0.03706630707395986, 0.05471816411796945, 0.002492908297948326, 0.04199216660886567, 0.09150805449573747, 0.006115264874676861, 0.02377379110514694, 0.113826613922183, 0.01262685988777995]"
0,0-169,FUBAR,SGMS2,SGMS2_SAIMIRI_BOLIVIENSIS_BOLIVIENSIS_ENSSBOT00000034205_ENSSBOP00000017393_ALTERNATIVE,1e-06,"[4, 9, 10, 16, 21, 27, 39, 40, 48, 51, 64, 73, 74, 86, 92, 99, 102, 107, 108, 118, 125, 142, 145, 152, 164]","[9.90539868838927, 6.638407485578903, 13.68410244465362, 7.433348869944573, 30.96497539749305, 16.42364368899342, 12.20771613049763, 15.55089245077811, 7.840582171982225, 4.072116511275855, 6.003336870064388, 24.18404947769066, 9.718020749737276, 38.85077341972757, 4.247064971779869, 16.77611732976976, 9.765858349053248, 5.712719860038229, 13.63265085424597, 6.574036003990683, 4.499509311618641, 17.77088515343239, 12.21977420583627, 4.386559398636384, 19.17358603834484]","[0.3652006211195406, 0.3859760419019019, 0.3791708906077972, 0.4327453369650653, 0.4101945948656994, 0.3695045468741209, 0.3813037734677897, 0.3574163808477328, 0.3658282160528603, 0.3939454797791791, 0.3651739989870619, 0.4598208941483769, 0.3643254688015657, 0.4147071083985416, 0.4310487790033312, 0.3577313546931069, 0.3640270565907434, 0.380001439485173, 0.3717600252454872, 0.3387309353414232, 0.4473085384988477, 0.3835644538733159, 0.4056263501753861, 0.3502400758170799, 0.3854050749445669]","[-9.54019806726973, -6.252431443677001, -13.30493155404582, -7.000603532979508, -30.55478080262735, -16.0541391421193, -11.82641235702984, -15.19347606993038, -7.474753955929365, -3.678171031496676, -5.638162871077325, -23.72422858354228, -9.35369528093571, -38.43606631132904, -3.816016192776538, -16.41838597507666, -9.401831292462505, -5.332718420553056, -13.26089082900049, -6.23530506864926, -4.052200773119793, -17.38732069955907, -11.81414785566088, -4.036319322819304, -18.78818096340027]","[0.9383095428176791, 0.9607008107218618, 0.988976582084346, 0.9098603892229924, 0.9999656427700001, 0.9983574141031801, 0.9783753632918929, 0.9976983211764439, 0.9683896533494435, 0.9382454881441665, 0.9548102893673487, 0.9980016569537278, 0.9800952982928921, 0.9999649917327033, 0.9261647121381369, 0.9855184100875851, 0.9714907977839108, 0.9581197934297206, 0.9974798330202076, 0.967771746192467, 0.9322114716067973, 0.9947637632010655, 0.980870468788406, 0.9215361431647922, 0.9899055475349308]","[0.04839964289512604, 0.02804787628806105, 0.007598630956820493, 0.07061280360538459, 3.73603531439419e-06, 0.0009250938140490726, 0.01529987190080023, 0.001358683891227991, 0.022586004500595, 0.04470366131892131, 0.03276784474252294, 0.0009226682387035164, 0.01418848895053799, 1.156279631318537e-05, 0.05379873712856897, 0.01037196652993822, 0.02053187225567535, 0.03001614730863083, 0.001407840261118539, 0.02319712370004904, 0.04920455843852722, 0.003446472592166882, 0.01326652651479149, 0.06047960612870201, 0.007090290751527903]","[0.08993497851108198, 0.0510265474783692, 0.01353907743505027, 0.1343469601333635, 6.606229690101909e-06, 0.001637302029853407, 0.02747418855643861, 0.002405747098919471, 0.04086033577964968, 0.08274581829474215, 0.05990433141657486, 0.001633005095807759, 0.0254497391632488, 2.044602894307839e-05, 0.1005378588978819, 0.01853233711566046, 0.03706630707395986, 0.05471816411796945, 0.002492908297948326, 0.04199216660886567, 0.09150805449573747, 0.006115264874676861, 0.02377379110514694, 0.113826613922183, 0.01262685988777995]"
0,0-169,FUBAR,SGMS2,SGMS2_THEROPITHECUS_GELADA_ENSTGET00000001223_ENSTGEP00000000950_CANONICAL,0.001968154587151961,"[4, 9, 10, 16, 21, 27, 39, 40, 48, 51, 64, 73, 74, 86, 92, 99, 102, 107, 108, 118, 125, 142, 145, 152, 164]","[9.90539868838927, 6.638407485578903, 13.68410244465362, 7.433348869944573, 30.96497539749305, 16.42364368899342, 12.20771613049763, 15.55089245077811, 7.840582171982225, 4.072116511275855, 6.003336870064388, 24.18404947769066, 9.718020749737276, 38.85077341972757, 4.247064971779869, 16.77611732976976, 9.765858349053248, 5.712719860038229, 13.63265085424597, 6.574036003990683, 4.499509311618641, 17.77088515343239, 12.21977420583627, 4.386559398636384, 19.17358603834484]","[0.3652006211195406, 0.3859760419019019, 0.3791708906077972, 0.4327453369650653, 0.4101945948656994, 0.3695045468741209, 0.3813037734677897, 0.3574163808477328, 0.3658282160528603, 0.3939454797791791, 0.3651739989870619, 0.4598208941483769, 0.3643254688015657, 0.4147071083985416, 0.4310487790033312, 0.3577313546931069, 0.3640270565907434, 0.380001439485173, 0.3717600252454872, 0.3387309353414232, 0.4473085384988477, 0.3835644538733159, 0.4056263501753861, 0.3502400758170799, 0.3854050749445669]","[-9.54019806726973, -6.252431443677001, -13.30493155404582, -7.000603532979508, -30.55478080262735, -16.0541391421193, -11.82641235702984, -15.19347606993038, -7.474753955929365, -3.678171031496676, -5.638162871077325, -23.72422858354228, -9.35369528093571, -38.43606631132904, -3.816016192776538, -16.41838597507666, -9.401831292462505, -5.332718420553056, -13.26089082900049, -6.23530506864926, -4.052200773119793, -17.38732069955907, -11.81414785566088, -4.036319322819304, -18.78818096340027]","[0.9383095428176791, 0.9607008107218618, 0.988976582084346, 0.9098603892229924, 0.9999656427700001, 0.9983574141031801, 0.9783753632918929, 0.9976983211764439, 0.9683896533494435, 0.9382454881441665, 0.9548102893673487, 0.9980016569537278, 0.9800952982928921, 0.9999649917327033, 0.9261647121381369, 0.9855184100875851, 0.9714907977839108, 0.9581197934297206, 0.9974798330202076, 0.967771746192467, 0.9322114716067973, 0.9947637632010655, 0.980870468788406, 0.9215361431647922, 0.9899055475349308]","[0.04839964289512604, 0.02804787628806105, 0.007598630956820493, 0.07061280360538459, 3.73603531439419e-06, 0.0009250938140490726, 0.01529987190080023, 0.001358683891227991, 0.022586004500595, 0.04470366131892131, 0.03276784474252294, 0.0009226682387035164, 0.01418848895053799, 1.156279631318537e-05, 0.05379873712856897, 0.01037196652993822, 0.02053187225567535, 0.03001614730863083, 0.001407840261118539, 0.02319712370004904, 0.04920455843852722, 0.003446472592166882, 0.01326652651479149, 0.06047960612870201, 0.007090290751527903]","[0.08993497851108198, 0.0510265474783692, 0.01353907743505027, 0.1343469601333635, 6.606229690101909e-06, 0.001637302029853407, 0.02747418855643861, 0.002405747098919471, 0.04086033577964968, 0.08274581829474215, 0.05990433141657486, 0.001633005095807759, 0.0254497391632488, 2.044602894307839e-05, 0.1005378588978819, 0.01853233711566046, 0.03706630707395986, 0.05471816411796945, 0.002492908297948326, 0.04199216660886567, 0.09150805449573747, 0.006115264874676861, 0.02377379110514694, 0.113826613922183, 0.01262685988777995]"
